#
# There is insufficient memory for the Java Runtime Environment to continue.
# Native memory allocation (mmap) failed to map 645922816 bytes. Error detail: G1 virtual space
# Possible reasons:
#   The system is out of physical RAM or swap space
#   This process is running with CompressedOops enabled, and the Java Heap may be blocking the growth of the native heap
# Possible solutions:
#   Reduce memory load on the system
#   Increase physical memory or swap space
#   Check if swap backing store is full
#   Decrease Java heap size (-Xmx/-Xms)
#   Decrease number of Java threads
#   Decrease Java thread stack sizes (-Xss)
#   Set larger code cache with -XX:ReservedCodeCacheSize=
#   JVM is running with Unscaled Compressed Oops mode in which the Java heap is
#     placed in the first 4GB address space. The Java Heap base address is the
#     maximum limit for the native heap growth. Please use -XX:HeapBaseMinAddress
#     to set the Java Heap base and to place the Java Heap above 4GB virtual address.
# This output file may be truncated or incomplete.
#
#  Out of Memory Error (os_windows.cpp:3686), pid=11664, tid=13772
#
# JRE version: OpenJDK Runtime Environment Zulu21.42+19-CA (21.0.7+6) (build 21.0.7+6-LTS)
# Java VM: OpenJDK 64-Bit Server VM Zulu21.42+19-CA (21.0.7+6-LTS, mixed mode, emulated-client, sharing, tiered, compressed oops, compressed class ptrs, g1 gc, windows-amd64)
# No core dump will be written. Minidumps are not enabled by default on client versions of Windows
#

---------------  S U M M A R Y ------------

Command Line: -Dspring.output.ansi.enabled=ALWAYS -XX:TieredStopAtLevel=1 -Dfile.encoding=UTF-8 -Duser.country=US -Duser.language=en -Duser.variant org.apache.fineract.ServerApplication

Host: 11th Gen Intel(R) Core(TM) i7-1165G7 @ 2.80GHz, 8 cores, 7G,  Windows 11 , 64 bit Build 26100 (10.0.26100.6725)
Time: Thu Oct 23 22:41:30 2025 E. Africa Standard Time elapsed time: 382.027353 seconds (0d 0h 6m 22s)

---------------  T H R E A D  ---------------

Current thread (0x000001fb77869530):  VMThread "VM Thread"          [id=13772, stack(0x000000d720500000,0x000000d720600000) (1024K)]

Stack: [0x000000d720500000,0x000000d720600000]
Native frames: (J=compiled Java code, j=interpreted, Vv=VM code, C=native code)
V  [jvm.dll+0x6fb989]
V  [jvm.dll+0x8defdf]
V  [jvm.dll+0x8e13d8]
V  [jvm.dll+0x8e1b43]
V  [jvm.dll+0x299c76]
V  [jvm.dll+0x6f80d5]
V  [jvm.dll+0x6ebfda]
V  [jvm.dll+0x374eca]
V  [jvm.dll+0x37cbd6]
V  [jvm.dll+0x3d1625]
V  [jvm.dll+0x3d18e8]
V  [jvm.dll+0x346c43]
V  [jvm.dll+0x346cd7]
V  [jvm.dll+0x38d57c]
V  [jvm.dll+0x38bd92]
V  [jvm.dll+0x3463e1]
V  [jvm.dll+0x38b44a]
V  [jvm.dll+0x8e7ac6]
V  [jvm.dll+0x8e8ee4]
V  [jvm.dll+0x8e9430]
V  [jvm.dll+0x8e96d3]
V  [jvm.dll+0x886426]
V  [jvm.dll+0x6fa044]
C  [ucrtbase.dll+0x37b0]
C  [KERNEL32.DLL+0x2e8d7]
C  [ntdll.dll+0x8c53c]

VM_Operation (0x000000d71feea630): G1CollectForAllocation, mode: safepoint, requested by thread 0x000001fb63c29210


---------------  P R O C E S S  ---------------

Threads class SMR info:
_java_thread_list=0x000001fb41a43150, length=12, elements={
0x000001fb63c29210, 0x000001fb778864a0, 0x000001fb77887b60, 0x000001fb7788db20,
0x000001fb7788e670, 0x000001fb77896f50, 0x000001fb77898ee0, 0x000001fb77899a30,
0x000001fb779662a0, 0x000001fb77971e00, 0x000001fb7f768df0, 0x000001fb7f769480
}

Java Threads: ( => current thread )
  0x000001fb63c29210 JavaThread "main"                              [_thread_blocked, id=4228, stack(0x000000d71fe00000,0x000000d71ff00000) (1024K)]
  0x000001fb778864a0 JavaThread "Reference Handler"          daemon [_thread_blocked, id=22516, stack(0x000000d720600000,0x000000d720700000) (1024K)]
  0x000001fb77887b60 JavaThread "Finalizer"                  daemon [_thread_blocked, id=7480, stack(0x000000d720700000,0x000000d720800000) (1024K)]
  0x000001fb7788db20 JavaThread "Signal Dispatcher"          daemon [_thread_blocked, id=10060, stack(0x000000d720800000,0x000000d720900000) (1024K)]
  0x000001fb7788e670 JavaThread "Attach Listener"            daemon [_thread_blocked, id=11076, stack(0x000000d720900000,0x000000d720a00000) (1024K)]
  0x000001fb77896f50 JavaThread "Service Thread"             daemon [_thread_blocked, id=15328, stack(0x000000d720a00000,0x000000d720b00000) (1024K)]
  0x000001fb77898ee0 JavaThread "Monitor Deflation Thread"   daemon [_thread_blocked, id=5336, stack(0x000000d720b00000,0x000000d720c00000) (1024K)]
  0x000001fb77899a30 JavaThread "C1 CompilerThread0"         daemon [_thread_blocked, id=22712, stack(0x000000d720c00000,0x000000d720d00000) (1024K)]
  0x000001fb779662a0 JavaThread "Notification Thread"        daemon [_thread_blocked, id=24292, stack(0x000000d720d00000,0x000000d720e00000) (1024K)]
  0x000001fb77971e00 JavaThread "Common-Cleaner"             daemon [_thread_blocked, id=24320, stack(0x000000d720e00000,0x000000d720f00000) (1024K)]
  0x000001fb7f768df0 JavaThread "mysql-cj-abandoned-connection-cleanup" daemon [_thread_blocked, id=16064, stack(0x000000d71fb00000,0x000000d71fc00000) (1024K)]
  0x000001fb7f769480 JavaThread "HikariPool-1 housekeeper"   daemon [_thread_blocked, id=20688, stack(0x000000d721600000,0x000000d721700000) (1024K)]
Total: 12

Other Threads:
=>0x000001fb77869530 VMThread "VM Thread"                           [id=13772, stack(0x000000d720500000,0x000000d720600000) (1024K)]
  0x000001fb77854900 WatcherThread "VM Periodic Task Thread"        [id=13080, stack(0x000000d720400000,0x000000d720500000) (1024K)]
  0x000001fb63c7ad10 WorkerThread "GC Thread#0"                     [id=24032, stack(0x000000d71ff00000,0x000000d720000000) (1024K)]
  0x000001fb7cb0f890 WorkerThread "GC Thread#1"                     [id=22360, stack(0x000000d720f00000,0x000000d721000000) (1024K)]
  0x000001fb7cb88830 WorkerThread "GC Thread#2"                     [id=6488, stack(0x000000d721000000,0x000000d721100000) (1024K)]
  0x000001fb7cf77b70 WorkerThread "GC Thread#3"                     [id=21684, stack(0x000000d721100000,0x000000d721200000) (1024K)]
  0x000001fb7cf77f20 WorkerThread "GC Thread#4"                     [id=2940, stack(0x000000d721200000,0x000000d721300000) (1024K)]
  0x000001fb7d15b670 WorkerThread "GC Thread#5"                     [id=17760, stack(0x000000d721300000,0x000000d721400000) (1024K)]
  0x000001fb7d15ba20 WorkerThread "GC Thread#6"                     [id=19196, stack(0x000000d721400000,0x000000d721500000) (1024K)]
  0x000001fb7d15bdd0 WorkerThread "GC Thread#7"                     [id=1916, stack(0x000000d721500000,0x000000d721600000) (1024K)]
  0x000001fb63c8e830 ConcurrentGCThread "G1 Main Marker"            [id=4796, stack(0x000000d720000000,0x000000d720100000) (1024K)]
  0x000001fb63c8f340 WorkerThread "G1 Conc#0"                       [id=23368, stack(0x000000d720100000,0x000000d720200000) (1024K)]
  0x000001fb7d26cc40 WorkerThread "G1 Conc#1"                       [id=5868, stack(0x000000d721700000,0x000000d721800000) (1024K)]
  0x000001fb777211e0 ConcurrentGCThread "G1 Refine#0"               [id=20660, stack(0x000000d720200000,0x000000d720300000) (1024K)]
  0x000001fb77722a20 ConcurrentGCThread "G1 Service"                [id=7892, stack(0x000000d720300000,0x000000d720400000) (1024K)]
Total: 15

Threads with active compile tasks:
Total: 0

VM state: at safepoint (normal execution)

VM Mutex/Monitor currently owned by a thread:  ([mutex/lock_event])
[0x00007ffd42119b28] Threads_lock - owner thread: 0x000001fb77869530
[0x00007ffd42119c28] Heap_lock - owner thread: 0x000001fb63c29210

Heap address: 0x0000000085800000, size: 1960 MB, Compressed Oops mode: 32-bit

CDS archive(s) mapped at: [0x000001fb00000000-0x000001fb00ce0000-0x000001fb00ce0000), size 13500416, SharedBaseAddress: 0x000001fb00000000, ArchiveRelocationMode: 1.
Compressed class space mapped at: 0x000001fb01000000-0x000001fb41000000, reserved size: 1073741824
Narrow klass base: 0x000001fb00000000, Narrow klass shift: 0, Narrow klass range: 0x100000000

GC Precious Log:
 CardTable entry size: 512
 Card Set container configuration: InlinePtr #cards 5 size 8 Array Of Cards #cards 10 size 36 Howl #buckets 4 coarsen threshold 1843 Howl Bitmap #cards 512 size 80 coarsen threshold 460 Card regions per heap region 1 cards per card region 2048
 CPUs: 8 total, 8 available
 Memory: 7834M
 Large Page Support: Disabled
 NUMA Support: Disabled
 Compressed Oops: Enabled (32-bit)
 Heap Region Size: 1M
 Heap Min Capacity: 8M
 Heap Initial Capacity: 124M
 Heap Max Capacity: 1960M
 Pre-touch: Disabled
 Parallel Workers: 8
 Concurrent Workers: 2
 Concurrent Refinement Workers: 8
 Periodic GC: Disabled

Heap:
 garbage-first heap   total 432128K, used 270710K [0x0000000085800000, 0x0000000100000000)
  region size 1024K, 5 young (5120K), 5 survivors (5120K)
 Metaspace       used 113680K, committed 118016K, reserved 1179648K
  class space    used 13962K, committed 15040K, reserved 1048576K

Heap Regions: E=young(eden), S=young(survivor), O=old, HS=humongous(starts), HC=humongous(continues), CS=collection set, F=free, TAMS=top-at-mark-start, PB=parsable bottom
|   0|0x0000000085800000, 0x0000000085900000, 0x0000000085900000|100%|HS|  |TAMS 0x0000000085900000| PB 0x0000000085800000| Complete 
|   1|0x0000000085900000, 0x0000000085a00000, 0x0000000085a00000|100%|HS|  |TAMS 0x0000000085a00000| PB 0x0000000085900000| Complete 
|   2|0x0000000085a00000, 0x0000000085b00000, 0x0000000085b00000|100%| O|  |TAMS 0x0000000085b00000| PB 0x0000000085a00000| Untracked 
|   3|0x0000000085b00000, 0x0000000085c00000, 0x0000000085c00000|100%| O|  |TAMS 0x0000000085c00000| PB 0x0000000085b00000| Untracked 
|   4|0x0000000085c00000, 0x0000000085d00000, 0x0000000085d00000|100%| O|  |TAMS 0x0000000085d00000| PB 0x0000000085c00000| Untracked 
|   5|0x0000000085d00000, 0x0000000085e00000, 0x0000000085e00000|100%| O|  |TAMS 0x0000000085e00000| PB 0x0000000085d00000| Untracked 
|   6|0x0000000085e00000, 0x0000000085f00000, 0x0000000085f00000|100%| O|  |TAMS 0x0000000085f00000| PB 0x0000000085e00000| Untracked 
|   7|0x0000000085f00000, 0x0000000086000000, 0x0000000086000000|100%| O|  |TAMS 0x0000000086000000| PB 0x0000000085f00000| Untracked 
|   8|0x0000000086000000, 0x0000000086100000, 0x0000000086100000|100%| O|  |TAMS 0x0000000086100000| PB 0x0000000086000000| Untracked 
|   9|0x0000000086100000, 0x0000000086200000, 0x0000000086200000|100%| O|  |TAMS 0x0000000086200000| PB 0x0000000086100000| Untracked 
|  10|0x0000000086200000, 0x0000000086300000, 0x0000000086300000|100%| O|  |TAMS 0x0000000086300000| PB 0x0000000086200000| Untracked 
|  11|0x0000000086300000, 0x0000000086400000, 0x0000000086400000|100%| O|  |TAMS 0x0000000086400000| PB 0x0000000086300000| Untracked 
|  12|0x0000000086400000, 0x0000000086500000, 0x0000000086500000|100%| O|  |TAMS 0x0000000086500000| PB 0x0000000086400000| Untracked 
|  13|0x0000000086500000, 0x0000000086600000, 0x0000000086600000|100%| O|  |TAMS 0x0000000086600000| PB 0x0000000086500000| Untracked 
|  14|0x0000000086600000, 0x0000000086700000, 0x0000000086700000|100%| O|  |TAMS 0x0000000086700000| PB 0x0000000086600000| Untracked 
|  15|0x0000000086700000, 0x0000000086800000, 0x0000000086800000|100%| O|  |TAMS 0x0000000086800000| PB 0x0000000086700000| Untracked 
|  16|0x0000000086800000, 0x0000000086900000, 0x0000000086900000|100%| O|  |TAMS 0x0000000086900000| PB 0x0000000086800000| Untracked 
|  17|0x0000000086900000, 0x0000000086a00000, 0x0000000086a00000|100%| O|  |TAMS 0x0000000086a00000| PB 0x0000000086900000| Untracked 
|  18|0x0000000086a00000, 0x0000000086b00000, 0x0000000086b00000|100%| O|  |TAMS 0x0000000086b00000| PB 0x0000000086a00000| Updating 
|  19|0x0000000086b00000, 0x0000000086c00000, 0x0000000086c00000|100%| O|  |TAMS 0x0000000086c00000| PB 0x0000000086b00000| Untracked 
|  20|0x0000000086c00000, 0x0000000086d00000, 0x0000000086d00000|100%| O|  |TAMS 0x0000000086d00000| PB 0x0000000086c00000| Updating 
|  21|0x0000000086d00000, 0x0000000086e00000, 0x0000000086e00000|100%| O|  |TAMS 0x0000000086e00000| PB 0x0000000086d00000| Updating 
|  22|0x0000000086e00000, 0x0000000086f00000, 0x0000000086f00000|100%| O|  |TAMS 0x0000000086f00000| PB 0x0000000086e00000| Untracked 
|  23|0x0000000086f00000, 0x0000000087000000, 0x0000000087000000|100%| O|  |TAMS 0x0000000087000000| PB 0x0000000086f00000| Untracked 
|  24|0x0000000087000000, 0x0000000087100000, 0x0000000087100000|100%| O|  |TAMS 0x0000000087100000| PB 0x0000000087000000| Untracked 
|  25|0x0000000087100000, 0x0000000087200000, 0x0000000087200000|100%| O|  |TAMS 0x0000000087200000| PB 0x0000000087100000| Untracked 
|  26|0x0000000087200000, 0x0000000087300000, 0x0000000087300000|100%| O|  |TAMS 0x0000000087300000| PB 0x0000000087200000| Untracked 
|  27|0x0000000087300000, 0x0000000087400000, 0x0000000087400000|100%| O|  |TAMS 0x0000000087400000| PB 0x0000000087300000| Untracked 
|  28|0x0000000087400000, 0x0000000087500000, 0x0000000087500000|100%| O|  |TAMS 0x0000000087400000| PB 0x0000000087400000| Untracked 
|  29|0x0000000087500000, 0x0000000087600000, 0x0000000087600000|100%| O|  |TAMS 0x0000000087600000| PB 0x0000000087500000| Untracked 
|  30|0x0000000087600000, 0x0000000087700000, 0x0000000087700000|100%| O|  |TAMS 0x0000000087700000| PB 0x0000000087600000| Untracked 
|  31|0x0000000087700000, 0x0000000087800000, 0x0000000087800000|100%| O|  |TAMS 0x0000000087800000| PB 0x0000000087700000| Untracked 
|  32|0x0000000087800000, 0x0000000087900000, 0x0000000087900000|100%| O|  |TAMS 0x0000000087900000| PB 0x0000000087800000| Untracked 
|  33|0x0000000087900000, 0x0000000087a00000, 0x0000000087a00000|100%| O|  |TAMS 0x0000000087a00000| PB 0x0000000087900000| Untracked 
|  34|0x0000000087a00000, 0x0000000087b00000, 0x0000000087b00000|100%| O|  |TAMS 0x0000000087b00000| PB 0x0000000087a00000| Updating 
|  35|0x0000000087b00000, 0x0000000087c00000, 0x0000000087c00000|100%| O|  |TAMS 0x0000000087c00000| PB 0x0000000087b00000| Untracked 
|  36|0x0000000087c00000, 0x0000000087d00000, 0x0000000087d00000|100%| O|  |TAMS 0x0000000087d00000| PB 0x0000000087c00000| Untracked 
|  37|0x0000000087d00000, 0x0000000087e00000, 0x0000000087e00000|100%| O|  |TAMS 0x0000000087e00000| PB 0x0000000087d00000| Updating 
|  38|0x0000000087e00000, 0x0000000087f00000, 0x0000000087f00000|100%| O|  |TAMS 0x0000000087f00000| PB 0x0000000087e00000| Untracked 
|  39|0x0000000087f00000, 0x0000000088000000, 0x0000000088000000|100%| O|  |TAMS 0x0000000088000000| PB 0x0000000087f00000| Untracked 
|  40|0x0000000088000000, 0x0000000088100000, 0x0000000088100000|100%| O|  |TAMS 0x0000000088100000| PB 0x0000000088000000| Untracked 
|  41|0x0000000088100000, 0x0000000088200000, 0x0000000088200000|100%| O|  |TAMS 0x0000000088200000| PB 0x0000000088100000| Updating 
|  42|0x0000000088200000, 0x0000000088300000, 0x0000000088300000|100%| O|  |TAMS 0x0000000088300000| PB 0x0000000088200000| Untracked 
|  43|0x0000000088300000, 0x0000000088400000, 0x0000000088400000|100%| O|  |TAMS 0x0000000088400000| PB 0x0000000088300000| Untracked 
|  44|0x0000000088400000, 0x0000000088500000, 0x0000000088500000|100%| O|  |TAMS 0x0000000088500000| PB 0x0000000088400000| Untracked 
|  45|0x0000000088500000, 0x0000000088600000, 0x0000000088600000|100%| O|  |TAMS 0x0000000088600000| PB 0x0000000088500000| Untracked 
|  46|0x0000000088600000, 0x0000000088700000, 0x0000000088700000|100%| O|  |TAMS 0x0000000088700000| PB 0x0000000088600000| Untracked 
|  47|0x0000000088700000, 0x0000000088800000, 0x0000000088800000|100%| O|  |TAMS 0x0000000088800000| PB 0x0000000088700000| Untracked 
|  48|0x0000000088800000, 0x0000000088900000, 0x0000000088900000|100%| O|  |TAMS 0x0000000088900000| PB 0x0000000088800000| Untracked 
|  49|0x0000000088900000, 0x0000000088a00000, 0x0000000088a00000|100%| O|  |TAMS 0x0000000088a00000| PB 0x0000000088900000| Untracked 
|  50|0x0000000088a00000, 0x0000000088b00000, 0x0000000088b00000|100%| O|  |TAMS 0x0000000088b00000| PB 0x0000000088a00000| Untracked 
|  51|0x0000000088b00000, 0x0000000088c00000, 0x0000000088c00000|100%| O|  |TAMS 0x0000000088c00000| PB 0x0000000088b00000| Untracked 
|  52|0x0000000088c00000, 0x0000000088d00000, 0x0000000088d00000|100%| O|  |TAMS 0x0000000088d00000| PB 0x0000000088c00000| Untracked 
|  53|0x0000000088d00000, 0x0000000088e00000, 0x0000000088e00000|100%| O|  |TAMS 0x0000000088e00000| PB 0x0000000088d00000| Untracked 
|  54|0x0000000088e00000, 0x0000000088f00000, 0x0000000088f00000|100%| O|  |TAMS 0x0000000088f00000| PB 0x0000000088e00000| Untracked 
|  55|0x0000000088f00000, 0x0000000089000000, 0x0000000089000000|100%| O|  |TAMS 0x0000000089000000| PB 0x0000000088f00000| Untracked 
|  56|0x0000000089000000, 0x0000000089100000, 0x0000000089100000|100%| O|  |TAMS 0x0000000089100000| PB 0x0000000089000000| Untracked 
|  57|0x0000000089100000, 0x0000000089200000, 0x0000000089200000|100%| O|  |TAMS 0x0000000089200000| PB 0x0000000089100000| Untracked 
|  58|0x0000000089200000, 0x0000000089300000, 0x0000000089300000|100%| O|  |TAMS 0x0000000089300000| PB 0x0000000089200000| Untracked 
|  59|0x0000000089300000, 0x0000000089400000, 0x0000000089400000|100%| O|  |TAMS 0x0000000089400000| PB 0x0000000089300000| Updating 
|  60|0x0000000089400000, 0x0000000089500000, 0x0000000089500000|100%| O|  |TAMS 0x0000000089500000| PB 0x0000000089400000| Updating 
|  61|0x0000000089500000, 0x0000000089600000, 0x0000000089600000|100%| O|  |TAMS 0x0000000089600000| PB 0x0000000089600000| Updating 
|  62|0x0000000089600000, 0x0000000089700000, 0x0000000089700000|100%| O|  |TAMS 0x0000000089700000| PB 0x0000000089700000| Updating 
|  63|0x0000000089700000, 0x0000000089800000, 0x0000000089800000|100%| O|  |TAMS 0x0000000089800000| PB 0x0000000089800000| Untracked 
|  64|0x0000000089800000, 0x0000000089900000, 0x0000000089900000|100%| O|  |TAMS 0x0000000089900000| PB 0x0000000089900000| Updating 
|  65|0x0000000089900000, 0x0000000089a00000, 0x0000000089a00000|100%| O|  |TAMS 0x0000000089a00000| PB 0x0000000089a00000| Untracked 
|  66|0x0000000089a00000, 0x0000000089b00000, 0x0000000089b00000|100%| O|  |TAMS 0x0000000089b00000| PB 0x0000000089b00000| Updating 
|  67|0x0000000089b00000, 0x0000000089c00000, 0x0000000089c00000|100%| O|  |TAMS 0x0000000089b00000| PB 0x0000000089b00000| Untracked 
|  68|0x0000000089c00000, 0x0000000089d00000, 0x0000000089d00000|100%| O|  |TAMS 0x0000000089d00000| PB 0x0000000089d00000| Updating 
|  69|0x0000000089d00000, 0x0000000089e00000, 0x0000000089e00000|100%| O|  |TAMS 0x0000000089e00000| PB 0x0000000089e00000| Untracked 
|  70|0x0000000089e00000, 0x0000000089f00000, 0x0000000089f00000|100%| O|  |TAMS 0x0000000089f00000| PB 0x0000000089f00000| Untracked 
|  71|0x0000000089f00000, 0x000000008a000000, 0x000000008a000000|100%| O|  |TAMS 0x000000008a000000| PB 0x000000008a000000| Untracked 
|  72|0x000000008a000000, 0x000000008a100000, 0x000000008a100000|100%| O|  |TAMS 0x000000008a100000| PB 0x000000008a100000| Updating 
|  73|0x000000008a100000, 0x000000008a200000, 0x000000008a200000|100%| O|  |TAMS 0x000000008a200000| PB 0x000000008a200000| Updating 
|  74|0x000000008a200000, 0x000000008a300000, 0x000000008a300000|100%| O|  |TAMS 0x000000008a300000| PB 0x000000008a300000| Updating 
|  75|0x000000008a300000, 0x000000008a400000, 0x000000008a400000|100%| O|  |TAMS 0x000000008a400000| PB 0x000000008a400000| Untracked 
|  76|0x000000008a400000, 0x000000008a500000, 0x000000008a500000|100%| O|  |TAMS 0x000000008a500000| PB 0x000000008a500000| Updating 
|  77|0x000000008a500000, 0x000000008a600000, 0x000000008a600000|100%| O|  |TAMS 0x000000008a600000| PB 0x000000008a600000| Updating 
|  78|0x000000008a600000, 0x000000008a700000, 0x000000008a700000|100%| O|  |TAMS 0x000000008a700000| PB 0x000000008a700000| Updating 
|  79|0x000000008a700000, 0x000000008a800000, 0x000000008a800000|100%| O|  |TAMS 0x000000008a800000| PB 0x000000008a800000| Updating 
|  80|0x000000008a800000, 0x000000008a900000, 0x000000008a900000|100%| O|  |TAMS 0x000000008a900000| PB 0x000000008a900000| Updating 
|  81|0x000000008a900000, 0x000000008aa00000, 0x000000008aa00000|100%| O|  |TAMS 0x000000008aa00000| PB 0x000000008aa00000| Updating 
|  82|0x000000008aa00000, 0x000000008ab00000, 0x000000008ab00000|100%| O|  |TAMS 0x000000008ab00000| PB 0x000000008ab00000| Updating 
|  83|0x000000008ab00000, 0x000000008ac00000, 0x000000008ac00000|100%| O|  |TAMS 0x000000008ac00000| PB 0x000000008ac00000| Untracked 
|  84|0x000000008ac00000, 0x000000008ad00000, 0x000000008ad00000|100%| O|  |TAMS 0x000000008ad00000| PB 0x000000008ad00000| Untracked 
|  85|0x000000008ad00000, 0x000000008ae00000, 0x000000008ae00000|100%| O|  |TAMS 0x000000008ae00000| PB 0x000000008ae00000| Untracked 
|  86|0x000000008ae00000, 0x000000008af00000, 0x000000008af00000|100%| O|  |TAMS 0x000000008af00000| PB 0x000000008af00000| Untracked 
|  87|0x000000008af00000, 0x000000008b000000, 0x000000008b000000|100%| O|  |TAMS 0x000000008b000000| PB 0x000000008b000000| Updating 
|  88|0x000000008b000000, 0x000000008b100000, 0x000000008b100000|100%| O|  |TAMS 0x000000008b100000| PB 0x000000008b100000| Updating 
|  89|0x000000008b100000, 0x000000008b200000, 0x000000008b200000|100%| O|  |TAMS 0x000000008b200000| PB 0x000000008b200000| Updating 
|  90|0x000000008b200000, 0x000000008b300000, 0x000000008b300000|100%| O|  |TAMS 0x000000008b300000| PB 0x000000008b300000| Untracked 
|  91|0x000000008b300000, 0x000000008b400000, 0x000000008b400000|100%| O|  |TAMS 0x000000008b400000| PB 0x000000008b400000| Untracked 
|  92|0x000000008b400000, 0x000000008b500000, 0x000000008b500000|100%| O|  |TAMS 0x000000008b500000| PB 0x000000008b500000| Untracked 
|  93|0x000000008b500000, 0x000000008b600000, 0x000000008b600000|100%| O|  |TAMS 0x000000008b600000| PB 0x000000008b600000| Untracked 
|  94|0x000000008b600000, 0x000000008b700000, 0x000000008b700000|100%| O|  |TAMS 0x000000008b700000| PB 0x000000008b700000| Untracked 
|  95|0x000000008b700000, 0x000000008b800000, 0x000000008b800000|100%| O|  |TAMS 0x000000008b800000| PB 0x000000008b800000| Untracked 
|  96|0x000000008b800000, 0x000000008b900000, 0x000000008b900000|100%| O|  |TAMS 0x000000008b900000| PB 0x000000008b900000| Untracked 
|  97|0x000000008b900000, 0x000000008ba00000, 0x000000008ba00000|100%| O|  |TAMS 0x000000008ba00000| PB 0x000000008ba00000| Updating 
|  98|0x000000008ba00000, 0x000000008bb00000, 0x000000008bb00000|100%| O|  |TAMS 0x000000008bb00000| PB 0x000000008bb00000| Untracked 
|  99|0x000000008bb00000, 0x000000008bc00000, 0x000000008bc00000|100%| O|  |TAMS 0x000000008bc00000| PB 0x000000008bc00000| Untracked 
| 100|0x000000008bc00000, 0x000000008bd00000, 0x000000008bd00000|100%| O|  |TAMS 0x000000008bd00000| PB 0x000000008bd00000| Updating 
| 101|0x000000008bd00000, 0x000000008be00000, 0x000000008be00000|100%| O|  |TAMS 0x000000008be00000| PB 0x000000008be00000| Updating 
| 102|0x000000008be00000, 0x000000008bf00000, 0x000000008bf00000|100%| O|  |TAMS 0x000000008bf00000| PB 0x000000008bf00000| Updating 
| 103|0x000000008bf00000, 0x000000008c000000, 0x000000008c000000|100%| O|  |TAMS 0x000000008c000000| PB 0x000000008c000000| Untracked 
| 104|0x000000008c000000, 0x000000008c100000, 0x000000008c100000|100%| O|  |TAMS 0x000000008c100000| PB 0x000000008c100000| Updating 
| 105|0x000000008c100000, 0x000000008c200000, 0x000000008c200000|100%| O|  |TAMS 0x000000008c200000| PB 0x000000008c200000| Updating 
| 106|0x000000008c200000, 0x000000008c300000, 0x000000008c300000|100%| O|  |TAMS 0x000000008c300000| PB 0x000000008c300000| Updating 
| 107|0x000000008c300000, 0x000000008c400000, 0x000000008c400000|100%| O|  |TAMS 0x000000008c400000| PB 0x000000008c400000| Updating 
| 108|0x000000008c400000, 0x000000008c500000, 0x000000008c500000|100%| O|  |TAMS 0x000000008c500000| PB 0x000000008c500000| Untracked 
| 109|0x000000008c500000, 0x000000008c600000, 0x000000008c600000|100%| O|  |TAMS 0x000000008c600000| PB 0x000000008c600000| Updating 
| 110|0x000000008c600000, 0x000000008c700000, 0x000000008c700000|100%| O|  |TAMS 0x000000008c700000| PB 0x000000008c700000| Untracked 
| 111|0x000000008c700000, 0x000000008c800000, 0x000000008c800000|100%| O|  |TAMS 0x000000008c700000| PB 0x000000008c700000| Untracked 
| 112|0x000000008c800000, 0x000000008c900000, 0x000000008c900000|100%| O|  |TAMS 0x000000008c900000| PB 0x000000008c900000| Updating 
| 113|0x000000008c900000, 0x000000008ca00000, 0x000000008ca00000|100%| O|  |TAMS 0x000000008ca00000| PB 0x000000008ca00000| Untracked 
| 114|0x000000008ca00000, 0x000000008cb00000, 0x000000008cb00000|100%| O|  |TAMS 0x000000008cb00000| PB 0x000000008cb00000| Untracked 
| 115|0x000000008cb00000, 0x000000008cc00000, 0x000000008cc00000|100%| O|  |TAMS 0x000000008cc00000| PB 0x000000008cc00000| Untracked 
| 116|0x000000008cc00000, 0x000000008cd00000, 0x000000008cd00000|100%| O|  |TAMS 0x000000008cd00000| PB 0x000000008cd00000| Untracked 
| 117|0x000000008cd00000, 0x000000008ce00000, 0x000000008ce00000|100%| O|  |TAMS 0x000000008ce00000| PB 0x000000008ce00000| Untracked 
| 118|0x000000008ce00000, 0x000000008cf00000, 0x000000008cf00000|100%| O|  |TAMS 0x000000008cf00000| PB 0x000000008cf00000| Updating 
| 119|0x000000008cf00000, 0x000000008d000000, 0x000000008d000000|100%| O|  |TAMS 0x000000008d000000| PB 0x000000008d000000| Untracked 
| 120|0x000000008d000000, 0x000000008d100000, 0x000000008d100000|100%| O|  |TAMS 0x000000008d100000| PB 0x000000008d100000| Updating 
| 121|0x000000008d100000, 0x000000008d200000, 0x000000008d200000|100%| O|  |TAMS 0x000000008d200000| PB 0x000000008d200000| Untracked 
| 122|0x000000008d200000, 0x000000008d300000, 0x000000008d300000|100%| O|  |TAMS 0x000000008d300000| PB 0x000000008d300000| Untracked 
| 123|0x000000008d300000, 0x000000008d400000, 0x000000008d400000|100%| O|  |TAMS 0x000000008d400000| PB 0x000000008d400000| Untracked 
| 124|0x000000008d400000, 0x000000008d500000, 0x000000008d500000|100%| O|  |TAMS 0x000000008d500000| PB 0x000000008d500000| Updating 
| 125|0x000000008d500000, 0x000000008d600000, 0x000000008d600000|100%| O|  |TAMS 0x000000008d600000| PB 0x000000008d600000| Untracked 
| 126|0x000000008d600000, 0x000000008d700000, 0x000000008d700000|100%| O|  |TAMS 0x000000008d700000| PB 0x000000008d700000| Untracked 
| 127|0x000000008d700000, 0x000000008d800000, 0x000000008d800000|100%| O|  |TAMS 0x000000008d800000| PB 0x000000008d800000| Untracked 
| 128|0x000000008d800000, 0x000000008d900000, 0x000000008d900000|100%| O|  |TAMS 0x000000008d900000| PB 0x000000008d900000| Untracked 
| 129|0x000000008d900000, 0x000000008da00000, 0x000000008da00000|100%| O|  |TAMS 0x000000008da00000| PB 0x000000008da00000| Untracked 
| 130|0x000000008da00000, 0x000000008db00000, 0x000000008db00000|100%| O|  |TAMS 0x000000008db00000| PB 0x000000008db00000| Untracked 
| 131|0x000000008db00000, 0x000000008dc00000, 0x000000008dc00000|100%| O|  |TAMS 0x000000008dc00000| PB 0x000000008dc00000| Untracked 
| 132|0x000000008dc00000, 0x000000008dd00000, 0x000000008dd00000|100%| O|  |TAMS 0x000000008dd00000| PB 0x000000008dd00000| Untracked 
| 133|0x000000008dd00000, 0x000000008de00000, 0x000000008de00000|100%| O|  |TAMS 0x000000008de00000| PB 0x000000008de00000| Updating 
| 134|0x000000008de00000, 0x000000008df00000, 0x000000008df00000|100%| O|  |TAMS 0x000000008df00000| PB 0x000000008df00000| Untracked 
| 135|0x000000008df00000, 0x000000008e000000, 0x000000008e000000|100%| O|  |TAMS 0x000000008e000000| PB 0x000000008e000000| Untracked 
| 136|0x000000008e000000, 0x000000008e100000, 0x000000008e100000|100%| O|  |TAMS 0x000000008e000000| PB 0x000000008e000000| Untracked 
| 137|0x000000008e100000, 0x000000008e200000, 0x000000008e200000|100%| O|  |TAMS 0x000000008e200000| PB 0x000000008e200000| Updating 
| 138|0x000000008e200000, 0x000000008e300000, 0x000000008e300000|100%| O|  |TAMS 0x000000008e300000| PB 0x000000008e300000| Untracked 
| 139|0x000000008e300000, 0x000000008e400000, 0x000000008e400000|100%| O|  |TAMS 0x000000008e400000| PB 0x000000008e400000| Untracked 
| 140|0x000000008e400000, 0x000000008e500000, 0x000000008e500000|100%| O|  |TAMS 0x000000008e500000| PB 0x000000008e500000| Untracked 
| 141|0x000000008e500000, 0x000000008e600000, 0x000000008e600000|100%| O|  |TAMS 0x000000008e600000| PB 0x000000008e600000| Untracked 
| 142|0x000000008e600000, 0x000000008e700000, 0x000000008e700000|100%| O|  |TAMS 0x000000008e700000| PB 0x000000008e700000| Untracked 
| 143|0x000000008e700000, 0x000000008e800000, 0x000000008e800000|100%| O|  |TAMS 0x000000008e800000| PB 0x000000008e800000| Untracked 
| 144|0x000000008e800000, 0x000000008e900000, 0x000000008e900000|100%| O|  |TAMS 0x000000008e900000| PB 0x000000008e900000| Untracked 
| 145|0x000000008e900000, 0x000000008ea00000, 0x000000008ea00000|100%| O|  |TAMS 0x000000008ea00000| PB 0x000000008ea00000| Untracked 
| 146|0x000000008ea00000, 0x000000008eb00000, 0x000000008eb00000|100%| O|  |TAMS 0x000000008eb00000| PB 0x000000008eb00000| Untracked 
| 147|0x000000008eb00000, 0x000000008ec00000, 0x000000008ec00000|100%| O|  |TAMS 0x000000008ec00000| PB 0x000000008ec00000| Untracked 
| 148|0x000000008ec00000, 0x000000008ed00000, 0x000000008ed00000|100%| O|  |TAMS 0x000000008ed00000| PB 0x000000008ed00000| Untracked 
| 149|0x000000008ed00000, 0x000000008ee00000, 0x000000008ee00000|100%| O|  |TAMS 0x000000008ed00000| PB 0x000000008ed00000| Untracked 
| 150|0x000000008ee00000, 0x000000008ef00000, 0x000000008ef00000|100%| O|  |TAMS 0x000000008ee00000| PB 0x000000008ee00000| Untracked 
| 151|0x000000008ef00000, 0x000000008f000000, 0x000000008f000000|100%| O|  |TAMS 0x000000008ef00000| PB 0x000000008ef00000| Untracked 
| 152|0x000000008f000000, 0x000000008f100000, 0x000000008f100000|100%| O|  |TAMS 0x000000008f100000| PB 0x000000008f100000| Untracked 
| 153|0x000000008f100000, 0x000000008f200000, 0x000000008f200000|100%| O|  |TAMS 0x000000008f200000| PB 0x000000008f200000| Untracked 
| 154|0x000000008f200000, 0x000000008f300000, 0x000000008f300000|100%| O|  |TAMS 0x000000008f300000| PB 0x000000008f300000| Untracked 
| 155|0x000000008f300000, 0x000000008f400000, 0x000000008f400000|100%| O|  |TAMS 0x000000008f400000| PB 0x000000008f400000| Untracked 
| 156|0x000000008f400000, 0x000000008f500000, 0x000000008f500000|100%| O|  |TAMS 0x000000008f500000| PB 0x000000008f500000| Untracked 
| 157|0x000000008f500000, 0x000000008f600000, 0x000000008f600000|100%| O|  |TAMS 0x000000008f600000| PB 0x000000008f600000| Untracked 
| 158|0x000000008f600000, 0x000000008f700000, 0x000000008f700000|100%| O|  |TAMS 0x000000008f700000| PB 0x000000008f700000| Untracked 
| 159|0x000000008f700000, 0x000000008f800000, 0x000000008f800000|100%| O|  |TAMS 0x000000008f800000| PB 0x000000008f800000| Untracked 
| 160|0x000000008f800000, 0x000000008f900000, 0x000000008f900000|100%| O|  |TAMS 0x000000008f900000| PB 0x000000008f900000| Untracked 
| 161|0x000000008f900000, 0x000000008fa00000, 0x000000008fa00000|100%| O|  |TAMS 0x000000008fa00000| PB 0x000000008fa00000| Untracked 
| 162|0x000000008fa00000, 0x000000008fb00000, 0x000000008fb00000|100%| O|  |TAMS 0x000000008fb00000| PB 0x000000008fb00000| Untracked 
| 163|0x000000008fb00000, 0x000000008fc00000, 0x000000008fc00000|100%| O|  |TAMS 0x000000008fc00000| PB 0x000000008fc00000| Untracked 
| 164|0x000000008fc00000, 0x000000008fd00000, 0x000000008fd00000|100%| O|  |TAMS 0x000000008fd00000| PB 0x000000008fd00000| Untracked 
| 165|0x000000008fd00000, 0x000000008fe00000, 0x000000008fe00000|100%| O|  |TAMS 0x000000008fe00000| PB 0x000000008fe00000| Untracked 
| 166|0x000000008fe00000, 0x000000008ff00000, 0x000000008ff00000|100%| O|  |TAMS 0x000000008ff00000| PB 0x000000008ff00000| Untracked 
| 167|0x000000008ff00000, 0x0000000090000000, 0x0000000090000000|100%| O|  |TAMS 0x0000000090000000| PB 0x0000000090000000| Untracked 
| 168|0x0000000090000000, 0x0000000090100000, 0x0000000090100000|100%| O|  |TAMS 0x0000000090100000| PB 0x0000000090100000| Untracked 
| 169|0x0000000090100000, 0x0000000090200000, 0x0000000090200000|100%| O|  |TAMS 0x0000000090200000| PB 0x0000000090200000| Untracked 
| 170|0x0000000090200000, 0x0000000090300000, 0x0000000090300000|100%| O|  |TAMS 0x0000000090300000| PB 0x0000000090300000| Untracked 
| 171|0x0000000090300000, 0x0000000090400000, 0x0000000090400000|100%| O|  |TAMS 0x0000000090400000| PB 0x0000000090400000| Untracked 
| 172|0x0000000090400000, 0x0000000090500000, 0x0000000090500000|100%| O|  |TAMS 0x0000000090500000| PB 0x0000000090500000| Untracked 
| 173|0x0000000090500000, 0x0000000090600000, 0x0000000090600000|100%| O|  |TAMS 0x0000000090600000| PB 0x0000000090600000| Untracked 
| 174|0x0000000090600000, 0x0000000090700000, 0x0000000090700000|100%| O|  |TAMS 0x0000000090700000| PB 0x0000000090700000| Untracked 
| 175|0x0000000090700000, 0x0000000090800000, 0x0000000090800000|100%| O|  |TAMS 0x0000000090800000| PB 0x0000000090800000| Untracked 
| 176|0x0000000090800000, 0x0000000090900000, 0x0000000090900000|100%| O|  |TAMS 0x0000000090900000| PB 0x0000000090900000| Untracked 
| 177|0x0000000090900000, 0x0000000090a00000, 0x0000000090a00000|100%| O|  |TAMS 0x0000000090a00000| PB 0x0000000090a00000| Updating 
| 178|0x0000000090a00000, 0x0000000090b00000, 0x0000000090b00000|100%| O|  |TAMS 0x0000000090b00000| PB 0x0000000090b00000| Updating 
| 179|0x0000000090b00000, 0x0000000090c00000, 0x0000000090c00000|100%| O|  |TAMS 0x0000000090c00000| PB 0x0000000090c00000| Untracked 
| 180|0x0000000090c00000, 0x0000000090d00000, 0x0000000090d00000|100%| O|  |TAMS 0x0000000090d00000| PB 0x0000000090d00000| Untracked 
| 181|0x0000000090d00000, 0x0000000090e00000, 0x0000000090e00000|100%| O|  |TAMS 0x0000000090e00000| PB 0x0000000090e00000| Untracked 
| 182|0x0000000090e00000, 0x0000000090f00000, 0x0000000090f00000|100%| O|  |TAMS 0x0000000090f00000| PB 0x0000000090f00000| Untracked 
| 183|0x0000000090f00000, 0x0000000091000000, 0x0000000091000000|100%| O|  |TAMS 0x0000000091000000| PB 0x0000000091000000| Untracked 
| 184|0x0000000091000000, 0x0000000091100000, 0x0000000091100000|100%| O|  |TAMS 0x0000000091100000| PB 0x0000000091100000| Untracked 
| 185|0x0000000091100000, 0x0000000091200000, 0x0000000091200000|100%| O|  |TAMS 0x0000000091200000| PB 0x0000000091200000| Untracked 
| 186|0x0000000091200000, 0x0000000091300000, 0x0000000091300000|100%| O|  |TAMS 0x0000000091300000| PB 0x0000000091300000| Untracked 
| 187|0x0000000091300000, 0x0000000091400000, 0x0000000091400000|100%| O|  |TAMS 0x0000000091400000| PB 0x0000000091400000| Updating 
| 188|0x0000000091400000, 0x0000000091500000, 0x0000000091500000|100%| O|  |TAMS 0x0000000091500000| PB 0x0000000091500000| Updating 
| 189|0x0000000091500000, 0x0000000091600000, 0x0000000091600000|100%| O|  |TAMS 0x0000000091600000| PB 0x0000000091600000| Updating 
| 190|0x0000000091600000, 0x0000000091700000, 0x0000000091700000|100%|HS|  |TAMS 0x0000000091700000| PB 0x0000000091600000| Complete 
| 191|0x0000000091700000, 0x0000000091800000, 0x0000000091800000|100%|HC|  |TAMS 0x0000000091800000| PB 0x0000000091700000| Complete 
| 192|0x0000000091800000, 0x0000000091900000, 0x0000000091900000|100%|HC|  |TAMS 0x0000000091900000| PB 0x0000000091800000| Complete 
| 193|0x0000000091900000, 0x0000000091a00000, 0x0000000091a00000|100%| O|  |TAMS 0x0000000091a00000| PB 0x0000000091a00000| Untracked 
| 194|0x0000000091a00000, 0x0000000091b00000, 0x0000000091b00000|100%| O|  |TAMS 0x0000000091b00000| PB 0x0000000091b00000| Untracked 
| 195|0x0000000091b00000, 0x0000000091c00000, 0x0000000091c00000|100%| O|  |TAMS 0x0000000091c00000| PB 0x0000000091c00000| Untracked 
| 196|0x0000000091c00000, 0x0000000091d00000, 0x0000000091d00000|100%| O|  |TAMS 0x0000000091d00000| PB 0x0000000091d00000| Untracked 
| 197|0x0000000091d00000, 0x0000000091e00000, 0x0000000091e00000|100%| O|  |TAMS 0x0000000091e00000| PB 0x0000000091e00000| Untracked 
| 198|0x0000000091e00000, 0x0000000091f00000, 0x0000000091f00000|100%| O|  |TAMS 0x0000000091f00000| PB 0x0000000091f00000| Untracked 
| 199|0x0000000091f00000, 0x0000000092000000, 0x0000000092000000|100%| O|  |TAMS 0x0000000092000000| PB 0x0000000092000000| Untracked 
| 200|0x0000000092000000, 0x0000000092100000, 0x0000000092100000|100%| O|  |TAMS 0x0000000092100000| PB 0x0000000092100000| Untracked 
| 201|0x0000000092100000, 0x0000000092200000, 0x0000000092200000|100%| O|  |TAMS 0x0000000092100000| PB 0x0000000092100000| Untracked 
| 202|0x0000000092200000, 0x0000000092300000, 0x0000000092300000|100%| O|  |TAMS 0x0000000092200000| PB 0x0000000092200000| Untracked 
| 203|0x0000000092300000, 0x0000000092400000, 0x0000000092400000|100%| O|  |TAMS 0x0000000092300000| PB 0x0000000092300000| Untracked 
| 204|0x0000000092400000, 0x0000000092500000, 0x0000000092500000|100%| O|  |TAMS 0x0000000092400000| PB 0x0000000092400000| Untracked 
| 205|0x0000000092500000, 0x0000000092600000, 0x0000000092600000|100%| O|  |TAMS 0x0000000092500000| PB 0x0000000092500000| Untracked 
| 206|0x0000000092600000, 0x0000000092700000, 0x0000000092700000|100%| O|  |TAMS 0x0000000092600000| PB 0x0000000092600000| Untracked 
| 207|0x0000000092700000, 0x0000000092800000, 0x0000000092800000|100%| O|  |TAMS 0x0000000092700000| PB 0x0000000092700000| Untracked 
| 208|0x0000000092800000, 0x0000000092900000, 0x0000000092900000|100%| O|  |TAMS 0x0000000092800000| PB 0x0000000092800000| Untracked 
| 209|0x0000000092900000, 0x0000000092a00000, 0x0000000092a00000|100%| O|  |TAMS 0x0000000092900000| PB 0x0000000092900000| Untracked 
| 210|0x0000000092a00000, 0x0000000092b00000, 0x0000000092b00000|100%| O|  |TAMS 0x0000000092a00000| PB 0x0000000092a00000| Untracked 
| 211|0x0000000092b00000, 0x0000000092c00000, 0x0000000092c00000|100%| O|  |TAMS 0x0000000092b00000| PB 0x0000000092b00000| Untracked 
| 212|0x0000000092c00000, 0x0000000092d00000, 0x0000000092d00000|100%| O|  |TAMS 0x0000000092c00000| PB 0x0000000092c00000| Untracked 
| 213|0x0000000092d00000, 0x0000000092e00000, 0x0000000092e00000|100%| O|  |TAMS 0x0000000092d00000| PB 0x0000000092d00000| Untracked 
| 214|0x0000000092e00000, 0x0000000092f00000, 0x0000000092f00000|100%| O|  |TAMS 0x0000000092f00000| PB 0x0000000092f00000| Untracked 
| 215|0x0000000092f00000, 0x0000000093000000, 0x0000000093000000|100%| O|  |TAMS 0x0000000093000000| PB 0x0000000093000000| Untracked 
| 216|0x0000000093000000, 0x0000000093100000, 0x0000000093100000|100%| O|  |TAMS 0x0000000093100000| PB 0x0000000093100000| Untracked 
| 217|0x0000000093100000, 0x0000000093200000, 0x0000000093200000|100%| O|  |TAMS 0x0000000093200000| PB 0x0000000093200000| Untracked 
| 218|0x0000000093200000, 0x0000000093300000, 0x0000000093300000|100%| O|  |TAMS 0x0000000093300000| PB 0x0000000093300000| Untracked 
| 219|0x0000000093300000, 0x0000000093400000, 0x0000000093400000|100%| O|  |TAMS 0x0000000093400000| PB 0x0000000093400000| Untracked 
| 220|0x0000000093400000, 0x0000000093500000, 0x0000000093500000|100%| O|  |TAMS 0x0000000093500000| PB 0x0000000093500000| Untracked 
| 221|0x0000000093500000, 0x0000000093600000, 0x0000000093600000|100%| O|  |TAMS 0x0000000093600000| PB 0x0000000093600000| Untracked 
| 222|0x0000000093600000, 0x0000000093700000, 0x0000000093700000|100%| O|  |TAMS 0x0000000093700000| PB 0x0000000093700000| Untracked 
| 223|0x0000000093700000, 0x0000000093800000, 0x0000000093800000|100%| O|  |TAMS 0x0000000093800000| PB 0x0000000093800000| Untracked 
| 224|0x0000000093800000, 0x0000000093900000, 0x0000000093900000|100%| O|  |TAMS 0x0000000093900000| PB 0x0000000093900000| Untracked 
| 225|0x0000000093900000, 0x0000000093a00000, 0x0000000093a00000|100%| O|  |TAMS 0x0000000093a00000| PB 0x0000000093a00000| Untracked 
| 226|0x0000000093a00000, 0x0000000093b00000, 0x0000000093b00000|100%| O|  |TAMS 0x0000000093b00000| PB 0x0000000093b00000| Untracked 
| 227|0x0000000093b00000, 0x0000000093c00000, 0x0000000093c00000|100%| O|  |TAMS 0x0000000093c00000| PB 0x0000000093c00000| Untracked 
| 228|0x0000000093c00000, 0x0000000093d00000, 0x0000000093d00000|100%| O|  |TAMS 0x0000000093d00000| PB 0x0000000093d00000| Untracked 
| 229|0x0000000093d00000, 0x0000000093e00000, 0x0000000093e00000|100%| O|  |TAMS 0x0000000093e00000| PB 0x0000000093e00000| Untracked 
| 230|0x0000000093e00000, 0x0000000093f00000, 0x0000000093f00000|100%| O|  |TAMS 0x0000000093f00000| PB 0x0000000093f00000| Untracked 
| 231|0x0000000093f00000, 0x0000000094000000, 0x0000000094000000|100%| O|  |TAMS 0x0000000094000000| PB 0x0000000094000000| Untracked 
| 232|0x0000000094000000, 0x0000000094100000, 0x0000000094100000|100%| O|  |TAMS 0x0000000094100000| PB 0x0000000094100000| Updating 
| 233|0x0000000094100000, 0x0000000094200000, 0x0000000094200000|100%| O|  |TAMS 0x0000000094200000| PB 0x0000000094200000| Untracked 
| 234|0x0000000094200000, 0x0000000094300000, 0x0000000094300000|100%| O|  |TAMS 0x0000000094300000| PB 0x0000000094300000| Updating 
| 235|0x0000000094300000, 0x0000000094400000, 0x0000000094400000|100%| O|  |TAMS 0x0000000094400000| PB 0x0000000094400000| Updating 
| 236|0x0000000094400000, 0x0000000094500000, 0x0000000094500000|100%| O|  |TAMS 0x0000000094480000| PB 0x0000000094480000| Updating 
| 237|0x0000000094500000, 0x0000000094600000, 0x0000000094600000|100%| O|  |TAMS 0x0000000094500000| PB 0x0000000094500000| Untracked 
| 238|0x0000000094600000, 0x0000000094700000, 0x0000000094700000|100%| O|  |TAMS 0x0000000094600000| PB 0x0000000094600000| Untracked 
| 239|0x0000000094700000, 0x0000000094800000, 0x0000000094800000|100%| O|  |TAMS 0x0000000094700000| PB 0x0000000094700000| Untracked 
| 240|0x0000000094800000, 0x0000000094900000, 0x0000000094900000|100%| O|  |TAMS 0x0000000094800000| PB 0x0000000094800000| Untracked 
| 241|0x0000000094900000, 0x0000000094a00000, 0x0000000094a00000|100%| O|  |TAMS 0x0000000094900000| PB 0x0000000094900000| Untracked 
| 242|0x0000000094a00000, 0x0000000094b00000, 0x0000000094b00000|100%| O|  |TAMS 0x0000000094a00000| PB 0x0000000094a00000| Untracked 
| 243|0x0000000094b00000, 0x0000000094c00000, 0x0000000094c00000|100%| O|  |TAMS 0x0000000094b00000| PB 0x0000000094b00000| Untracked 
| 244|0x0000000094c00000, 0x0000000094d00000, 0x0000000094d00000|100%| O|  |TAMS 0x0000000094c00000| PB 0x0000000094c00000| Untracked 
| 245|0x0000000094d00000, 0x0000000094e00000, 0x0000000094e00000|100%| O|  |TAMS 0x0000000094d00000| PB 0x0000000094d00000| Untracked 
| 246|0x0000000094e00000, 0x0000000094f00000, 0x0000000094f00000|100%| O|  |TAMS 0x0000000094e00000| PB 0x0000000094e00000| Untracked 
| 247|0x0000000094f00000, 0x0000000095000000, 0x0000000095000000|100%| O|  |TAMS 0x0000000094f00000| PB 0x0000000094f00000| Untracked 
| 248|0x0000000095000000, 0x0000000095100000, 0x0000000095100000|100%| O|  |TAMS 0x0000000095000000| PB 0x0000000095000000| Untracked 
| 249|0x0000000095100000, 0x0000000095200000, 0x0000000095200000|100%| O|  |TAMS 0x0000000095100000| PB 0x0000000095100000| Updating 
| 250|0x0000000095200000, 0x0000000095300000, 0x0000000095300000|100%| O|  |TAMS 0x0000000095200000| PB 0x0000000095200000| Untracked 
| 251|0x0000000095300000, 0x0000000095400000, 0x0000000095400000|100%| O|  |TAMS 0x0000000095300000| PB 0x0000000095300000| Untracked 
| 252|0x0000000095400000, 0x0000000095500000, 0x0000000095500000|100%| O|  |TAMS 0x0000000095400000| PB 0x0000000095400000| Untracked 
| 253|0x0000000095500000, 0x0000000095600000, 0x0000000095600000|100%| O|  |TAMS 0x0000000095500000| PB 0x0000000095500000| Untracked 
| 254|0x0000000095600000, 0x0000000095700000, 0x0000000095700000|100%| O|  |TAMS 0x0000000095600000| PB 0x0000000095600000| Untracked 
| 255|0x0000000095700000, 0x0000000095800000, 0x0000000095800000|100%| O|  |TAMS 0x0000000095700000| PB 0x0000000095700000| Untracked 
| 256|0x0000000095800000, 0x0000000095900000, 0x0000000095900000|100%| O|  |TAMS 0x0000000095800000| PB 0x0000000095800000| Untracked 
| 257|0x0000000095900000, 0x0000000095a00000, 0x0000000095a00000|100%| O|  |TAMS 0x0000000095900000| PB 0x0000000095900000| Untracked 
| 258|0x0000000095a00000, 0x0000000095b00000, 0x0000000095b00000|100%| O|  |TAMS 0x0000000095a00000| PB 0x0000000095a00000| Untracked 
| 259|0x0000000095b00000, 0x0000000095b5d838, 0x0000000095c00000| 36%| O|  |TAMS 0x0000000095b00000| PB 0x0000000095b00000| Untracked 
| 260|0x0000000095c00000, 0x0000000095c00000, 0x0000000095d00000|  0%| F|  |TAMS 0x0000000095c00000| PB 0x0000000095c00000| Untracked 
| 261|0x0000000095d00000, 0x0000000095d00000, 0x0000000095e00000|  0%| F|  |TAMS 0x0000000095d00000| PB 0x0000000095d00000| Untracked 
| 262|0x0000000095e00000, 0x0000000095e00000, 0x0000000095f00000|  0%| F|  |TAMS 0x0000000095e00000| PB 0x0000000095e00000| Untracked 
| 263|0x0000000095f00000, 0x0000000095f00000, 0x0000000096000000|  0%| F|  |TAMS 0x0000000095f00000| PB 0x0000000095f00000| Untracked 
| 264|0x0000000096000000, 0x0000000096000000, 0x0000000096100000|  0%| F|  |TAMS 0x0000000096000000| PB 0x0000000096000000| Untracked 
| 265|0x0000000096100000, 0x0000000096100000, 0x0000000096200000|  0%| F|  |TAMS 0x0000000096100000| PB 0x0000000096100000| Untracked 
| 266|0x0000000096200000, 0x0000000096200000, 0x0000000096300000|  0%| F|  |TAMS 0x0000000096200000| PB 0x0000000096200000| Untracked 
| 267|0x0000000096300000, 0x0000000096300000, 0x0000000096400000|  0%| F|  |TAMS 0x0000000096300000| PB 0x0000000096300000| Untracked 
| 268|0x0000000096400000, 0x0000000096400000, 0x0000000096500000|  0%| F|  |TAMS 0x0000000096400000| PB 0x0000000096400000| Untracked 
| 269|0x0000000096500000, 0x0000000096500000, 0x0000000096600000|  0%| F|  |TAMS 0x0000000096500000| PB 0x0000000096500000| Untracked 
| 270|0x0000000096600000, 0x0000000096600000, 0x0000000096700000|  0%| F|  |TAMS 0x0000000096600000| PB 0x0000000096600000| Untracked 
| 271|0x0000000096700000, 0x0000000096700000, 0x0000000096800000|  0%| F|  |TAMS 0x0000000096700000| PB 0x0000000096700000| Untracked 
| 272|0x0000000096800000, 0x0000000096800000, 0x0000000096900000|  0%| F|  |TAMS 0x0000000096800000| PB 0x0000000096800000| Untracked 
| 273|0x0000000096900000, 0x0000000096900000, 0x0000000096a00000|  0%| F|  |TAMS 0x0000000096900000| PB 0x0000000096900000| Untracked 
| 274|0x0000000096a00000, 0x0000000096a00000, 0x0000000096b00000|  0%| F|  |TAMS 0x0000000096a00000| PB 0x0000000096a00000| Untracked 
| 275|0x0000000096b00000, 0x0000000096b00000, 0x0000000096c00000|  0%| F|  |TAMS 0x0000000096b00000| PB 0x0000000096b00000| Untracked 
| 276|0x0000000096c00000, 0x0000000096c00000, 0x0000000096d00000|  0%| F|  |TAMS 0x0000000096c00000| PB 0x0000000096c00000| Untracked 
| 277|0x0000000096d00000, 0x0000000096d00000, 0x0000000096e00000|  0%| F|  |TAMS 0x0000000096d00000| PB 0x0000000096d00000| Untracked 
| 278|0x0000000096e00000, 0x0000000096e00000, 0x0000000096f00000|  0%| F|  |TAMS 0x0000000096e00000| PB 0x0000000096e00000| Untracked 
| 279|0x0000000096f00000, 0x0000000096f00000, 0x0000000097000000|  0%| F|  |TAMS 0x0000000096f00000| PB 0x0000000096f00000| Untracked 
| 280|0x0000000097000000, 0x0000000097000000, 0x0000000097100000|  0%| F|  |TAMS 0x0000000097000000| PB 0x0000000097000000| Untracked 
| 281|0x0000000097100000, 0x0000000097100000, 0x0000000097200000|  0%| F|  |TAMS 0x0000000097100000| PB 0x0000000097100000| Untracked 
| 282|0x0000000097200000, 0x0000000097200000, 0x0000000097300000|  0%| F|  |TAMS 0x0000000097200000| PB 0x0000000097200000| Untracked 
| 283|0x0000000097300000, 0x0000000097300000, 0x0000000097400000|  0%| F|  |TAMS 0x0000000097300000| PB 0x0000000097300000| Untracked 
| 284|0x0000000097400000, 0x0000000097400000, 0x0000000097500000|  0%| F|  |TAMS 0x0000000097400000| PB 0x0000000097400000| Untracked 
| 285|0x0000000097500000, 0x0000000097500000, 0x0000000097600000|  0%| F|  |TAMS 0x0000000097500000| PB 0x0000000097500000| Untracked 
| 286|0x0000000097600000, 0x0000000097600000, 0x0000000097700000|  0%| F|  |TAMS 0x0000000097600000| PB 0x0000000097600000| Untracked 
| 287|0x0000000097700000, 0x0000000097700000, 0x0000000097800000|  0%| F|  |TAMS 0x0000000097700000| PB 0x0000000097700000| Untracked 
| 288|0x0000000097800000, 0x0000000097800000, 0x0000000097900000|  0%| F|  |TAMS 0x0000000097800000| PB 0x0000000097800000| Untracked 
| 289|0x0000000097900000, 0x0000000097900000, 0x0000000097a00000|  0%| F|  |TAMS 0x0000000097900000| PB 0x0000000097900000| Untracked 
| 290|0x0000000097a00000, 0x0000000097a00000, 0x0000000097b00000|  0%| F|  |TAMS 0x0000000097a00000| PB 0x0000000097a00000| Untracked 
| 291|0x0000000097b00000, 0x0000000097b00000, 0x0000000097c00000|  0%| F|  |TAMS 0x0000000097b00000| PB 0x0000000097b00000| Untracked 
| 292|0x0000000097c00000, 0x0000000097c00000, 0x0000000097d00000|  0%| F|  |TAMS 0x0000000097c00000| PB 0x0000000097c00000| Untracked 
| 293|0x0000000097d00000, 0x0000000097d00000, 0x0000000097e00000|  0%| F|  |TAMS 0x0000000097d00000| PB 0x0000000097d00000| Untracked 
| 294|0x0000000097e00000, 0x0000000097e00000, 0x0000000097f00000|  0%| F|  |TAMS 0x0000000097e00000| PB 0x0000000097e00000| Untracked 
| 295|0x0000000097f00000, 0x0000000097f00000, 0x0000000098000000|  0%| F|  |TAMS 0x0000000097f00000| PB 0x0000000097f00000| Untracked 
| 296|0x0000000098000000, 0x0000000098000000, 0x0000000098100000|  0%| F|  |TAMS 0x0000000098000000| PB 0x0000000098000000| Untracked 
| 297|0x0000000098100000, 0x0000000098100000, 0x0000000098200000|  0%| F|  |TAMS 0x0000000098100000| PB 0x0000000098100000| Untracked 
| 298|0x0000000098200000, 0x0000000098200000, 0x0000000098300000|  0%| F|  |TAMS 0x0000000098200000| PB 0x0000000098200000| Untracked 
| 299|0x0000000098300000, 0x0000000098300000, 0x0000000098400000|  0%| F|  |TAMS 0x0000000098300000| PB 0x0000000098300000| Untracked 
| 300|0x0000000098400000, 0x0000000098400000, 0x0000000098500000|  0%| F|  |TAMS 0x0000000098400000| PB 0x0000000098400000| Untracked 
| 301|0x0000000098500000, 0x0000000098500000, 0x0000000098600000|  0%| F|  |TAMS 0x0000000098500000| PB 0x0000000098500000| Untracked 
| 302|0x0000000098600000, 0x0000000098600000, 0x0000000098700000|  0%| F|  |TAMS 0x0000000098600000| PB 0x0000000098600000| Untracked 
| 303|0x0000000098700000, 0x0000000098700000, 0x0000000098800000|  0%| F|  |TAMS 0x0000000098700000| PB 0x0000000098700000| Untracked 
| 304|0x0000000098800000, 0x0000000098800000, 0x0000000098900000|  0%| F|  |TAMS 0x0000000098800000| PB 0x0000000098800000| Untracked 
| 305|0x0000000098900000, 0x0000000098900000, 0x0000000098a00000|  0%| F|  |TAMS 0x0000000098900000| PB 0x0000000098900000| Untracked 
| 306|0x0000000098a00000, 0x0000000098a00000, 0x0000000098b00000|  0%| F|  |TAMS 0x0000000098a00000| PB 0x0000000098a00000| Untracked 
| 307|0x0000000098b00000, 0x0000000098b00000, 0x0000000098c00000|  0%| F|  |TAMS 0x0000000098b00000| PB 0x0000000098b00000| Untracked 
| 308|0x0000000098c00000, 0x0000000098c00000, 0x0000000098d00000|  0%| F|  |TAMS 0x0000000098c00000| PB 0x0000000098c00000| Untracked 
| 309|0x0000000098d00000, 0x0000000098d00000, 0x0000000098e00000|  0%| F|  |TAMS 0x0000000098d00000| PB 0x0000000098d00000| Untracked 
| 310|0x0000000098e00000, 0x0000000098e00000, 0x0000000098f00000|  0%| F|  |TAMS 0x0000000098e00000| PB 0x0000000098e00000| Untracked 
| 311|0x0000000098f00000, 0x0000000098f00000, 0x0000000099000000|  0%| F|  |TAMS 0x0000000098f00000| PB 0x0000000098f00000| Untracked 
| 312|0x0000000099000000, 0x0000000099000000, 0x0000000099100000|  0%| F|  |TAMS 0x0000000099000000| PB 0x0000000099000000| Untracked 
| 313|0x0000000099100000, 0x0000000099100000, 0x0000000099200000|  0%| F|  |TAMS 0x0000000099100000| PB 0x0000000099100000| Untracked 
| 314|0x0000000099200000, 0x0000000099200000, 0x0000000099300000|  0%| F|  |TAMS 0x0000000099200000| PB 0x0000000099200000| Untracked 
| 315|0x0000000099300000, 0x0000000099300000, 0x0000000099400000|  0%| F|  |TAMS 0x0000000099300000| PB 0x0000000099300000| Untracked 
| 316|0x0000000099400000, 0x0000000099400000, 0x0000000099500000|  0%| F|  |TAMS 0x0000000099400000| PB 0x0000000099400000| Untracked 
| 317|0x0000000099500000, 0x0000000099500000, 0x0000000099600000|  0%| F|  |TAMS 0x0000000099500000| PB 0x0000000099500000| Untracked 
| 318|0x0000000099600000, 0x0000000099600000, 0x0000000099700000|  0%| F|  |TAMS 0x0000000099600000| PB 0x0000000099600000| Untracked 
| 319|0x0000000099700000, 0x0000000099700000, 0x0000000099800000|  0%| F|  |TAMS 0x0000000099700000| PB 0x0000000099700000| Untracked 
| 320|0x0000000099800000, 0x0000000099800000, 0x0000000099900000|  0%| F|  |TAMS 0x0000000099800000| PB 0x0000000099800000| Untracked 
| 321|0x0000000099900000, 0x0000000099900000, 0x0000000099a00000|  0%| F|  |TAMS 0x0000000099900000| PB 0x0000000099900000| Untracked 
| 322|0x0000000099a00000, 0x0000000099a00000, 0x0000000099b00000|  0%| F|  |TAMS 0x0000000099a00000| PB 0x0000000099a00000| Untracked 
| 323|0x0000000099b00000, 0x0000000099b00000, 0x0000000099c00000|  0%| F|  |TAMS 0x0000000099b00000| PB 0x0000000099b00000| Untracked 
| 324|0x0000000099c00000, 0x0000000099c00000, 0x0000000099d00000|  0%| F|  |TAMS 0x0000000099c00000| PB 0x0000000099c00000| Untracked 
| 325|0x0000000099d00000, 0x0000000099d00000, 0x0000000099e00000|  0%| F|  |TAMS 0x0000000099d00000| PB 0x0000000099d00000| Untracked 
| 326|0x0000000099e00000, 0x0000000099e00000, 0x0000000099f00000|  0%| F|  |TAMS 0x0000000099e00000| PB 0x0000000099e00000| Untracked 
| 327|0x0000000099f00000, 0x0000000099f00000, 0x000000009a000000|  0%| F|  |TAMS 0x0000000099f00000| PB 0x0000000099f00000| Untracked 
| 328|0x000000009a000000, 0x000000009a000000, 0x000000009a100000|  0%| F|  |TAMS 0x000000009a000000| PB 0x000000009a000000| Untracked 
| 329|0x000000009a100000, 0x000000009a100000, 0x000000009a200000|  0%| F|  |TAMS 0x000000009a100000| PB 0x000000009a100000| Untracked 
| 330|0x000000009a200000, 0x000000009a200000, 0x000000009a300000|  0%| F|  |TAMS 0x000000009a200000| PB 0x000000009a200000| Untracked 
| 331|0x000000009a300000, 0x000000009a300000, 0x000000009a400000|  0%| F|  |TAMS 0x000000009a300000| PB 0x000000009a300000| Untracked 
| 332|0x000000009a400000, 0x000000009a400000, 0x000000009a500000|  0%| F|  |TAMS 0x000000009a400000| PB 0x000000009a400000| Untracked 
| 333|0x000000009a500000, 0x000000009a500000, 0x000000009a600000|  0%| F|  |TAMS 0x000000009a500000| PB 0x000000009a500000| Untracked 
| 334|0x000000009a600000, 0x000000009a600000, 0x000000009a700000|  0%| F|  |TAMS 0x000000009a600000| PB 0x000000009a600000| Untracked 
| 335|0x000000009a700000, 0x000000009a700000, 0x000000009a800000|  0%| F|  |TAMS 0x000000009a700000| PB 0x000000009a700000| Untracked 
| 336|0x000000009a800000, 0x000000009a800000, 0x000000009a900000|  0%| F|  |TAMS 0x000000009a800000| PB 0x000000009a800000| Untracked 
| 337|0x000000009a900000, 0x000000009a900000, 0x000000009aa00000|  0%| F|  |TAMS 0x000000009a900000| PB 0x000000009a900000| Untracked 
| 338|0x000000009aa00000, 0x000000009aa00000, 0x000000009ab00000|  0%| F|  |TAMS 0x000000009aa00000| PB 0x000000009aa00000| Untracked 
| 339|0x000000009ab00000, 0x000000009ab00000, 0x000000009ac00000|  0%| F|  |TAMS 0x000000009ab00000| PB 0x000000009ab00000| Untracked 
| 340|0x000000009ac00000, 0x000000009ac00000, 0x000000009ad00000|  0%| F|  |TAMS 0x000000009ac00000| PB 0x000000009ac00000| Untracked 
| 341|0x000000009ad00000, 0x000000009ad00000, 0x000000009ae00000|  0%| F|  |TAMS 0x000000009ad00000| PB 0x000000009ad00000| Untracked 
| 342|0x000000009ae00000, 0x000000009ae00000, 0x000000009af00000|  0%| F|  |TAMS 0x000000009ae00000| PB 0x000000009ae00000| Untracked 
| 343|0x000000009af00000, 0x000000009af00000, 0x000000009b000000|  0%| F|  |TAMS 0x000000009af00000| PB 0x000000009af00000| Untracked 
| 344|0x000000009b000000, 0x000000009b000000, 0x000000009b100000|  0%| F|  |TAMS 0x000000009b000000| PB 0x000000009b000000| Untracked 
| 345|0x000000009b100000, 0x000000009b100000, 0x000000009b200000|  0%| F|  |TAMS 0x000000009b100000| PB 0x000000009b100000| Untracked 
| 346|0x000000009b200000, 0x000000009b200000, 0x000000009b300000|  0%| F|  |TAMS 0x000000009b200000| PB 0x000000009b200000| Untracked 
| 347|0x000000009b300000, 0x000000009b300000, 0x000000009b400000|  0%| F|  |TAMS 0x000000009b300000| PB 0x000000009b300000| Untracked 
| 348|0x000000009b400000, 0x000000009b400000, 0x000000009b500000|  0%| F|  |TAMS 0x000000009b400000| PB 0x000000009b400000| Untracked 
| 349|0x000000009b500000, 0x000000009b500000, 0x000000009b600000|  0%| F|  |TAMS 0x000000009b500000| PB 0x000000009b500000| Untracked 
| 350|0x000000009b600000, 0x000000009b600000, 0x000000009b700000|  0%| F|  |TAMS 0x000000009b600000| PB 0x000000009b600000| Untracked 
| 351|0x000000009b700000, 0x000000009b700000, 0x000000009b800000|  0%| F|  |TAMS 0x000000009b700000| PB 0x000000009b700000| Untracked 
| 352|0x000000009b800000, 0x000000009b800000, 0x000000009b900000|  0%| F|  |TAMS 0x000000009b800000| PB 0x000000009b800000| Untracked 
| 353|0x000000009b900000, 0x000000009b900000, 0x000000009ba00000|  0%| F|  |TAMS 0x000000009b900000| PB 0x000000009b900000| Untracked 
| 354|0x000000009ba00000, 0x000000009ba00000, 0x000000009bb00000|  0%| F|  |TAMS 0x000000009ba00000| PB 0x000000009ba00000| Untracked 
| 355|0x000000009bb00000, 0x000000009bb00000, 0x000000009bc00000|  0%| F|  |TAMS 0x000000009bb00000| PB 0x000000009bb00000| Untracked 
| 356|0x000000009bc00000, 0x000000009bc00000, 0x000000009bd00000|  0%| F|  |TAMS 0x000000009bc00000| PB 0x000000009bc00000| Untracked 
| 357|0x000000009bd00000, 0x000000009bd00000, 0x000000009be00000|  0%| F|  |TAMS 0x000000009bd00000| PB 0x000000009bd00000| Untracked 
| 358|0x000000009be00000, 0x000000009be00000, 0x000000009bf00000|  0%| F|  |TAMS 0x000000009be00000| PB 0x000000009be00000| Untracked 
| 359|0x000000009bf00000, 0x000000009bf00000, 0x000000009c000000|  0%| F|  |TAMS 0x000000009bf00000| PB 0x000000009bf00000| Untracked 
| 360|0x000000009c000000, 0x000000009c000000, 0x000000009c100000|  0%| F|  |TAMS 0x000000009c000000| PB 0x000000009c000000| Untracked 
| 361|0x000000009c100000, 0x000000009c100000, 0x000000009c200000|  0%| F|  |TAMS 0x000000009c100000| PB 0x000000009c100000| Untracked 
| 362|0x000000009c200000, 0x000000009c200000, 0x000000009c300000|  0%| F|  |TAMS 0x000000009c200000| PB 0x000000009c200000| Untracked 
| 363|0x000000009c300000, 0x000000009c300000, 0x000000009c400000|  0%| F|  |TAMS 0x000000009c300000| PB 0x000000009c300000| Untracked 
| 364|0x000000009c400000, 0x000000009c400000, 0x000000009c500000|  0%| F|  |TAMS 0x000000009c400000| PB 0x000000009c400000| Untracked 
| 365|0x000000009c500000, 0x000000009c500000, 0x000000009c600000|  0%| F|  |TAMS 0x000000009c500000| PB 0x000000009c500000| Untracked 
| 366|0x000000009c600000, 0x000000009c600000, 0x000000009c700000|  0%| F|  |TAMS 0x000000009c600000| PB 0x000000009c600000| Untracked 
| 367|0x000000009c700000, 0x000000009c700000, 0x000000009c800000|  0%| F|  |TAMS 0x000000009c700000| PB 0x000000009c700000| Untracked 
| 368|0x000000009c800000, 0x000000009c800000, 0x000000009c900000|  0%| F|  |TAMS 0x000000009c800000| PB 0x000000009c800000| Untracked 
| 369|0x000000009c900000, 0x000000009c900000, 0x000000009ca00000|  0%| F|  |TAMS 0x000000009c900000| PB 0x000000009c900000| Untracked 
| 370|0x000000009ca00000, 0x000000009ca00000, 0x000000009cb00000|  0%| F|  |TAMS 0x000000009ca00000| PB 0x000000009ca00000| Untracked 
| 371|0x000000009cb00000, 0x000000009cb00000, 0x000000009cc00000|  0%| F|  |TAMS 0x000000009cb00000| PB 0x000000009cb00000| Untracked 
| 372|0x000000009cc00000, 0x000000009cc00000, 0x000000009cd00000|  0%| F|  |TAMS 0x000000009cc00000| PB 0x000000009cc00000| Untracked 
| 373|0x000000009cd00000, 0x000000009cd00000, 0x000000009ce00000|  0%| F|  |TAMS 0x000000009cd00000| PB 0x000000009cd00000| Untracked 
| 374|0x000000009ce00000, 0x000000009ce00000, 0x000000009cf00000|  0%| F|  |TAMS 0x000000009ce00000| PB 0x000000009ce00000| Untracked 
| 375|0x000000009cf00000, 0x000000009cf00000, 0x000000009d000000|  0%| F|  |TAMS 0x000000009cf00000| PB 0x000000009cf00000| Untracked 
| 376|0x000000009d000000, 0x000000009d000000, 0x000000009d100000|  0%| F|  |TAMS 0x000000009d000000| PB 0x000000009d000000| Untracked 
| 377|0x000000009d100000, 0x000000009d100000, 0x000000009d200000|  0%| F|  |TAMS 0x000000009d100000| PB 0x000000009d100000| Untracked 
| 378|0x000000009d200000, 0x000000009d200000, 0x000000009d300000|  0%| F|  |TAMS 0x000000009d200000| PB 0x000000009d200000| Untracked 
| 379|0x000000009d300000, 0x000000009d300000, 0x000000009d400000|  0%| F|  |TAMS 0x000000009d300000| PB 0x000000009d300000| Untracked 
| 380|0x000000009d400000, 0x000000009d400000, 0x000000009d500000|  0%| F|  |TAMS 0x000000009d400000| PB 0x000000009d400000| Untracked 
| 381|0x000000009d500000, 0x000000009d500000, 0x000000009d600000|  0%| F|  |TAMS 0x000000009d500000| PB 0x000000009d500000| Untracked 
| 382|0x000000009d600000, 0x000000009d600000, 0x000000009d700000|  0%| F|  |TAMS 0x000000009d600000| PB 0x000000009d600000| Untracked 
| 383|0x000000009d700000, 0x000000009d700000, 0x000000009d800000|  0%| F|  |TAMS 0x000000009d700000| PB 0x000000009d700000| Untracked 
| 384|0x000000009d800000, 0x000000009d800000, 0x000000009d900000|  0%| F|  |TAMS 0x000000009d800000| PB 0x000000009d800000| Untracked 
| 385|0x000000009d900000, 0x000000009d900000, 0x000000009da00000|  0%| F|  |TAMS 0x000000009d900000| PB 0x000000009d900000| Untracked 
| 386|0x000000009da00000, 0x000000009da00000, 0x000000009db00000|  0%| F|  |TAMS 0x000000009da00000| PB 0x000000009da00000| Untracked 
| 387|0x000000009db00000, 0x000000009db00000, 0x000000009dc00000|  0%| F|  |TAMS 0x000000009db00000| PB 0x000000009db00000| Untracked 
| 388|0x000000009dc00000, 0x000000009dc00000, 0x000000009dd00000|  0%| F|  |TAMS 0x000000009dc00000| PB 0x000000009dc00000| Untracked 
| 389|0x000000009dd00000, 0x000000009dd00000, 0x000000009de00000|  0%| F|  |TAMS 0x000000009dd00000| PB 0x000000009dd00000| Untracked 
| 390|0x000000009de00000, 0x000000009de00000, 0x000000009df00000|  0%| F|  |TAMS 0x000000009de00000| PB 0x000000009de00000| Untracked 
| 391|0x000000009df00000, 0x000000009df00000, 0x000000009e000000|  0%| F|  |TAMS 0x000000009df00000| PB 0x000000009df00000| Untracked 
| 392|0x000000009e000000, 0x000000009e000000, 0x000000009e100000|  0%| F|  |TAMS 0x000000009e000000| PB 0x000000009e000000| Untracked 
| 393|0x000000009e100000, 0x000000009e100000, 0x000000009e200000|  0%| F|  |TAMS 0x000000009e100000| PB 0x000000009e100000| Untracked 
| 394|0x000000009e200000, 0x000000009e200000, 0x000000009e300000|  0%| F|  |TAMS 0x000000009e200000| PB 0x000000009e200000| Untracked 
| 395|0x000000009e300000, 0x000000009e300000, 0x000000009e400000|  0%| F|  |TAMS 0x000000009e300000| PB 0x000000009e300000| Untracked 
| 396|0x000000009e400000, 0x000000009e400000, 0x000000009e500000|  0%| F|  |TAMS 0x000000009e400000| PB 0x000000009e400000| Untracked 
| 397|0x000000009e500000, 0x000000009e500000, 0x000000009e600000|  0%| F|  |TAMS 0x000000009e500000| PB 0x000000009e500000| Untracked 
| 398|0x000000009e600000, 0x000000009e600000, 0x000000009e700000|  0%| F|  |TAMS 0x000000009e600000| PB 0x000000009e600000| Untracked 
| 399|0x000000009e700000, 0x000000009e700000, 0x000000009e800000|  0%| F|  |TAMS 0x000000009e700000| PB 0x000000009e700000| Untracked 
| 400|0x000000009e800000, 0x000000009e800000, 0x000000009e900000|  0%| F|  |TAMS 0x000000009e800000| PB 0x000000009e800000| Untracked 
| 401|0x000000009e900000, 0x000000009e900000, 0x000000009ea00000|  0%| F|  |TAMS 0x000000009e900000| PB 0x000000009e900000| Untracked 
| 402|0x000000009ea00000, 0x000000009ea00000, 0x000000009eb00000|  0%| F|  |TAMS 0x000000009ea00000| PB 0x000000009ea00000| Untracked 
| 403|0x000000009eb00000, 0x000000009eb00000, 0x000000009ec00000|  0%| F|  |TAMS 0x000000009eb00000| PB 0x000000009eb00000| Untracked 
| 404|0x000000009ec00000, 0x000000009ec00000, 0x000000009ed00000|  0%| F|  |TAMS 0x000000009ec00000| PB 0x000000009ec00000| Untracked 
| 405|0x000000009ed00000, 0x000000009ed00000, 0x000000009ee00000|  0%| F|  |TAMS 0x000000009ed00000| PB 0x000000009ed00000| Untracked 
| 406|0x000000009ee00000, 0x000000009ee00000, 0x000000009ef00000|  0%| F|  |TAMS 0x000000009ee00000| PB 0x000000009ee00000| Untracked 
| 407|0x000000009ef00000, 0x000000009ef00000, 0x000000009f000000|  0%| F|  |TAMS 0x000000009ef00000| PB 0x000000009ef00000| Untracked 
| 408|0x000000009f000000, 0x000000009f000000, 0x000000009f100000|  0%| F|  |TAMS 0x000000009f000000| PB 0x000000009f000000| Untracked 
| 409|0x000000009f100000, 0x000000009f100000, 0x000000009f200000|  0%| F|  |TAMS 0x000000009f100000| PB 0x000000009f100000| Untracked 
| 410|0x000000009f200000, 0x000000009f300000, 0x000000009f300000|100%| S|CS|TAMS 0x000000009f200000| PB 0x000000009f200000| Complete 
| 411|0x000000009f300000, 0x000000009f400000, 0x000000009f400000|100%| S|CS|TAMS 0x000000009f300000| PB 0x000000009f300000| Complete 
| 412|0x000000009f400000, 0x000000009f500000, 0x000000009f500000|100%| S|CS|TAMS 0x000000009f400000| PB 0x000000009f400000| Complete 
| 413|0x000000009f500000, 0x000000009f600000, 0x000000009f600000|100%| S|CS|TAMS 0x000000009f500000| PB 0x000000009f500000| Complete 
| 414|0x000000009f600000, 0x000000009f700000, 0x000000009f700000|100%| S|CS|TAMS 0x000000009f600000| PB 0x000000009f600000| Complete 
| 415|0x000000009f700000, 0x000000009f700000, 0x000000009f800000|  0%| F|  |TAMS 0x000000009f700000| PB 0x000000009f700000| Untracked 
| 416|0x000000009f800000, 0x000000009f800000, 0x000000009f900000|  0%| F|  |TAMS 0x000000009f800000| PB 0x000000009f800000| Untracked 
| 417|0x000000009f900000, 0x000000009f900000, 0x000000009fa00000|  0%| F|  |TAMS 0x000000009f900000| PB 0x000000009f900000| Untracked 
| 418|0x000000009fa00000, 0x000000009fa00000, 0x000000009fb00000|  0%| F|  |TAMS 0x000000009fa00000| PB 0x000000009fa00000| Untracked 
| 419|0x000000009fb00000, 0x000000009fb00000, 0x000000009fc00000|  0%| F|  |TAMS 0x000000009fb00000| PB 0x000000009fb00000| Untracked 
| 420|0x000000009fc00000, 0x000000009fc00000, 0x000000009fd00000|  0%| F|  |TAMS 0x000000009fc00000| PB 0x000000009fc00000| Untracked 
|1959|0x00000000fff00000, 0x00000000fff00000, 0x0000000100000000|  0%| F|  |TAMS 0x00000000fff00000| PB 0x00000000fff00000| Untracked 

Card table byte_map: [0x000001fb72b40000,0x000001fb72f20000] _byte_map_base: 0x000001fb72714000

Marking Bits: (CMBitMap*) 0x000001fb63c7b420
 Bits: [0x000001fb72f20000, 0x000001fb74dc0000)

Polling page: 0x000001fb655b0000

Metaspace:

Usage:
  Non-class:     97.38 MB used.
      Class:     13.64 MB used.
       Both:    111.02 MB used.

Virtual space:
  Non-class space:      128.00 MB reserved,     100.56 MB ( 79%) committed,  2 nodes.
      Class space:        1.00 GB reserved,      14.69 MB (  1%) committed,  1 nodes.
             Both:        1.12 GB reserved,     115.25 MB ( 10%) committed. 

Chunk freelists:
   Non-Class:  13.04 MB
       Class:  1.85 MB
        Both:  14.89 MB

MaxMetaspaceSize: unlimited
CompressedClassSpaceSize: 1.00 GB
Initial GC threshold: 21.00 MB
Current GC threshold: 195.31 MB
CDS: on
 - commit_granule_bytes: 65536.
 - commit_granule_words: 8192.
 - virtual_space_node_default_size: 8388608.
 - enlarge_chunks_in_place: 1.
 - use_allocation_guard: 0.


Internal statistics:

num_allocs_failed_limit: 29.
num_arena_births: 2272.
num_arena_deaths: 504.
num_vsnodes_births: 3.
num_vsnodes_deaths: 0.
num_space_committed: 1878.
num_space_uncommitted: 24.
num_chunks_returned_to_freelist: 860.
num_chunks_taken_from_freelist: 7026.
num_chunk_merges: 265.
num_chunk_splits: 5341.
num_chunks_enlarged: 4287.
num_inconsistent_stats: 0.

CodeCache: size=49152Kb used=11852Kb max_used=18321Kb free=37299Kb
 bounds [0x000001fb6eed0000, 0x000001fb700c0000, 0x000001fb71ed0000]
 total_blobs=6503 nmethods=5754 adapters=669
 compilation: enabled
              stopped_count=0, restarted_count=0
 full_count=0

Compilation events (20 events):
Event: 379.693 Thread 0x000001fb77899a30 15885       1       org.eclipse.persistence.internal.expressions.DataExpression::asOf (7 bytes)
Event: 379.693 Thread 0x000001fb77899a30 nmethod 15885 0x000001fb6ff99890 code [0x000001fb6ff99a20, 0x000001fb6ff99b38]
Event: 379.693 Thread 0x000001fb77899a30 15886       1       org.eclipse.persistence.expressions.Expression::isFieldExpression (2 bytes)
Event: 379.693 Thread 0x000001fb77899a30 nmethod 15886 0x000001fb6ff75a10 code [0x000001fb6ff75ba0, 0x000001fb6ff75c68]
Event: 379.695 Thread 0x000001fb77899a30 15887       1       org.eclipse.persistence.internal.expressions.CompoundExpression::iterateOn (36 bytes)
Event: 379.695 Thread 0x000001fb77899a30 nmethod 15887 0x000001fb6ff75610 code [0x000001fb6ff757e0, 0x000001fb6ff75968]
Event: 379.695 Thread 0x000001fb77899a30 15888       1       java.util.Hashtable$Enumerator::next (27 bytes)
Event: 379.696 Thread 0x000001fb77899a30 nmethod 15888 0x000001fb6ff75190 code [0x000001fb6ff75340, 0x000001fb6ff754e0]
Event: 379.698 Thread 0x000001fb77899a30 15889       1       org.springframework.data.repository.query.ValueExpressionQueryRewriter$QuotationMap::<init> (151 bytes)
Event: 379.702 Thread 0x000001fb77899a30 nmethod 15889 0x000001fb6f58a410 code [0x000001fb6f58a780, 0x000001fb6f58bec8]
Event: 379.702 Thread 0x000001fb77899a30 15890       1       org.springframework.data.jpa.repository.query.ParameterBinding$Named::name (5 bytes)
Event: 379.702 Thread 0x000001fb77899a30 nmethod 15890 0x000001fb6ff74e90 code [0x000001fb6ff75020, 0x000001fb6ff750e8]
Event: 379.789 Thread 0x000001fb77899a30 15891       1       java.util.IdentityHashMap::hash (18 bytes)
Event: 379.789 Thread 0x000001fb77899a30 nmethod 15891 0x000001fb6ff74b90 code [0x000001fb6ff74d40, 0x000001fb6ff74e20]
Event: 379.823 Thread 0x000001fb77899a30 15892       1       org.antlr.v4.runtime.atn.PredictionMode::allConfigsInRuleStopStates (41 bytes)
Event: 379.824 Thread 0x000001fb77899a30 nmethod 15892 0x000001fb6f487a10 code [0x000001fb6f487be0, 0x000001fb6f487e88]
Event: 379.980 Thread 0x000001fb77899a30 15893   !   1       java.lang.ref.Reference::processPendingReferences (118 bytes)
Event: 379.983 Thread 0x000001fb77899a30 nmethod 15893 0x000001fb6f486d90 code [0x000001fb6f486fe0, 0x000001fb6f4876b8]
Event: 380.010 Thread 0x000001fb77899a30 15894       1       org.antlr.v4.runtime.atn.PredictionMode::hasSLLConflictTerminatingPrediction (109 bytes)
Event: 380.011 Thread 0x000001fb77899a30 nmethod 15894 0x000001fb6f6ae990 code [0x000001fb6f6aebc0, 0x000001fb6f6af0a0]

GC Heap History (20 events):
Event: 370.386 GC heap after
{Heap after GC invocations=77 (full 0):
 garbage-first heap   total 266240K, used 145945K [0x0000000085800000, 0x0000000100000000)
  region size 1024K, 12 young (12288K), 12 survivors (12288K)
 Metaspace       used 114803K, committed 116864K, reserved 1179648K
  class space    used 14043K, committed 14656K, reserved 1048576K
}
Event: 372.648 GC heap before
{Heap before GC invocations=77 (full 0):
 garbage-first heap   total 266240K, used 240153K [0x0000000085800000, 0x0000000100000000)
  region size 1024K, 104 young (106496K), 12 survivors (12288K)
 Metaspace       used 115408K, committed 117504K, reserved 1179648K
  class space    used 14093K, committed 14720K, reserved 1048576K
}
Event: 372.670 GC heap after
{Heap after GC invocations=78 (full 0):
 garbage-first heap   total 266240K, used 143718K [0x0000000085800000, 0x0000000100000000)
  region size 1024K, 9 young (9216K), 9 survivors (9216K)
 Metaspace       used 115408K, committed 117504K, reserved 1179648K
  class space    used 14093K, committed 14720K, reserved 1048576K
}
Event: 374.167 GC heap before
{Heap before GC invocations=78 (full 0):
 garbage-first heap   total 266240K, used 243046K [0x0000000085800000, 0x0000000100000000)
  region size 1024K, 106 young (108544K), 9 survivors (9216K)
 Metaspace       used 116099K, committed 118272K, reserved 1179648K
  class space    used 14173K, committed 14848K, reserved 1048576K
}
Event: 374.188 GC heap after
{Heap after GC invocations=79 (full 0):
 garbage-first heap   total 266240K, used 147012K [0x0000000085800000, 0x0000000100000000)
  region size 1024K, 6 young (6144K), 6 survivors (6144K)
 Metaspace       used 116099K, committed 118272K, reserved 1179648K
  class space    used 14173K, committed 14848K, reserved 1048576K
}
Event: 376.036 GC heap before
{Heap before GC invocations=80 (full 0):
 garbage-first heap   total 266240K, used 246340K [0x0000000085800000, 0x0000000100000000)
  region size 1024K, 103 young (105472K), 6 survivors (6144K)
 Metaspace       used 116482K, committed 118720K, reserved 1179648K
  class space    used 14207K, committed 14912K, reserved 1048576K
}
Event: 376.051 GC heap after
{Heap after GC invocations=81 (full 0):
 garbage-first heap   total 319488K, used 152051K [0x0000000085800000, 0x0000000100000000)
  region size 1024K, 11 young (11264K), 11 survivors (11264K)
 Metaspace       used 116482K, committed 118720K, reserved 1179648K
  class space    used 14207K, committed 14912K, reserved 1048576K
}
Event: 379.918 GC heap before
{Heap before GC invocations=81 (full 0):
 garbage-first heap   total 319488K, used 290291K [0x0000000085800000, 0x0000000100000000)
  region size 1024K, 146 young (149504K), 11 survivors (11264K)
 Metaspace       used 117757K, committed 120000K, reserved 1179648K
  class space    used 14315K, committed 15040K, reserved 1048576K
}
Event: 379.976 GC heap after
{Heap after GC invocations=82 (full 0):
 garbage-first heap   total 320512K, used 164166K [0x0000000085800000, 0x0000000100000000)
  region size 1024K, 19 young (19456K), 19 survivors (19456K)
 Metaspace       used 117757K, committed 120000K, reserved 1179648K
  class space    used 14315K, committed 15040K, reserved 1048576K
}
Event: 380.050 GC heap before
{Heap before GC invocations=82 (full 0):
 garbage-first heap   total 320512K, used 179526K [0x0000000085800000, 0x0000000100000000)
  region size 1024K, 35 young (35840K), 19 survivors (19456K)
 Metaspace       used 117757K, committed 120000K, reserved 1179648K
  class space    used 14315K, committed 15040K, reserved 1048576K
}
Event: 380.080 GC heap after
{Heap after GC invocations=83 (full 0):
 garbage-first heap   total 320512K, used 170334K [0x0000000085800000, 0x0000000100000000)
  region size 1024K, 6 young (6144K), 6 survivors (6144K)
 Metaspace       used 117757K, committed 120000K, reserved 1179648K
  class space    used 14315K, committed 15040K, reserved 1048576K
}
Event: 380.597 GC heap before
{Heap before GC invocations=84 (full 0):
 garbage-first heap   total 320512K, used 267614K [0x0000000085800000, 0x0000000100000000)
  region size 1024K, 98 young (100352K), 6 survivors (6144K)
 Metaspace       used 117757K, committed 120000K, reserved 1179648K
  class space    used 14315K, committed 15040K, reserved 1048576K
}
Event: 380.635 GC heap after
{Heap after GC invocations=85 (full 0):
 garbage-first heap   total 320512K, used 208896K [0x0000000085800000, 0x0000000100000000)
  region size 1024K, 13 young (13312K), 13 survivors (13312K)
 Metaspace       used 117757K, committed 120000K, reserved 1179648K
  class space    used 14315K, committed 15040K, reserved 1048576K
}
Event: 380.889 GC heap before
{Heap before GC invocations=85 (full 0):
 garbage-first heap   total 320512K, used 276480K [0x0000000085800000, 0x0000000100000000)
  region size 1024K, 76 young (77824K), 13 survivors (13312K)
 Metaspace       used 117757K, committed 120000K, reserved 1179648K
  class space    used 14315K, committed 15040K, reserved 1048576K
}
Event: 380.925 GC heap after
{Heap after GC invocations=86 (full 0):
 garbage-first heap   total 320512K, used 235008K [0x0000000085800000, 0x0000000100000000)
  region size 1024K, 10 young (10240K), 10 survivors (10240K)
 Metaspace       used 117757K, committed 120000K, reserved 1179648K
  class space    used 14315K, committed 15040K, reserved 1048576K
}
Event: 381.123 GC heap before
{Heap before GC invocations=86 (full 0):
 garbage-first heap   total 320512K, used 281088K [0x0000000085800000, 0x0000000100000000)
  region size 1024K, 55 young (56320K), 10 survivors (10240K)
 Metaspace       used 117757K, committed 120000K, reserved 1179648K
  class space    used 14315K, committed 15040K, reserved 1048576K
}
Event: 381.143 GC heap after
{Heap after GC invocations=87 (full 0):
 garbage-first heap   total 320512K, used 246784K [0x0000000085800000, 0x0000000100000000)
  region size 1024K, 7 young (7168K), 7 survivors (7168K)
 Metaspace       used 117757K, committed 120000K, reserved 1179648K
  class space    used 14315K, committed 15040K, reserved 1048576K
}
Event: 381.335 GC heap before
{Heap before GC invocations=87 (full 0):
 garbage-first heap   total 320512K, used 287744K [0x0000000085800000, 0x0000000100000000)
  region size 1024K, 47 young (48128K), 7 survivors (7168K)
 Metaspace       used 117757K, committed 120000K, reserved 1179648K
  class space    used 14315K, committed 15040K, reserved 1048576K
}
Event: 381.356 GC heap after
{Heap after GC invocations=88 (full 0):
 garbage-first heap   total 320512K, used 261632K [0x0000000085800000, 0x0000000100000000)
  region size 1024K, 6 young (6144K), 6 survivors (6144K)
 Metaspace       used 117757K, committed 120000K, reserved 1179648K
  class space    used 14315K, committed 15040K, reserved 1048576K
}
Event: 381.982 GC heap before
{Heap before GC invocations=88 (full 0):
 garbage-first heap   total 432128K, used 288256K [0x0000000085800000, 0x0000000100000000)
  region size 1024K, 35 young (35840K), 6 survivors (6144K)
 Metaspace       used 113680K, committed 118016K, reserved 1179648K
  class space    used 13962K, committed 15040K, reserved 1048576K
}

Dll operation events (10 events):
Event: 0.179 Loaded shared library D:\jdks\21\jdk\bin\java.dll
Event: 17.681 Loaded shared library D:\jdks\21\jdk\bin\net.dll
Event: 19.311 Loaded shared library D:\jdks\21\jdk\bin\nio.dll
Event: 21.984 Loaded shared library D:\jdks\21\jdk\bin\zip.dll
Event: 38.161 Loaded shared library D:\jdks\21\jdk\bin\jimage.dll
Event: 50.766 Loaded shared library D:\jdks\21\jdk\bin\sunmscapi.dll
Event: 261.964 Loaded shared library D:\jdks\21\jdk\bin\verify.dll
Event: 271.601 Loaded shared library D:\jdks\21\jdk\bin\management.dll
Event: 271.645 Loaded shared library D:\jdks\21\jdk\bin\management_ext.dll
Event: 277.900 Loaded shared library D:\jdks\21\jdk\bin\extnet.dll

Deoptimization events (14 events):
Event: 227.341 Thread 0x000001fb63c29210 DEOPT PACKING pc=0x000001fb6f64f084 sp=0x000000d71fefe240
Event: 227.342 Thread 0x000001fb63c29210 DEOPT UNPACKING pc=0x000001fb6ef288e2 sp=0x000000d71fefd7a8 mode 0
Event: 227.342 Thread 0x000001fb63c29210 DEOPT PACKING pc=0x000001fb6f66fb5c sp=0x000000d71fefe3a0
Event: 227.342 Thread 0x000001fb63c29210 DEOPT UNPACKING pc=0x000001fb6ef288e2 sp=0x000000d71fefd9c0 mode 0
Event: 227.354 Thread 0x000001fb63c29210 DEOPT PACKING pc=0x000001fb6f66f8f4 sp=0x000000d71fefe7c0
Event: 227.354 Thread 0x000001fb63c29210 DEOPT UNPACKING pc=0x000001fb6ef288e2 sp=0x000000d71fefdde0 mode 0
Event: 267.594 Thread 0x000001fb63c29210 DEOPT PACKING pc=0x000001fb6f550f9c sp=0x000000d71fefca70
Event: 267.595 Thread 0x000001fb63c29210 DEOPT UNPACKING pc=0x000001fb6ef288e2 sp=0x000000d71fefc018 mode 0
Event: 267.595 Thread 0x000001fb63c29210 DEOPT PACKING pc=0x000001fb6f4c418c sp=0x000000d71fefcc70
Event: 267.595 Thread 0x000001fb63c29210 DEOPT UNPACKING pc=0x000001fb6ef288e2 sp=0x000000d71fefc130 mode 0
Event: 270.670 Thread 0x000001fb63c29210 DEOPT PACKING pc=0x000001fb6fa61a2c sp=0x000000d71fefb9c0
Event: 270.670 Thread 0x000001fb63c29210 DEOPT UNPACKING pc=0x000001fb6ef288e2 sp=0x000000d71fefaf68 mode 0
Event: 347.425 Thread 0x000001fb63c29210 DEOPT PACKING pc=0x000001fb6f3894c1 sp=0x000000d71fef37c0
Event: 347.425 Thread 0x000001fb63c29210 DEOPT UNPACKING pc=0x000001fb6ef288e2 sp=0x000000d71fef2cc8 mode 3

Classes loaded (20 events):
Event: 370.944 Loading class java/lang/invoke/SerializedLambda
Event: 371.032 Loading class java/lang/invoke/SerializedLambda done
Event: 372.983 Loading class java/lang/invoke/BoundMethodHandle$Species_LLLLLLLLLLL
Event: 372.983 Loading class java/lang/invoke/BoundMethodHandle$Species_LLLLLLLLLLL done
Event: 372.986 Loading class java/lang/invoke/BoundMethodHandle$Species_LLLLLLLLLLLL
Event: 372.986 Loading class java/lang/invoke/BoundMethodHandle$Species_LLLLLLLLLLLL done
Event: 377.491 Loading class java/lang/invoke/BoundMethodHandle$Species_LLLLLLLLLLLLL
Event: 377.493 Loading class java/lang/invoke/BoundMethodHandle$Species_LLLLLLLLLLLLL done
Event: 377.497 Loading class java/lang/invoke/BoundMethodHandle$Species_LLLLLLLLLLLLLL
Event: 377.498 Loading class java/lang/invoke/BoundMethodHandle$Species_LLLLLLLLLLLLLL done
Event: 378.744 Loading class java/lang/invoke/BoundMethodHandle$Species_LLLLLLLLLLLLLLL
Event: 378.744 Loading class java/lang/invoke/BoundMethodHandle$Species_LLLLLLLLLLLLLLL done
Event: 378.747 Loading class java/lang/invoke/BoundMethodHandle$Species_LLLLLLLLLLLLLLLL
Event: 378.747 Loading class java/lang/invoke/BoundMethodHandle$Species_LLLLLLLLLLLLLLLL done
Event: 378.750 Loading class java/lang/invoke/BoundMethodHandle$Species_LLLLLLLLLLLLLLLLL
Event: 378.750 Loading class java/lang/invoke/BoundMethodHandle$Species_LLLLLLLLLLLLLLLLL done
Event: 378.753 Loading class java/lang/invoke/BoundMethodHandle$Species_LLLLLLLLLLLLLLLLLL
Event: 378.753 Loading class java/lang/invoke/BoundMethodHandle$Species_LLLLLLLLLLLLLLLLLL done
Event: 378.756 Loading class java/lang/invoke/BoundMethodHandle$Species_LLLLLLLLLLLLLLLLLLL
Event: 378.756 Loading class java/lang/invoke/BoundMethodHandle$Species_LLLLLLLLLLLLLLLLLLL done

Classes unloaded (20 events):
Event: 381.526 Thread 0x000001fb77869530 Unloading class 0x000001fb01388400 'java/lang/invoke/LambdaForm$MH+0x000001fb01388400'
Event: 381.526 Thread 0x000001fb77869530 Unloading class 0x000001fb01388000 'java/lang/invoke/LambdaForm$MH+0x000001fb01388000'
Event: 381.526 Thread 0x000001fb77869530 Unloading class 0x000001fb01384400 'java/lang/invoke/LambdaForm$DMH+0x000001fb01384400'
Event: 381.526 Thread 0x000001fb77869530 Unloading class 0x000001fb0137dc00 'java/lang/invoke/LambdaForm$DMH+0x000001fb0137dc00'
Event: 381.526 Thread 0x000001fb77869530 Unloading class 0x000001fb0137d800 'java/lang/invoke/LambdaForm$MH+0x000001fb0137d800'
Event: 381.527 Thread 0x000001fb77869530 Unloading class 0x000001fb011bc400 'java/lang/invoke/LambdaForm$MH+0x000001fb011bc400'
Event: 381.527 Thread 0x000001fb77869530 Unloading class 0x000001fb011bc000 'java/lang/invoke/LambdaForm$MH+0x000001fb011bc000'
Event: 381.527 Thread 0x000001fb77869530 Unloading class 0x000001fb0137d000 'java/lang/invoke/LambdaForm$MH+0x000001fb0137d000'
Event: 381.527 Thread 0x000001fb77869530 Unloading class 0x000001fb0137cc00 'java/lang/invoke/LambdaForm$MH+0x000001fb0137cc00'
Event: 381.527 Thread 0x000001fb77869530 Unloading class 0x000001fb0137c800 'java/lang/invoke/LambdaForm$DMH+0x000001fb0137c800'
Event: 381.527 Thread 0x000001fb77869530 Unloading class 0x000001fb0137c400 'java/lang/invoke/LambdaForm$MH+0x000001fb0137c400'
Event: 381.527 Thread 0x000001fb77869530 Unloading class 0x000001fb0137c000 'java/lang/invoke/LambdaForm$DMH+0x000001fb0137c000'
Event: 381.527 Thread 0x000001fb77869530 Unloading class 0x000001fb01371400 'java/lang/invoke/LambdaForm$MH+0x000001fb01371400'
Event: 381.527 Thread 0x000001fb77869530 Unloading class 0x000001fb01371000 'java/lang/invoke/LambdaForm$MH+0x000001fb01371000'
Event: 381.527 Thread 0x000001fb77869530 Unloading class 0x000001fb01370000 'java/lang/invoke/LambdaForm$MH+0x000001fb01370000'
Event: 381.527 Thread 0x000001fb77869530 Unloading class 0x000001fb01360000 'java/lang/invoke/LambdaForm$MH+0x000001fb01360000'
Event: 381.527 Thread 0x000001fb77869530 Unloading class 0x000001fb01359c00 'java/lang/invoke/LambdaForm$MH+0x000001fb01359c00'
Event: 381.527 Thread 0x000001fb77869530 Unloading class 0x000001fb01359800 'java/lang/invoke/LambdaForm$DMH+0x000001fb01359800'
Event: 381.527 Thread 0x000001fb77869530 Unloading class 0x000001fb01356400 'java/lang/invoke/LambdaForm$MH+0x000001fb01356400'
Event: 381.527 Thread 0x000001fb77869530 Unloading class 0x000001fb01356000 'java/lang/invoke/LambdaForm$MH+0x000001fb01356000'

Classes redefined (0 events):
No events

Internal exceptions (20 events):
Event: 365.206 Thread 0x000001fb63c29210 Exception <a 'java/lang/NoSuchMethodError'{0x000000009cfbc420}: 'java.lang.Object java.lang.invoke.DirectMethodHandle$Holder.newInvokeSpecial(java.lang.Object, java.lang.Object, java.lang.Object, java.lang.Object, java.lang.Object, java.lang.Object, java.lang.Object, java.lang.Object, java.lang.Object, java.lang.Object, java.lang.Object)'> (0x000000009cfbc420) 
thrown [s\src\hotspot\share\interpreter\linkResolver.cpp, line 773]
Event: 365.211 Thread 0x000001fb63c29210 Exception <a 'java/lang/NoSuchMethodError'{0x000000009cffb5e8}: 'java.lang.Object java.lang.invoke.DirectMethodHandle$Holder.invokeStatic(java.lang.Object, java.lang.Object, java.lang.Object, java.lang.Object, java.lang.Object, java.lang.Object, java.lang.Object, java.lang.Object, java.lang.Object, java.lang.Object, java.lang.Object, java.lang.Object, java.lang.Object)'> (0x000000009cffb5e8) 
thrown [s\src\hotspot\share\interpreter\linkResolver.cpp, line 773]
Event: 368.744 Thread 0x000001fb63c29210 Exception <a 'java/lang/NoSuchMethodError'{0x000000008fa16f60}: 'java.lang.Object java.lang.invoke.DirectMethodHandle$Holder.invokeInterface(java.lang.Object, java.lang.Object, int)'> (0x000000008fa16f60) 
thrown [s\src\hotspot\share\interpreter\linkResolver.cpp, line 773]
Event: 372.439 Thread 0x000001fb63c29210 Exception <a 'java/lang/NoSuchMethodError'{0x0000000090dcd308}: 'java.lang.Object java.lang.invoke.DirectMethodHandle$Holder.newInvokeSpecial(java.lang.Object, java.lang.Object, java.lang.Object, java.lang.Object, java.lang.Object, java.lang.Object, java.lang.Object, java.lang.Object, java.lang.Object, java.lang.Object)'> (0x0000000090dcd308) 
thrown [s\src\hotspot\share\interpreter\linkResolver.cpp, line 773]
Event: 372.783 Thread 0x000001fb63c29210 Exception <a 'java/lang/NoSuchMethodError'{0x000000009cd26418}: 'java.lang.Object java.lang.invoke.DirectMethodHandle$Holder.invokeVirtual(java.lang.Object, java.lang.Object, java.lang.Object, java.lang.Object, java.lang.Object, java.lang.Object, java.lang.Object, java.lang.Object)'> (0x000000009cd26418) 
thrown [s\src\hotspot\share\interpreter\linkResolver.cpp, line 773]
Event: 372.980 Thread 0x000001fb63c29210 Exception <a 'java/lang/NoSuchMethodError'{0x0000000094c5fe60}: 'java.lang.Object java.lang.invoke.DirectMethodHandle$Holder.invokeVirtual(java.lang.Object, java.lang.Object, java.lang.Object, java.lang.Object, java.lang.Object, java.lang.Object, java.lang.Object, java.lang.Object, java.lang.Object, java.lang.Object, java.lang.Object, java.lang.Object, java.lang.Object)'> (0x0000000094c5fe60) 
thrown [s\src\hotspot\share\interpreter\linkResolver.cpp, line 773]
Event: 372.981 Thread 0x000001fb63c29210 Exception <a 'java/lang/NoSuchMethodError'{0x0000000094c653e8}: 'java.lang.Object java.lang.invoke.DelegatingMethodHandle$Holder.reinvoke_L(java.lang.Object, java.lang.Object, java.lang.Object, java.lang.Object, java.lang.Object, java.lang.Object, java.lang.Object, java.lang.Object, java.lang.Object, java.lang.Object, java.lang.Object, java.lang.Object, java.lang.Object)'> (0x0000000094c653e8) 
thrown [s\src\hotspot\share\interpreter\linkResolver.cpp, line 773]
Event: 372.985 Thread 0x000001fb63c29210 Exception <a 'java/lang/NoSuchMethodError'{0x0000000094caa7e8}: 'java.lang.Object java.lang.invoke.DirectMethodHandle$Holder.invokeStatic(java.lang.Object, java.lang.Object, java.lang.Object, java.lang.Object, java.lang.Object, java.lang.Object, java.lang.Object, java.lang.Object, java.lang.Object, java.lang.Object, java.lang.Object, java.lang.Object, java.lang.Object, java.lang.Object)'> (0x0000000094caa7e8) 
thrown [s\src\hotspot\share\interpreter\linkResolver.cpp, line 773]
Event: 372.988 Thread 0x000001fb63c29210 Exception <a 'java/lang/NoSuchMethodError'{0x0000000094ccabf0}: 'java.lang.Object java.lang.invoke.DirectMethodHandle$Holder.invokeStatic(java.lang.Object, java.lang.Object, java.lang.Object, java.lang.Object, java.lang.Object, java.lang.Object, java.lang.Object, java.lang.Object, java.lang.Object, java.lang.Object, java.lang.Object, java.lang.Object, java.lang.Object, java.lang.Object, java.lang.Object)'> (0x0000000094ccabf0) 
thrown [s\src\hotspot\share\interpreter\linkResolver.cpp, line 773]
Event: 374.958 Thread 0x000001fb63c29210 Exception <a 'java/lang/NoSuchMethodError'{0x0000000094b5aeb0}: 'java.lang.Object java.lang.invoke.DirectMethodHandle$Holder.invokeVirtual(java.lang.Object, java.lang.Object, java.lang.Object, java.lang.Object, java.lang.Object, java.lang.Object, java.lang.Object, java.lang.Object, java.lang.Object, java.lang.Object, java.lang.Object)'> (0x0000000094b5aeb0) 
thrown [s\src\hotspot\share\interpreter\linkResolver.cpp, line 773]
Event: 377.485 Thread 0x000001fb63c29210 Exception <a 'java/lang/NoSuchMethodError'{0x0000000096280490}: 'java.lang.Object java.lang.invoke.DirectMethodHandle$Holder.newInvokeSpecial(java.lang.Object, java.lang.Object, java.lang.Object, java.lang.Object, java.lang.Object, java.lang.Object, java.lang.Object, java.lang.Object, java.lang.Object, java.lang.Object, java.lang.Object, java.lang.Object, java.lang.Object, java.lang.Object)'> (0x0000000096280490) 
thrown [s\src\hotspot\share\interpreter\linkResolver.cpp, line 773]
Event: 377.487 Thread 0x000001fb63c29210 Exception <a 'java/lang/NoSuchMethodError'{0x0000000096286118}: 'java.lang.Object java.lang.invoke.DelegatingMethodHandle$Holder.reinvoke_L(java.lang.Object, java.lang.Object, java.lang.Object, java.lang.Object, java.lang.Object, java.lang.Object, java.lang.Object, java.lang.Object, java.lang.Object, java.lang.Object, java.lang.Object, java.lang.Object, java.lang.Object, java.lang.Object)'> (0x0000000096286118) 
thrown [s\src\hotspot\share\interpreter\linkResolver.cpp, line 773]
Event: 377.496 Thread 0x000001fb63c29210 Exception <a 'java/lang/NoSuchMethodError'{0x00000000962db948}: 'java.lang.Object java.lang.invoke.DirectMethodHandle$Holder.invokeStatic(java.lang.Object, java.lang.Object, java.lang.Object, java.lang.Object, java.lang.Object, java.lang.Object, java.lang.Object, java.lang.Object, java.lang.Object, java.lang.Object, java.lang.Object, java.lang.Object, java.lang.Object, java.lang.Object, java.lang.Object, java.lang.Object)'> (0x00000000962db948) 
thrown [s\src\hotspot\share\interpreter\linkResolver.cpp, lin
Event: 377.500 Thread 0x000001fb63c29210 Exception <a 'java/lang/NoSuchMethodError'{0x0000000096102270}: 'java.lang.Object java.lang.invoke.DirectMethodHandle$Holder.invokeStatic(java.lang.Object, java.lang.Object, java.lang.Object, java.lang.Object, java.lang.Object, java.lang.Object, java.lang.Object, java.lang.Object, java.lang.Object, java.lang.Object, java.lang.Object, java.lang.Object, java.lang.Object, java.lang.Object, java.lang.Object, java.lang.Object, java.lang.Object)'> (0x0000000096102270) 
thrown [s\src\hotspot\share\interpreter\lin
Event: 378.739 Thread 0x000001fb63c29210 Exception <a 'java/lang/NoSuchMethodError'{0x0000000094f2f2c0}: 'java.lang.Object java.lang.invoke.DelegatingMethodHandle$Holder.reinvoke_L(java.lang.Object, java.lang.Object, java.lang.Object, java.lang.Object, java.lang.Object, java.lang.Object, java.lang.Object, java.lang.Object, java.lang.Object, java.lang.Object, java.lang.Object, java.lang.Object, java.lang.Object, java.lang.Object, java.lang.Object, java.lang.Object, java.lang.Object, java.lang.Object, java.lang.Object, java.lang.Object)'> (0x000000
Event: 378.746 Thread 0x000001fb63c29210 Exception <a 'java/lang/NoSuchMethodError'{0x0000000094f9e2f0}: 'java.lang.Object java.lang.invoke.DirectMethodHandle$Holder.invokeStatic(java.lang.Object, java.lang.Object, java.lang.Object, java.lang.Object, java.lang.Object, java.lang.Object, java.lang.Object, java.lang.Object, java.lang.Object, java.lang.Object, java.lang.Object, java.lang.Object, java.lang.Object, java.lang.Object, java.lang.Object, java.lang.Object, java.lang.Object, java.lang.Object)'> (0x0000000094f9e2f0) 
thrown [s\src\hotspot\sha
Event: 378.749 Thread 0x000001fb63c29210 Exception <a 'java/lang/NoSuchMethodError'{0x0000000094fc6b70}: 'java.lang.Object java.lang.invoke.DirectMethodHandle$Holder.invokeStatic(java.lang.Object, java.lang.Object, java.lang.Object, java.lang.Object, java.lang.Object, java.lang.Object, java.lang.Object, java.lang.Object, java.lang.Object, java.lang.Object, java.lang.Object, java.lang.Object, java.lang.Object, java.lang.Object, java.lang.Object, java.lang.Object, java.lang.Object, java.lang.Object, java.lang.Object)'> (0x0000000094fc6b70) 
thrown 
Event: 378.752 Thread 0x000001fb63c29210 Exception <a 'java/lang/NoSuchMethodError'{0x0000000094ff04e8}: 'java.lang.Object java.lang.invoke.DirectMethodHandle$Holder.invokeStatic(java.lang.Object, java.lang.Object, java.lang.Object, java.lang.Object, java.lang.Object, java.lang.Object, java.lang.Object, java.lang.Object, java.lang.Object, java.lang.Object, java.lang.Object, java.lang.Object, java.lang.Object, java.lang.Object, java.lang.Object, java.lang.Object, java.lang.Object, java.lang.Object, java.lang.Object, java.lang.Object)'> (0x00000000
Event: 378.754 Thread 0x000001fb63c29210 Exception <a 'java/lang/NoSuchMethodError'{0x0000000094e1a9a0}: 'java.lang.Object java.lang.invoke.DirectMethodHandle$Holder.invokeStatic(java.lang.Object, java.lang.Object, java.lang.Object, java.lang.Object, java.lang.Object, java.lang.Object, java.lang.Object, java.lang.Object, java.lang.Object, java.lang.Object, java.lang.Object, java.lang.Object, java.lang.Object, java.lang.Object, java.lang.Object, java.lang.Object, java.lang.Object, java.lang.Object, java.lang.Object, java.lang.Object, java.lang.Obj
Event: 378.828 Thread 0x000001fb63c29210 Exception <a 'java/lang/NoSuchMethodError'{0x0000000094e46758}: 'java.lang.Object java.lang.invoke.DirectMethodHandle$Holder.invokeStatic(java.lang.Object, java.lang.Object, java.lang.Object, java.lang.Object, java.lang.Object, java.lang.Object, java.lang.Object, java.lang.Object, java.lang.Object, java.lang.Object, java.lang.Object, java.lang.Object, java.lang.Object, java.lang.Object, java.lang.Object, java.lang.Object, java.lang.Object, java.lang.Object, java.lang.Object, java.lang.Object, java.lang.Obj

ZGC Phase Switch (0 events):
No events

VM Operations (20 events):
Event: 379.068 Executing VM operation: Cleanup done
Event: 379.915 Executing VM operation: G1CollectForAllocation (G1 Evacuation Pause)
Event: 379.979 Executing VM operation: G1CollectForAllocation (G1 Evacuation Pause) done
Event: 380.050 Executing VM operation: G1TryInitiateConcMark (G1 Humongous Allocation)
Event: 380.080 Executing VM operation: G1TryInitiateConcMark (G1 Humongous Allocation) done
Event: 380.401 Executing VM operation: G1PauseRemark
Event: 380.426 Executing VM operation: G1PauseRemark done
Event: 380.557 Executing VM operation: G1PauseCleanup
Event: 380.557 Executing VM operation: G1PauseCleanup done
Event: 380.597 Executing VM operation: G1CollectForAllocation (G1 Evacuation Pause)
Event: 380.635 Executing VM operation: G1CollectForAllocation (G1 Evacuation Pause) done
Event: 380.889 Executing VM operation: G1CollectForAllocation (G1 Evacuation Pause)
Event: 380.925 Executing VM operation: G1CollectForAllocation (G1 Evacuation Pause) done
Event: 381.123 Executing VM operation: G1CollectForAllocation (G1 Evacuation Pause)
Event: 381.143 Executing VM operation: G1CollectForAllocation (G1 Evacuation Pause) done
Event: 381.335 Executing VM operation: G1CollectForAllocation (G1 Evacuation Pause)
Event: 381.356 Executing VM operation: G1CollectForAllocation (G1 Evacuation Pause) done
Event: 381.468 Executing VM operation: G1PauseRemark
Event: 381.947 Executing VM operation: G1PauseRemark done
Event: 381.981 Executing VM operation: G1CollectForAllocation (G1 Evacuation Pause)

Memory protections (0 events):
No events

Nmethod flushes (20 events):
Event: 380.424 Thread 0x000001fb77869530 flushing  nmethod 0x000001fb6ff4df10
Event: 380.424 Thread 0x000001fb77869530 flushing  nmethod 0x000001fb6ff52110
Event: 380.424 Thread 0x000001fb77869530 flushing  nmethod 0x000001fb6ff52a90
Event: 380.424 Thread 0x000001fb77869530 flushing  nmethod 0x000001fb6ff53610
Event: 380.424 Thread 0x000001fb77869530 flushing  nmethod 0x000001fb6ff8a710
Event: 380.424 Thread 0x000001fb77869530 flushing  nmethod 0x000001fb6ff90110
Event: 380.424 Thread 0x000001fb77869530 flushing  nmethod 0x000001fb6ff90410
Event: 380.424 Thread 0x000001fb77869530 flushing  nmethod 0x000001fb6ff91e10
Event: 380.424 Thread 0x000001fb77869530 flushing  nmethod 0x000001fb6ff92290
Event: 380.424 Thread 0x000001fb77869530 flushing  nmethod 0x000001fb6ff92590
Event: 380.424 Thread 0x000001fb77869530 flushing  nmethod 0x000001fb6ff92910
Event: 380.424 Thread 0x000001fb77869530 flushing  nmethod 0x000001fb6ff93910
Event: 380.424 Thread 0x000001fb77869530 flushing  nmethod 0x000001fb6ff97090
Event: 380.424 Thread 0x000001fb77869530 flushing  nmethod 0x000001fb6ffcd090
Event: 380.424 Thread 0x000001fb77869530 flushing  nmethod 0x000001fb6ffcea90
Event: 380.424 Thread 0x000001fb77869530 flushing  nmethod 0x000001fb6ffcf410
Event: 380.424 Thread 0x000001fb77869530 flushing  nmethod 0x000001fb6ffcf890
Event: 380.424 Thread 0x000001fb77869530 flushing  nmethod 0x000001fb6ffcfb90
Event: 380.424 Thread 0x000001fb77869530 flushing  nmethod 0x000001fb6ffd0810
Event: 380.424 Thread 0x000001fb77869530 flushing  nmethod 0x000001fb6ffd0e10

Events (20 events):
Event: 314.573 Thread 0x000001fb77899a30 Thread added: 0x000001fb416646b0
Event: 317.761 Thread 0x000001fb416646b0 Thread exited: 0x000001fb416646b0
Event: 319.214 Thread 0x000001fb416ed1e0 Thread added: 0x000001fb7f769b10
Event: 319.244 Thread 0x000001fb416edf00 Thread exited: 0x000001fb416edf00
Event: 319.254 Thread 0x000001fb7f769b10 Thread exited: 0x000001fb7f769b10
Event: 319.258 Thread 0x000001fb416ed1e0 Thread exited: 0x000001fb416ed1e0
Event: 319.281 Thread 0x000001fb77899a30 Thread added: 0x000001fb416646b0
Event: 319.281 Thread 0x000001fb77899a30 Thread added: 0x000001fb7d940da0
Event: 322.119 Thread 0x000001fb7d940da0 Thread exited: 0x000001fb7d940da0
Event: 327.265 Thread 0x000001fb416646b0 Thread exited: 0x000001fb416646b0
Event: 327.554 Thread 0x000001fb77899a30 Thread added: 0x000001fb416646b0
Event: 331.727 Thread 0x000001fb416646b0 Thread exited: 0x000001fb416646b0
Event: 335.506 Thread 0x000001fb77899a30 Thread added: 0x000001fb416646b0
Event: 343.229 Thread 0x000001fb416646b0 Thread exited: 0x000001fb416646b0
Event: 344.288 Thread 0x000001fb77899a30 Thread added: 0x000001fb416646b0
Event: 344.312 Thread 0x000001fb416646b0 Thread added: 0x000001fb7d1cea60
Event: 353.815 Thread 0x000001fb7d1cea60 Thread exited: 0x000001fb7d1cea60
Event: 353.815 Thread 0x000001fb416646b0 Thread exited: 0x000001fb416646b0
Event: 354.615 Thread 0x000001fb77899a30 Thread added: 0x000001fb416646b0
Event: 365.785 Thread 0x000001fb416646b0 Thread exited: 0x000001fb416646b0


Dynamic libraries:
0x00007ff60cc80000 - 0x00007ff60cc8e000 	D:\jdks\21\jdk\bin\java.exe
0x00007ffdd0060000 - 0x00007ffdd02c8000 	C:\WINDOWS\SYSTEM32\ntdll.dll
0x00007ffdcf5b0000 - 0x00007ffdcf679000 	C:\WINDOWS\System32\KERNEL32.DLL
0x00007ffdcda30000 - 0x00007ffdcde22000 	C:\WINDOWS\System32\KERNELBASE.dll
0x00007ffdcd8e0000 - 0x00007ffdcda2b000 	C:\WINDOWS\System32\ucrtbase.dll
0x00007ffdbf8d0000 - 0x00007ffdbf8ee000 	D:\jdks\21\jdk\bin\VCRUNTIME140.dll
0x00007ffdc5540000 - 0x00007ffdc5559000 	D:\jdks\21\jdk\bin\jli.dll
0x00007ffdcfe50000 - 0x00007ffdd0015000 	C:\WINDOWS\System32\USER32.dll
0x00007ffdcd5c0000 - 0x00007ffdcd5e7000 	C:\WINDOWS\System32\win32u.dll
0x00007ffdcfd60000 - 0x00007ffdcfd8b000 	C:\WINDOWS\System32\GDI32.dll
0x00007ffdcd490000 - 0x00007ffdcd5bd000 	C:\WINDOWS\System32\gdi32full.dll
0x00007ffdcd280000 - 0x00007ffdcd323000 	C:\WINDOWS\System32\msvcp_win.dll
0x00007ffdad310000 - 0x00007ffdad5a3000 	C:\WINDOWS\WinSxS\amd64_microsoft.windows.common-controls_6595b64144ccf1df_6.0.26100.6899_none_3e0efeeae32e88c1\COMCTL32.dll
0x00007ffdcf180000 - 0x00007ffdcf229000 	C:\WINDOWS\System32\msvcrt.dll
0x00007ffdcea00000 - 0x00007ffdcea2f000 	C:\WINDOWS\System32\IMM32.DLL
0x00007ffdc9a50000 - 0x00007ffdc9a5c000 	D:\jdks\21\jdk\bin\vcruntime140_1.dll
0x00007ffda26b0000 - 0x00007ffda273d000 	D:\jdks\21\jdk\bin\msvcp140.dll
0x00007ffd41420000 - 0x00007ffd421fd000 	D:\jdks\21\jdk\bin\server\jvm.dll
0x00007ffdcf0c0000 - 0x00007ffdcf174000 	C:\WINDOWS\System32\ADVAPI32.dll
0x00007ffdcde30000 - 0x00007ffdcded6000 	C:\WINDOWS\System32\sechost.dll
0x00007ffdcfc40000 - 0x00007ffdcfd58000 	C:\WINDOWS\System32\RPCRT4.dll
0x00007ffdcf040000 - 0x00007ffdcf0b4000 	C:\WINDOWS\System32\WS2_32.dll
0x00007ffdcd050000 - 0x00007ffdcd0ae000 	C:\WINDOWS\SYSTEM32\POWRPROF.dll
0x00007ffdb9c50000 - 0x00007ffdb9c5b000 	C:\WINDOWS\SYSTEM32\VERSION.dll
0x00007ffdc0450000 - 0x00007ffdc0485000 	C:\WINDOWS\SYSTEM32\WINMM.dll
0x00007ffdcd030000 - 0x00007ffdcd044000 	C:\WINDOWS\SYSTEM32\UMPDC.dll
0x00007ffdcbfc0000 - 0x00007ffdcbfdb000 	C:\WINDOWS\SYSTEM32\kernel.appcore.dll
0x00007ffdbfc70000 - 0x00007ffdbfc7a000 	D:\jdks\21\jdk\bin\jimage.dll
0x00007ffdcaa50000 - 0x00007ffdcac92000 	C:\WINDOWS\SYSTEM32\DBGHELP.DLL
0x00007ffdcf8b0000 - 0x00007ffdcfc2b000 	C:\WINDOWS\System32\combase.dll
0x00007ffdcf2d0000 - 0x00007ffdcf3a7000 	C:\WINDOWS\System32\OLEAUT32.dll
0x00007ffda9760000 - 0x00007ffda979c000 	C:\WINDOWS\SYSTEM32\dbgcore.DLL
0x00007ffdcd3f0000 - 0x00007ffdcd488000 	C:\WINDOWS\System32\bcryptPrimitives.dll
0x00007ffdbb160000 - 0x00007ffdbb182000 	D:\jdks\21\jdk\bin\java.dll
0x00007ffdce050000 - 0x00007ffdce79d000 	C:\WINDOWS\System32\SHELL32.dll
0x00007ffdcd5f0000 - 0x00007ffdcd75b000 	C:\WINDOWS\System32\wintypes.dll
0x00007ffdcaca0000 - 0x00007ffdcb4fd000 	C:\WINDOWS\SYSTEM32\windows.storage.dll
0x00007ffdcdf50000 - 0x00007ffdce042000 	C:\WINDOWS\System32\SHCORE.dll
0x00007ffdcf540000 - 0x00007ffdcf5a2000 	C:\WINDOWS\System32\shlwapi.dll
0x00007ffdcd110000 - 0x00007ffdcd139000 	C:\WINDOWS\SYSTEM32\profapi.dll
0x00007ffdbb140000 - 0x00007ffdbb152000 	D:\jdks\21\jdk\bin\net.dll
0x00007ffdc3210000 - 0x00007ffdc332f000 	C:\WINDOWS\SYSTEM32\WINHTTP.dll
0x00007ffdcc530000 - 0x00007ffdcc59b000 	C:\WINDOWS\system32\mswsock.dll
0x00007ffdbb120000 - 0x00007ffdbb136000 	D:\jdks\21\jdk\bin\nio.dll
0x00007ffdaf540000 - 0x00007ffdaf558000 	D:\jdks\21\jdk\bin\zip.dll
0x00007ffdbf910000 - 0x00007ffdbf91e000 	D:\jdks\21\jdk\bin\sunmscapi.dll
0x00007ffdcd760000 - 0x00007ffdcd8d7000 	C:\WINDOWS\System32\CRYPT32.dll
0x00007ffdcca00000 - 0x00007ffdcca30000 	C:\WINDOWS\SYSTEM32\ncrypt.dll
0x00007ffdcc9b0000 - 0x00007ffdcc9ef000 	C:\WINDOWS\SYSTEM32\NTASN1.dll
0x00007ffdbf8c0000 - 0x00007ffdbf8d0000 	D:\jdks\21\jdk\bin\verify.dll
0x00007ffdaf670000 - 0x00007ffdaf67a000 	D:\jdks\21\jdk\bin\management.dll
0x00007ffdae820000 - 0x00007ffdae82c000 	D:\jdks\21\jdk\bin\management_ext.dll
0x00007ffdcf2c0000 - 0x00007ffdcf2c8000 	C:\WINDOWS\System32\PSAPI.DLL
0x00007ffdcc7e0000 - 0x00007ffdcc7fb000 	C:\WINDOWS\SYSTEM32\CRYPTSP.dll
0x00007ffdcbf20000 - 0x00007ffdcbf5b000 	C:\WINDOWS\system32\rsaenh.dll
0x00007ffdcc5d0000 - 0x00007ffdcc5fb000 	C:\WINDOWS\SYSTEM32\USERENV.dll
0x00007ffdcd0e0000 - 0x00007ffdcd106000 	C:\WINDOWS\SYSTEM32\bcrypt.dll
0x00007ffdcc800000 - 0x00007ffdcc80c000 	C:\WINDOWS\SYSTEM32\CRYPTBASE.dll
0x00007ffdcba40000 - 0x00007ffdcba74000 	C:\WINDOWS\SYSTEM32\IPHLPAPI.DLL
0x00007ffdcdee0000 - 0x00007ffdcdeea000 	C:\WINDOWS\System32\NSI.dll
0x00007ffdae810000 - 0x00007ffdae819000 	D:\jdks\21\jdk\bin\extnet.dll
0x00007ffdcba80000 - 0x00007ffdcbba6000 	C:\WINDOWS\SYSTEM32\DNSAPI.dll
0x00007ffdc2eb0000 - 0x00007ffdc2ebb000 	C:\Windows\System32\rasadhlp.dll
0x00007ffdc45b0000 - 0x00007ffdc4636000 	C:\WINDOWS\System32\fwpuclnt.dll
0x00007ffd9e0f0000 - 0x00007ffd9e108000 	C:\WINDOWS\system32\napinsp.dll
0x00007ffd9e010000 - 0x00007ffd9e022000 	C:\WINDOWS\System32\winrnr.dll
0x00007ffd9dfe0000 - 0x00007ffd9e008000 	C:\WINDOWS\system32\nlansp_c.dll
0x00007ffdb6f30000 - 0x00007ffdb6f46000 	C:\WINDOWS\system32\wshbth.dll

dbghelp: loaded successfully - version: 4.0.5 - missing functions: none
symbol engine: initialized successfully - sym options: 0x614 - pdb path: .;D:\jdks\21\jdk\bin;C:\WINDOWS\SYSTEM32;C:\WINDOWS\WinSxS\amd64_microsoft.windows.common-controls_6595b64144ccf1df_6.0.26100.6899_none_3e0efeeae32e88c1;D:\jdks\21\jdk\bin\server

VM Arguments:
jvm_args: -Dspring.output.ansi.enabled=ALWAYS -XX:TieredStopAtLevel=1 -Dfile.encoding=UTF-8 -Duser.country=US -Duser.language=en -Duser.variant 
java_command: org.apache.fineract.ServerApplication
java_class_path (initial): C:\Users\Wilfred\.gradle\.tmp\gradle-javaexec-classpath3750149286129666281.jar
Launcher Type: SUN_STANDARD

[Global flags]
     intx CICompilerCount                          = 4                                         {product} {ergonomic}
     uint ConcGCThreads                            = 2                                         {product} {ergonomic}
     uint G1ConcRefinementThreads                  = 8                                         {product} {ergonomic}
   size_t G1HeapRegionSize                         = 1048576                                   {product} {ergonomic}
    uintx GCDrainStackTargetSize                   = 64                                        {product} {ergonomic}
   size_t InitialHeapSize                          = 130023424                                 {product} {ergonomic}
   size_t MarkStackSize                            = 4194304                                   {product} {ergonomic}
   size_t MaxHeapSize                              = 2055208960                                {product} {ergonomic}
   size_t MaxNewSize                               = 1233125376                                {product} {ergonomic}
   size_t MinHeapDeltaBytes                        = 1048576                                   {product} {ergonomic}
   size_t MinHeapSize                              = 8388608                                   {product} {ergonomic}
    uintx NonNMethodCodeHeapSize                   = 4096                                   {pd product} {ergonomic}
    uintx NonProfiledCodeHeapSize                  = 0                                      {pd product} {ergonomic}
     bool ProfileInterpreter                       = false                                  {pd product} {command line}
    uintx ProfiledCodeHeapSize                     = 0                                      {pd product} {ergonomic}
   size_t SoftMaxHeapSize                          = 2055208960                             {manageable} {ergonomic}
     intx TieredStopAtLevel                        = 1                                         {product} {command line}
     bool UseCompressedOops                        = true                           {product lp64_product} {ergonomic}
     bool UseG1GC                                  = true                                      {product} {ergonomic}
     bool UseLargePagesIndividualAllocation        = false                                  {pd product} {ergonomic}

Logging:
Log output configuration:
 #0: stdout all=warning uptime,level,tags foldmultilines=false
 #1: stderr all=off uptime,level,tags foldmultilines=false

Environment Variables:
JAVA_HOME=D:\jdks\21\jdk
CLASSPATH=D:\projects\fineract\\gradle\wrapper\gradle-wrapper.jar
PATH=C:\Program Files\Microsoft SDKs\Azure\CLI2\wbin;C:\WINDOWS\system32;C:\WINDOWS;C:\WINDOWS\System32\Wbem;C:\WINDOWS\System32\WindowsPowerShell\v1.0\;C:\WINDOWS\System32\OpenSSH\;d:\Program Files\Microsoft VS Code\bin;D:\Program Files\PostgreSQL\14\bin;D:\gradle-7.4.2-bin\gradle-7.4.2\bin;C:\Users\Wilfred\AppData\Local\Programs\Python\Python310\Scripts;C:\Program Files\Microsoft\Web Platform Installer\;D:\apache-maven-3.9.2-bin\apache-maven-3.9.2\bin;C:\Program Files\MariaDB 11.3\bin;C:\Program Files (x86)\Microsoft SQL Server\160\DTS\Binn\;C:\Program Files\Azure Data Studio\bin;C:\Program Files\Microsoft SQL Server\Client SDK\ODBC\170\Tools\Binn\;C:\Program Files (x86)\Microsoft SQL Server\150\Tools\Binn\;C:\Program Files\Microsoft SQL Server\150\Tools\Binn\;C:\Program Files\Microsoft SQL Server\150\DTS\Binn\;C:\Program Files (x86)\Microsoft SQL Server\160\Tools\Binn\;C:\Program Files\Microsoft SQL Server\160\Tools\Binn\;C:\Program Files\Microsoft SQL Server\160\DTS\Binn\;C:\Program Files\Amazon\AWSCLIV2\;C:\Program Files\MariaDB 11.3\bin;D:\jdks\21\jdk\bin;D:\Program Files\PuTTY\;d:\Program Files\Git\cmd;C:\Program Files\MariaDB 11.7\bin;;C:\Program Files\Docker\Docker\resources\bin;D:\Program Files\nodejs\;C:\Users\Wilfred\AppData\Local\pnpm;C:\Users\Wilfred\AppData\Local\Microsoft\WindowsApps;D:\Program Files\JetBrains\IntelliJ IDEA Community Edition 2024.2.4\bin;;d:\Program Files\heroku\bin;C:\Users\Wilfred\.ebcli-virtual-env\executables;C:\Users\Wilfred\AppData\Local\Android\Sdk\platform-tools;C:\Users\Wilfred\AppData\Local\GitHubDesktop\bin;;C:\Program Files\Azure Data Studio\bin;C:\Users\Wilfred\AppData\Roaming\npm;D:\Program Files\JetBrains\IntelliJ IDEA 2025.2.3\bin
USERNAME=Wilfred
OS=Windows_NT
PROCESSOR_IDENTIFIER=Intel64 Family 6 Model 140 Stepping 1, GenuineIntel
TMP=C:\Users\Wilfred\AppData\Local\Temp
TEMP=C:\Users\Wilfred\AppData\Local\Temp




Periodic native trim disabled

---------------  S Y S T E M  ---------------

OS:
 Windows 11 , 64 bit Build 26100 (10.0.26100.6725)
OS uptime: 2 days 3:11 hours
Hyper-V role detected

CPU: total 8 (initial active 8) (4 cores per cpu, 2 threads per core) family 6 model 140 stepping 1 microcode 0xb4, cx8, cmov, fxsr, ht, mmx, 3dnowpref, sse, sse2, sse3, ssse3, sse4.1, sse4.2, popcnt, lzcnt, tsc, tscinvbit, avx, avx2, aes, erms, clmul, bmi1, bmi2, adx, avx512f, avx512dq, avx512cd, avx512bw, avx512vl, sha, fma, vzeroupper, avx512_vpopcntdq, avx512_vpclmulqdq, avx512_vaes, avx512_vnni, clflush, clflushopt, clwb, avx512_vbmi2, avx512_vbmi, hv, rdtscp, rdpid, fsrm, gfni, avx512_bitalg, f16c, cet_ibt, cet_ss, avx512_ifma
Processor Information for processor 0
  Max Mhz: 2701, Current Mhz: 2701, Mhz Limit: 2701
Processor Information for processor 1
  Max Mhz: 2701, Current Mhz: 2701, Mhz Limit: 2701
Processor Information for processor 2
  Max Mhz: 2701, Current Mhz: 2701, Mhz Limit: 2701
Processor Information for processor 3
  Max Mhz: 2701, Current Mhz: 1400, Mhz Limit: 2701
Processor Information for processor 4
  Max Mhz: 2701, Current Mhz: 2701, Mhz Limit: 2701
Processor Information for processor 5
  Max Mhz: 2701, Current Mhz: 2701, Mhz Limit: 2701
Processor Information for processor 6
  Max Mhz: 2701, Current Mhz: 2701, Mhz Limit: 2701
Processor Information for processor 7
  Max Mhz: 2701, Current Mhz: 2701, Mhz Limit: 2701

Memory: 4k page, system-wide physical 7834M (881M free)
TotalPageFile size 31376M (AvailPageFile size 413M)
current process WorkingSet (physical memory assigned to process): 515M, peak: 515M
current process commit charge ("private bytes"): 718M, peak: 1334M

vm_info: OpenJDK 64-Bit Server VM (21.0.7+6-LTS) for windows-amd64 JRE (21.0.7+6-LTS) (Zulu21.42+19-CA), built on 2025-04-07T10:58:55Z by "zulu_re" with MS VC++ 17.1 (VS2022)

END.
