#
# There is insufficient memory for the Java Runtime Environment to continue.
# Native memory allocation (mmap) failed to map 729808896 bytes. Error detail: G1 virtual space
# Possible reasons:
#   The system is out of physical RAM or swap space
#   This process is running with CompressedOops enabled, and the Java Heap may be blocking the growth of the native heap
# Possible solutions:
#   Reduce memory load on the system
#   Increase physical memory or swap space
#   Check if swap backing store is full
#   Decrease Java heap size (-Xmx/-Xms)
#   Decrease number of Java threads
#   Decrease Java thread stack sizes (-Xss)
#   Set larger code cache with -XX:ReservedCodeCacheSize=
#   JVM is running with Zero Based Compressed Oops mode in which the Java heap is
#     placed in the first 32GB address space. The Java Heap base address is the
#     maximum limit for the native heap growth. Please use -XX:HeapBaseMinAddress
#     to set the Java Heap base and to place the Java Heap above 32GB virtual address.
# This output file may be truncated or incomplete.
#
#  Out of Memory Error (os_windows.cpp:3686), pid=20756, tid=18496
#
# JRE version: OpenJDK Runtime Environment Zulu21.42+19-CA (21.0.7+6) (build 21.0.7+6-LTS)
# Java VM: OpenJDK 64-Bit Server VM Zulu21.42+19-CA (21.0.7+6-LTS, mixed mode, sharing, tiered, compressed oops, compressed class ptrs, g1 gc, windows-amd64)
# No core dump will be written. Minidumps are not enabled by default on client versions of Windows
#

---------------  S U M M A R Y ------------

Command Line: --add-exports=jdk.compiler/com.sun.tools.javac.api=ALL-UNNAMED --add-exports=jdk.compiler/com.sun.tools.javac.file=ALL-UNNAMED --add-exports=jdk.compiler/com.sun.tools.javac.parser=ALL-UNNAMED --add-exports=jdk.compiler/com.sun.tools.javac.tree=ALL-UNNAMED --add-exports=jdk.compiler/com.sun.tools.javac.util=ALL-UNNAMED --add-exports=java.naming/com.sun.jndi.ldap=ALL-UNNAMED --add-opens=java.base/java.lang=ALL-UNNAMED --add-opens=java.base/java.lang.invoke=ALL-UNNAMED --add-opens=java.base/java.io=ALL-UNNAMED --add-opens=java.base/java.security=ALL-UNNAMED --add-opens=java.base/java.util=ALL-UNNAMED --add-opens=java.management/javax.management=ALL-UNNAMED --add-opens=java.naming/javax.naming=ALL-UNNAMED --add-opens=java.rmi/sun.rmi.transport=null --add-opens=java.base/java.util=ALL-UNNAMED --add-opens=java.base/java.lang=ALL-UNNAMED --add-opens=java.base/java.lang.invoke=ALL-UNNAMED --add-opens=java.prefs/java.util.prefs=ALL-UNNAMED --add-exports=jdk.compiler/com.sun.tools.javac.api=ALL-UNNAMED --add-exports=jdk.compiler/com.sun.tools.javac.util=ALL-UNNAMED --add-opens=java.base/java.nio.charset=ALL-UNNAMED --add-opens=java.base/java.net=ALL-UNNAMED --add-opens=java.base/java.util.concurrent.atomic=ALL-UNNAMED -Xmx12g -Dfile.encoding=UTF-8 -Duser.country=US -Duser.language=en -Duser.variant -javaagent:C:\Users\Wilfred\.gradle\wrapper\dists\gradle-8.10.2-bin\a04bxjujx95o3nb99gddekhwo\gradle-8.10.2\lib\agents\gradle-instrumentation-agent-8.10.2.jar org.gradle.launcher.daemon.bootstrap.GradleDaemon 8.10.2

Host: 11th Gen Intel(R) Core(TM) i7-1165G7 @ 2.80GHz, 8 cores, 7G,  Windows 11 , 64 bit Build 26100 (10.0.26100.6725)
Time: Thu Oct 23 21:36:10 2025 E. Africa Standard Time elapsed time: 22321.360640 seconds (0d 6h 12m 1s)

---------------  T H R E A D  ---------------

Current thread (0x000001a33149d790):  VMThread "VM Thread"          [id=18496, stack(0x0000004bb1800000,0x0000004bb1900000) (1024K)]

Stack: [0x0000004bb1800000,0x0000004bb1900000]
Native frames: (J=compiled Java code, j=interpreted, Vv=VM code, C=native code)
V  [jvm.dll+0x6fb989]
V  [jvm.dll+0x8defdf]
V  [jvm.dll+0x8e13d8]
V  [jvm.dll+0x8e1b43]
V  [jvm.dll+0x299c76]
V  [jvm.dll+0x6f80d5]
V  [jvm.dll+0x6ebfda]
V  [jvm.dll+0x374eca]
V  [jvm.dll+0x37cbd6]
V  [jvm.dll+0x3d1625]
V  [jvm.dll+0x3d18e8]
V  [jvm.dll+0x346c43]
V  [jvm.dll+0x346cd7]
V  [jvm.dll+0x38d57c]
V  [jvm.dll+0x38bd92]
V  [jvm.dll+0x3463e1]
V  [jvm.dll+0x38b44a]
V  [jvm.dll+0x8e7ac6]
V  [jvm.dll+0x8e8ee4]
V  [jvm.dll+0x8e9430]
V  [jvm.dll+0x8e96d3]
V  [jvm.dll+0x886426]
V  [jvm.dll+0x6fa044]
C  [ucrtbase.dll+0x37b0]
C  [KERNEL32.DLL+0x2e8d7]
C  [ntdll.dll+0x8c53c]

VM_Operation (0x0000004bbcffd730): G1CollectForAllocation, mode: safepoint, requested by thread 0x000001a383879140


---------------  P R O C E S S  ---------------

Threads class SMR info:
_java_thread_list=0x000001a305bbe170, length=178, elements={
0x000001a3096e2130, 0x000001a3314b6a50, 0x000001a3314b76b0, 0x000001a3314b8720,
0x000001a3314bb190, 0x000001a3314bbbf0, 0x000001a3314be660, 0x000001a3314bf000,
0x000001a3314bfe00, 0x000001a33148ef00, 0x000001a37927ec10, 0x000001a37abb7fd0,
0x000001a379fb3b90, 0x000001a37ac22c60, 0x000001a37ab016b0, 0x000001a37ab02a60,
0x000001a37ab030f0, 0x000001a37eb88130, 0x000001a37eb894e0, 0x000001a37eb8a890,
0x000001a37eb8b5b0, 0x000001a3792081e0, 0x000001a379208870, 0x000001a37ec53e60,
0x000001a37ec55f30, 0x000001a37ec58000, 0x000001a37df36a40, 0x000001a37df370d0,
0x000001a300969d30, 0x000001a37b756e40, 0x000001a37b756120, 0x000001a37d392650,
0x000001a382a7e780, 0x000001a37ee521d0, 0x000001a37ee56a00, 0x000001a37ee57db0,
0x000001a37ee59160, 0x000001a389ad9d40, 0x000001a37d6ca410, 0x000001a37d6c96f0,
0x000001a37d6c9060, 0x000001a305a7dd90, 0x000001a381a12070, 0x000001a381a12700,
0x000001a381a12d90, 0x000001a381a13420, 0x000001a38a3c2e30, 0x000001a38a3c4870,
0x000001a38a3c34c0, 0x000001a305a7e420, 0x000001a305a7d070, 0x000001a305a7d700,
0x000001a37b181060, 0x000001a37b182410, 0x000001a37b1816f0, 0x000001a37b181d80,
0x000001a37ec544f0, 0x000001a389ad9020, 0x000001a3810326f0, 0x000001a38a3c4f00,
0x000001a38a3c41e0, 0x000001a381032d80, 0x000001a381033410, 0x000001a381032060,
0x000001a3837487c0, 0x000001a383748e50, 0x000001a3837494e0, 0x000001a383746060,
0x000001a3837466f0, 0x000001a383746d80, 0x000001a383747410, 0x000001a383747aa0,
0x000001a383748130, 0x000001a38374dbe0, 0x000001a38374e900, 0x000001a38374d550,
0x000001a38374c830, 0x000001a38374e270, 0x000001a38374bb10, 0x000001a38374b480,
0x000001a38374c1a0, 0x000001a38374cec0, 0x000001a3840647c0, 0x000001a38a3c5590,
0x000001a384064e50, 0x000001a384062060, 0x000001a37ec51070, 0x000001a37d6c9d80,
0x000001a38a3c2110, 0x000001a37b183130, 0x000001a37b1837c0, 0x000001a37b183e50,
0x000001a37b1844e0, 0x000001a38a3c3b50, 0x000001a3893dc420, 0x000001a380b9c080,
0x000001a380b9c710, 0x000001a381709700, 0x000001a38170aab0, 0x000001a381709d90,
0x000001a38170b7d0, 0x000001a38170b140, 0x000001a38170a420, 0x000001a38170be60,
0x000001a38170c4f0, 0x000001a3893dcab0, 0x000001a389ad96b0, 0x000001a389ada3d0,
0x000001a382a03710, 0x000001a382a03080, 0x000001a382a05e70, 0x000001a382a057e0,
0x000001a382a06500, 0x000001a382a03da0, 0x000001a384062d80, 0x000001a3840654e0,
0x000001a384063410, 0x000001a384063aa0, 0x000001a3840626f0, 0x000001a384064130,
0x000001a37ec51700, 0x000001a3893dd140, 0x000001a3893dbd90, 0x000001a3893dd7d0,
0x000001a3893dde60, 0x000001a3893de4f0, 0x000001a3893db070, 0x000001a3893db700,
0x000001a37ec80d80, 0x000001a37ec806f0, 0x000001a37ec81410, 0x000001a383878ab0,
0x000001a382a04430, 0x000001a382a04ac0, 0x000001a382a05150, 0x000001a305c72130,
0x000001a305c71aa0, 0x000001a38387a4f0, 0x000001a383877070, 0x000001a305c70060,
0x000001a305c727c0, 0x000001a305c72e50, 0x000001a305c734e0, 0x000001a305c706f0,
0x000001a305c70d80, 0x000001a305c71410, 0x000001a37d575aa0, 0x000001a3066b22f0,
0x000001a3066b3010, 0x000001a3066b2980, 0x000001a37ec82e50, 0x000001a37ec81aa0,
0x000001a37ec834e0, 0x000001a37d575410, 0x000001a37d576130, 0x000001a37e9f24e0,
0x000001a37e9ef060, 0x000001a37e9f1e50, 0x000001a37e9ef6f0, 0x000001a37e9efd80,
0x000001a37e9f0410, 0x000001a37e9f0aa0, 0x000001a37e9f1130, 0x000001a3837b5130,
0x000001a3837b4aa0, 0x000001a383877700, 0x000001a3838797d0, 0x000001a383879e60,
0x000001a383877d90, 0x000001a383878420, 0x000001a383879140, 0x000001a3832b92d0,
0x000001a3832b85b0, 0x000001a3832b7f20, 0x000001a3832b8c40, 0x000001a3832b9960,
0x000001a3837b57c0, 0x000001a3837b5e50
}

Java Threads: ( => current thread )
  0x000001a3096e2130 JavaThread "main"                              [_thread_blocked, id=10964, stack(0x0000004bb1100000,0x0000004bb1200000) (1024K)]
  0x000001a3314b6a50 JavaThread "Reference Handler"          daemon [_thread_blocked, id=23556, stack(0x0000004bb1900000,0x0000004bb1a00000) (1024K)]
  0x000001a3314b76b0 JavaThread "Finalizer"                  daemon [_thread_blocked, id=22780, stack(0x0000004bb1a00000,0x0000004bb1b00000) (1024K)]
  0x000001a3314b8720 JavaThread "Signal Dispatcher"          daemon [_thread_blocked, id=22544, stack(0x0000004bb1b00000,0x0000004bb1c00000) (1024K)]
  0x000001a3314bb190 JavaThread "Attach Listener"            daemon [_thread_blocked, id=7412, stack(0x0000004bb1c00000,0x0000004bb1d00000) (1024K)]
  0x000001a3314bbbf0 JavaThread "Service Thread"             daemon [_thread_blocked, id=21836, stack(0x0000004bb1d00000,0x0000004bb1e00000) (1024K)]
  0x000001a3314be660 JavaThread "Monitor Deflation Thread"   daemon [_thread_blocked, id=6180, stack(0x0000004bb1e00000,0x0000004bb1f00000) (1024K)]
  0x000001a3314bf000 JavaThread "C2 CompilerThread0"         daemon [_thread_blocked, id=16020, stack(0x0000004bb1f00000,0x0000004bb2000000) (1024K)]
  0x000001a3314bfe00 JavaThread "C1 CompilerThread0"         daemon [_thread_blocked, id=18640, stack(0x0000004bb2000000,0x0000004bb2100000) (1024K)]
  0x000001a33148ef00 JavaThread "Common-Cleaner"             daemon [_thread_blocked, id=22912, stack(0x0000004bb2100000,0x0000004bb2200000) (1024K)]
  0x000001a37927ec10 JavaThread "Notification Thread"        daemon [_thread_blocked, id=12904, stack(0x0000004bb2300000,0x0000004bb2400000) (1024K)]
  0x000001a37abb7fd0 JavaThread "Daemon health stats"               [_thread_blocked, id=9148, stack(0x0000004bb2900000,0x0000004bb2a00000) (1024K)]
  0x000001a379fb3b90 JavaThread "Incoming local TCP Connector on port 59849"        [_thread_in_native, id=24520, stack(0x0000004bb2a00000,0x0000004bb2b00000) (1024K)]
  0x000001a37ac22c60 JavaThread "Daemon periodic checks"            [_thread_blocked, id=24032, stack(0x0000004bb2b00000,0x0000004bb2c00000) (1024K)]
  0x000001a37ab016b0 JavaThread "Cache worker for journal cache (C:\Users\Wilfred\.gradle\caches\journal-1)"        [_thread_blocked, id=21940, stack(0x0000004bb3600000,0x0000004bb3700000) (1024K)]
  0x000001a37ab02a60 JavaThread "File lock request listener"        [_thread_in_native, id=1796, stack(0x0000004bb3700000,0x0000004bb3800000) (1024K)]
  0x000001a37ab030f0 JavaThread "Cache worker for file hash cache (C:\Users\Wilfred\.gradle\caches\8.10.2\fileHashes)"        [_thread_blocked, id=7272, stack(0x0000004bb3800000,0x0000004bb3900000) (1024K)]
  0x000001a37eb88130 JavaThread "File watcher server"        daemon [_thread_blocked, id=5428, stack(0x0000004bb3d00000,0x0000004bb3e00000) (1024K)]
  0x000001a37eb894e0 JavaThread "File watcher consumer"      daemon [_thread_blocked, id=20040, stack(0x0000004bb3e00000,0x0000004bb3f00000) (1024K)]
  0x000001a37eb8a890 JavaThread "Cache worker for file content cache (C:\Users\Wilfred\.gradle\caches\8.10.2\fileContent)"        [_thread_blocked, id=20364, stack(0x0000004bb2700000,0x0000004bb2800000) (1024K)]
  0x000001a37eb8b5b0 JavaThread "jar transforms"                    [_thread_blocked, id=16088, stack(0x0000004bb4300000,0x0000004bb4400000) (1024K)]
  0x000001a3792081e0 JavaThread "jar transforms Thread 2"           [_thread_blocked, id=22996, stack(0x0000004bb4d00000,0x0000004bb4e00000) (1024K)]
  0x000001a379208870 JavaThread "JNA Cleaner"                daemon [_thread_blocked, id=4496, stack(0x0000004bb4e00000,0x0000004bb4f00000) (1024K)]
  0x000001a37ec53e60 JavaThread "Memory manager"                    [_thread_blocked, id=17792, stack(0x0000004bb5300000,0x0000004bb5400000) (1024K)]
  0x000001a37ec55f30 JavaThread "jar transforms Thread 3"           [_thread_blocked, id=19576, stack(0x0000004bb5c00000,0x0000004bb5d00000) (1024K)]
  0x000001a37ec58000 JavaThread "jar transforms Thread 4"           [_thread_blocked, id=9536, stack(0x0000004bb5e00000,0x0000004bb5f00000) (1024K)]
  0x000001a37df36a40 JavaThread "jar transforms Thread 5"           [_thread_blocked, id=23620, stack(0x0000004bb6000000,0x0000004bb6100000) (1024K)]
  0x000001a37df370d0 JavaThread "jar transforms Thread 6"           [_thread_blocked, id=11444, stack(0x0000004bb6100000,0x0000004bb6200000) (1024K)]
  0x000001a300969d30 JavaThread "jar transforms Thread 7"           [_thread_blocked, id=12660, stack(0x0000004bbbd00000,0x0000004bbbe00000) (1024K)]
  0x000001a37b756e40 JavaThread "jar transforms Thread 8"           [_thread_blocked, id=24112, stack(0x0000004bb6200000,0x0000004bb6300000) (1024K)]
  0x000001a37b756120 JavaThread "Thread-121"                 daemon [_thread_blocked, id=19864, stack(0x0000004bb5f00000,0x0000004bb6000000) (1024K)]
  0x000001a37d392650 JavaThread "JGit-WorkQueue"             daemon [_thread_blocked, id=12272, stack(0x0000004bbc200000,0x0000004bbc300000) (1024K)]
  0x000001a382a7e780 JavaThread "Cache worker for Java compile cache (C:\Users\Wilfred\.gradle\caches\8.10.2\javaCompile)"        [_thread_blocked, id=21884, stack(0x0000004bbc000000,0x0000004bbc100000) (1024K)]
  0x000001a37ee521d0 JavaThread "ForkJoinPool.commonPool-worker-15" daemon [_thread_blocked, id=7912, stack(0x0000004bb5000000,0x0000004bb5100000) (1024K)]
  0x000001a37ee56a00 JavaThread "ForkJoinPool.commonPool-worker-16" daemon [_thread_blocked, id=5212, stack(0x0000004bb5100000,0x0000004bb5200000) (1024K)]
  0x000001a37ee57db0 JavaThread "ForkJoinPool.commonPool-worker-17" daemon [_thread_blocked, id=22808, stack(0x0000004bb5200000,0x0000004bb5300000) (1024K)]
  0x000001a37ee59160 JavaThread "ForkJoinPool.commonPool-worker-20" daemon [_thread_blocked, id=9472, stack(0x0000004bb5700000,0x0000004bb5800000) (1024K)]
  0x000001a389ad9d40 JavaThread "Daemon Thread 4"                   [_thread_blocked, id=9376, stack(0x0000004bb0e00000,0x0000004bb0f00000) (1024K)]
  0x000001a37d6ca410 JavaThread "Handler for socket connection from /127.0.0.1:59849 to /127.0.0.1:50269"        [_thread_in_native, id=20232, stack(0x0000004bb0f00000,0x0000004bb1000000) (1024K)]
  0x000001a37d6c96f0 JavaThread "Cancel handler"                    [_thread_blocked, id=20112, stack(0x0000004bb1000000,0x0000004bb1100000) (1024K)]
  0x000001a37d6c9060 JavaThread "Daemon worker Thread 4"            [_thread_blocked, id=1828, stack(0x0000004bb2200000,0x0000004bb2300000) (1024K)]
  0x000001a305a7dd90 JavaThread "Asynchronous log dispatcher for DefaultDaemonConnection: socket connection from /127.0.0.1:59849 to /127.0.0.1:50269"        [_thread_blocked, id=15808, stack(0x0000004bb2c00000,0x0000004bb2d00000) (1024K)]
  0x000001a381a12070 JavaThread "Stdin handler"                     [_thread_blocked, id=20428, stack(0x0000004bb2d00000,0x0000004bb2e00000) (1024K)]
  0x000001a381a12700 JavaThread "Daemon client event forwarder"        [_thread_blocked, id=22856, stack(0x0000004bb2e00000,0x0000004bb2f00000) (1024K)]
  0x000001a381a12d90 JavaThread "Cache worker for file hash cache (D:\projects\fineract\.gradle\8.10.2\fileHashes)"        [_thread_blocked, id=7108, stack(0x0000004bb2f00000,0x0000004bb3000000) (1024K)]
  0x000001a381a13420 JavaThread "Cache worker for Build Output Cleanup Cache (D:\projects\fineract\.gradle\buildOutputCleanup)"        [_thread_blocked, id=3864, stack(0x0000004bb3000000,0x0000004bb3100000) (1024K)]
  0x000001a38a3c2e30 JavaThread "Cache worker for Build Output Cleanup Cache (D:\projects\fineract\buildSrc\.gradle\buildOutputCleanup)"        [_thread_blocked, id=21900, stack(0x0000004bb3100000,0x0000004bb3200000) (1024K)]
  0x000001a38a3c4870 JavaThread "Cache worker for checksums cache (D:\projects\fineract\.gradle\8.10.2\checksums)"        [_thread_blocked, id=11624, stack(0x0000004bb3200000,0x0000004bb3300000) (1024K)]
  0x000001a38a3c34c0 JavaThread "Cache worker for cache directory md-rule (C:\Users\Wilfred\.gradle\caches\8.10.2\md-rule)"        [_thread_blocked, id=8340, stack(0x0000004bb3a00000,0x0000004bb3b00000) (1024K)]
  0x000001a305a7e420 JavaThread "Cache worker for cache directory md-supplier (C:\Users\Wilfred\.gradle\caches\8.10.2\md-supplier)"        [_thread_blocked, id=19608, stack(0x0000004bb3b00000,0x0000004bb3c00000) (1024K)]
  0x000001a305a7d070 JavaThread "Unconstrained build operations"        [_thread_blocked, id=23488, stack(0x0000004bb3c00000,0x0000004bb3d00000) (1024K)]
  0x000001a305a7d700 JavaThread "Unconstrained build operations Thread 2"        [_thread_blocked, id=20916, stack(0x0000004bb3f00000,0x0000004bb4000000) (1024K)]
  0x000001a37b181060 JavaThread "Unconstrained build operations Thread 3"        [_thread_blocked, id=8976, stack(0x0000004bb4000000,0x0000004bb4100000) (1024K)]
  0x000001a37b182410 JavaThread "Unconstrained build operations Thread 4"        [_thread_blocked, id=4036, stack(0x0000004bb4100000,0x0000004bb4200000) (1024K)]
  0x000001a37b1816f0 JavaThread "gradle-enterprise-worker-6"        [_thread_blocked, id=3196, stack(0x0000004bb4200000,0x0000004bb4300000) (1024K)]
  0x000001a37b181d80 JavaThread "Develocity resource usage"  daemon [_thread_blocked, id=16672, stack(0x0000004bb4400000,0x0000004bb4500000) (1024K)]
  0x000001a37ec544f0 JavaThread "ForkJoinPool.commonPool-worker-24" daemon [_thread_blocked, id=9112, stack(0x0000004bb4b00000,0x0000004bb4c00000) (1024K)]
  0x000001a389ad9020 JavaThread "ForkJoinPool.commonPool-worker-22" daemon [_thread_blocked, id=19460, stack(0x0000004bb4f00000,0x0000004bb5000000) (1024K)]
  0x000001a3810326f0 JavaThread "ForkJoinPool.commonPool-worker-23" daemon [_thread_blocked, id=14532, stack(0x0000004bb5400000,0x0000004bb5500000) (1024K)]
  0x000001a38a3c4f00 JavaThread "Unconstrained build operations Thread 5"        [_thread_blocked, id=11088, stack(0x0000004bb5500000,0x0000004bb5600000) (1024K)]
  0x000001a38a3c41e0 JavaThread "Unconstrained build operations Thread 6"        [_thread_blocked, id=18128, stack(0x0000004bb5600000,0x0000004bb5700000) (1024K)]
  0x000001a381032d80 JavaThread "Unconstrained build operations Thread 7"        [_thread_blocked, id=22272, stack(0x0000004bb5800000,0x0000004bb5900000) (1024K)]
  0x000001a381033410 JavaThread "Unconstrained build operations Thread 8"        [_thread_blocked, id=5504, stack(0x0000004bb5900000,0x0000004bb5a00000) (1024K)]
  0x000001a381032060 JavaThread "Unconstrained build operations Thread 9"        [_thread_blocked, id=7820, stack(0x0000004bb5a00000,0x0000004bb5b00000) (1024K)]
  0x000001a3837487c0 JavaThread "Unconstrained build operations Thread 10"        [_thread_blocked, id=8440, stack(0x0000004bb5b00000,0x0000004bb5c00000) (1024K)]
  0x000001a383748e50 JavaThread "Unconstrained build operations Thread 11"        [_thread_blocked, id=7512, stack(0x0000004bb5d00000,0x0000004bb5e00000) (1024K)]
  0x000001a3837494e0 JavaThread "Unconstrained build operations Thread 12"        [_thread_blocked, id=15112, stack(0x0000004bb6300000,0x0000004bb6400000) (1024K)]
  0x000001a383746060 JavaThread "Unconstrained build operations Thread 13"        [_thread_blocked, id=22400, stack(0x0000004bb6400000,0x0000004bb6500000) (1024K)]
  0x000001a3837466f0 JavaThread "Unconstrained build operations Thread 14"        [_thread_blocked, id=4692, stack(0x0000004bb6500000,0x0000004bb6600000) (1024K)]
  0x000001a383746d80 JavaThread "Unconstrained build operations Thread 15"        [_thread_blocked, id=19268, stack(0x0000004bb6600000,0x0000004bb6700000) (1024K)]
  0x000001a383747410 JavaThread "Unconstrained build operations Thread 16"        [_thread_blocked, id=9128, stack(0x0000004bb6700000,0x0000004bb6800000) (1024K)]
  0x000001a383747aa0 JavaThread "Unconstrained build operations Thread 17"        [_thread_blocked, id=7176, stack(0x0000004bb6800000,0x0000004bb6900000) (1024K)]
  0x000001a383748130 JavaThread "Unconstrained build operations Thread 18"        [_thread_blocked, id=9676, stack(0x0000004bb6900000,0x0000004bb6a00000) (1024K)]
  0x000001a38374dbe0 JavaThread "Unconstrained build operations Thread 19"        [_thread_blocked, id=6464, stack(0x0000004bb6a00000,0x0000004bb6b00000) (1024K)]
  0x000001a38374e900 JavaThread "Unconstrained build operations Thread 20"        [_thread_blocked, id=8308, stack(0x0000004bb6b00000,0x0000004bb6c00000) (1024K)]
  0x000001a38374d550 JavaThread "Unconstrained build operations Thread 21"        [_thread_blocked, id=5424, stack(0x0000004bb6c00000,0x0000004bb6d00000) (1024K)]
  0x000001a38374c830 JavaThread "Unconstrained build operations Thread 22"        [_thread_blocked, id=16260, stack(0x0000004bb6d00000,0x0000004bb6e00000) (1024K)]
  0x000001a38374e270 JavaThread "Resource Usage Collector SystemCpu" daemon [_thread_blocked, id=8448, stack(0x0000004bb6e00000,0x0000004bb6f00000) (1024K)]
  0x000001a38374bb10 JavaThread "Resource Usage Collector Monitoring 0" daemon [_thread_blocked, id=23120, stack(0x0000004bb6f00000,0x0000004bb7000000) (1024K)]
  0x000001a38374b480 JavaThread "Resource Usage Collector Memory" daemon [_thread_blocked, id=5476, stack(0x0000004bb7000000,0x0000004bb7100000) (1024K)]
  0x000001a38374c1a0 JavaThread "Resource Usage Collector Monitoring 1" daemon [_thread_blocked, id=11284, stack(0x0000004bb7100000,0x0000004bb7200000) (1024K)]
  0x000001a38374cec0 JavaThread "Resource Usage Collector NetworkSpeed" daemon [_thread_blocked, id=21644, stack(0x0000004bb7200000,0x0000004bb7300000) (1024K)]
  0x000001a3840647c0 JavaThread "Resource Usage Collector Monitoring 2" daemon [_thread_blocked, id=8428, stack(0x0000004bb7300000,0x0000004bb7400000) (1024K)]
  0x000001a38a3c5590 JavaThread "Resource Usage Collector DiskSpeed" daemon [_thread_blocked, id=13656, stack(0x0000004bb7400000,0x0000004bb7500000) (1024K)]
  0x000001a384064e50 JavaThread "Resource Usage Collector Monitoring 3" daemon [_thread_blocked, id=9596, stack(0x0000004bb7500000,0x0000004bb7600000) (1024K)]
  0x000001a384062060 JavaThread "Resource Usage Collector Processes" daemon [_thread_blocked, id=2668, stack(0x0000004bb7600000,0x0000004bb7700000) (1024K)]
  0x000001a37ec51070 JavaThread "Resource Usage Collector Monitoring 4" daemon [_thread_blocked, id=13072, stack(0x0000004bb7700000,0x0000004bb7800000) (1024K)]
  0x000001a37d6c9d80 JavaThread "Unconstrained build operations Thread 23"        [_thread_blocked, id=15124, stack(0x0000004bb7800000,0x0000004bb7900000) (1024K)]
  0x000001a38a3c2110 JavaThread "Unconstrained build operations Thread 24"        [_thread_blocked, id=23852, stack(0x0000004bb7a00000,0x0000004bb7b00000) (1024K)]
  0x000001a37b183130 JavaThread "Unconstrained build operations Thread 25"        [_thread_blocked, id=15252, stack(0x0000004bb7b00000,0x0000004bb7c00000) (1024K)]
  0x000001a37b1837c0 JavaThread "Unconstrained build operations Thread 26"        [_thread_blocked, id=2128, stack(0x0000004bb7c00000,0x0000004bb7d00000) (1024K)]
  0x000001a37b183e50 JavaThread "Unconstrained build operations Thread 27"        [_thread_blocked, id=596, stack(0x0000004bb7d00000,0x0000004bb7e00000) (1024K)]
  0x000001a37b1844e0 JavaThread "Unconstrained build operations Thread 28"        [_thread_blocked, id=5632, stack(0x0000004bb7e00000,0x0000004bb7f00000) (1024K)]
  0x000001a38a3c3b50 JavaThread "Unconstrained build operations Thread 29"        [_thread_blocked, id=7392, stack(0x0000004bb7f00000,0x0000004bb8000000) (1024K)]
  0x000001a3893dc420 JavaThread "Unconstrained build operations Thread 30"        [_thread_blocked, id=5472, stack(0x0000004bb8000000,0x0000004bb8100000) (1024K)]
  0x000001a380b9c080 JavaThread "Unconstrained build operations Thread 31"        [_thread_blocked, id=8548, stack(0x0000004bb8100000,0x0000004bb8200000) (1024K)]
  0x000001a380b9c710 JavaThread "Unconstrained build operations Thread 32"        [_thread_blocked, id=14228, stack(0x0000004bb8200000,0x0000004bb8300000) (1024K)]
  0x000001a381709700 JavaThread "Unconstrained build operations Thread 33"        [_thread_blocked, id=12972, stack(0x0000004bb8300000,0x0000004bb8400000) (1024K)]
  0x000001a38170aab0 JavaThread "Unconstrained build operations Thread 34"        [_thread_blocked, id=23788, stack(0x0000004bb8400000,0x0000004bb8500000) (1024K)]
  0x000001a381709d90 JavaThread "Unconstrained build operations Thread 35"        [_thread_blocked, id=3084, stack(0x0000004bb8500000,0x0000004bb8600000) (1024K)]
  0x000001a38170b7d0 JavaThread "Unconstrained build operations Thread 36"        [_thread_blocked, id=17032, stack(0x0000004bb8600000,0x0000004bb8700000) (1024K)]
  0x000001a38170b140 JavaThread "Unconstrained build operations Thread 37"        [_thread_blocked, id=8200, stack(0x0000004bb8700000,0x0000004bb8800000) (1024K)]
  0x000001a38170a420 JavaThread "Unconstrained build operations Thread 38"        [_thread_blocked, id=22720, stack(0x0000004bb8800000,0x0000004bb8900000) (1024K)]
  0x000001a38170be60 JavaThread "Unconstrained build operations Thread 39"        [_thread_blocked, id=7376, stack(0x0000004bb8900000,0x0000004bb8a00000) (1024K)]
  0x000001a38170c4f0 JavaThread "Unconstrained build operations Thread 40"        [_thread_blocked, id=8724, stack(0x0000004bb8a00000,0x0000004bb8b00000) (1024K)]
  0x000001a3893dcab0 JavaThread "Unconstrained build operations Thread 41"        [_thread_blocked, id=1920, stack(0x0000004bb8b00000,0x0000004bb8c00000) (1024K)]
  0x000001a389ad96b0 JavaThread "Unconstrained build operations Thread 42"        [_thread_blocked, id=5140, stack(0x0000004bb8c00000,0x0000004bb8d00000) (1024K)]
  0x000001a389ada3d0 JavaThread "Unconstrained build operations Thread 43"        [_thread_blocked, id=22848, stack(0x0000004bb8d00000,0x0000004bb8e00000) (1024K)]
  0x000001a382a03710 JavaThread "Unconstrained build operations Thread 44"        [_thread_blocked, id=5572, stack(0x0000004bb8e00000,0x0000004bb8f00000) (1024K)]
  0x000001a382a03080 JavaThread "Unconstrained build operations Thread 45"        [_thread_blocked, id=8732, stack(0x0000004bb8f00000,0x0000004bb9000000) (1024K)]
  0x000001a382a05e70 JavaThread "Unconstrained build operations Thread 46"        [_thread_blocked, id=21632, stack(0x0000004bb9000000,0x0000004bb9100000) (1024K)]
  0x000001a382a057e0 JavaThread "Unconstrained build operations Thread 47"        [_thread_blocked, id=1716, stack(0x0000004bb9100000,0x0000004bb9200000) (1024K)]
  0x000001a382a06500 JavaThread "Unconstrained build operations Thread 48"        [_thread_blocked, id=11812, stack(0x0000004bb9200000,0x0000004bb9300000) (1024K)]
  0x000001a382a03da0 JavaThread "Unconstrained build operations Thread 49"        [_thread_blocked, id=2684, stack(0x0000004bb9300000,0x0000004bb9400000) (1024K)]
  0x000001a384062d80 JavaThread "Unconstrained build operations Thread 50"        [_thread_blocked, id=19536, stack(0x0000004bb9400000,0x0000004bb9500000) (1024K)]
  0x000001a3840654e0 JavaThread "Unconstrained build operations Thread 51"        [_thread_blocked, id=14344, stack(0x0000004bb9500000,0x0000004bb9600000) (1024K)]
  0x000001a384063410 JavaThread "Unconstrained build operations Thread 52"        [_thread_blocked, id=18472, stack(0x0000004bb9600000,0x0000004bb9700000) (1024K)]
  0x000001a384063aa0 JavaThread "Unconstrained build operations Thread 53"        [_thread_blocked, id=9824, stack(0x0000004bb9700000,0x0000004bb9800000) (1024K)]
  0x000001a3840626f0 JavaThread "Unconstrained build operations Thread 54"        [_thread_blocked, id=15932, stack(0x0000004bb9800000,0x0000004bb9900000) (1024K)]
  0x000001a384064130 JavaThread "Unconstrained build operations Thread 55"        [_thread_blocked, id=21684, stack(0x0000004bb9900000,0x0000004bb9a00000) (1024K)]
  0x000001a37ec51700 JavaThread "Unconstrained build operations Thread 56"        [_thread_blocked, id=21116, stack(0x0000004bb9a00000,0x0000004bb9b00000) (1024K)]
  0x000001a3893dd140 JavaThread "Unconstrained build operations Thread 57"        [_thread_blocked, id=16056, stack(0x0000004bb9b00000,0x0000004bb9c00000) (1024K)]
  0x000001a3893dbd90 JavaThread "Unconstrained build operations Thread 58"        [_thread_blocked, id=9108, stack(0x0000004bb9c00000,0x0000004bb9d00000) (1024K)]
  0x000001a3893dd7d0 JavaThread "Unconstrained build operations Thread 59"        [_thread_blocked, id=23112, stack(0x0000004bb9d00000,0x0000004bb9e00000) (1024K)]
  0x000001a3893dde60 JavaThread "Unconstrained build operations Thread 60"        [_thread_blocked, id=7652, stack(0x0000004bb9e00000,0x0000004bb9f00000) (1024K)]
  0x000001a3893de4f0 JavaThread "Unconstrained build operations Thread 61"        [_thread_blocked, id=10804, stack(0x0000004bb9f00000,0x0000004bba000000) (1024K)]
  0x000001a3893db070 JavaThread "Unconstrained build operations Thread 62"        [_thread_blocked, id=13660, stack(0x0000004bba000000,0x0000004bba100000) (1024K)]
  0x000001a3893db700 JavaThread "Unconstrained build operations Thread 63"        [_thread_blocked, id=340, stack(0x0000004bba100000,0x0000004bba200000) (1024K)]
  0x000001a37ec80d80 JavaThread "Unconstrained build operations Thread 64"        [_thread_blocked, id=19772, stack(0x0000004bba200000,0x0000004bba300000) (1024K)]
  0x000001a37ec806f0 JavaThread "Unconstrained build operations Thread 65"        [_thread_blocked, id=7304, stack(0x0000004bba300000,0x0000004bba400000) (1024K)]
  0x000001a37ec81410 JavaThread "Unconstrained build operations Thread 66"        [_thread_blocked, id=18372, stack(0x0000004bba400000,0x0000004bba500000) (1024K)]
  0x000001a383878ab0 JavaThread "Unconstrained build operations Thread 67"        [_thread_blocked, id=5928, stack(0x0000004bba500000,0x0000004bba600000) (1024K)]
  0x000001a382a04430 JavaThread "Unconstrained build operations Thread 68"        [_thread_blocked, id=21268, stack(0x0000004bba600000,0x0000004bba700000) (1024K)]
  0x000001a382a04ac0 JavaThread "Unconstrained build operations Thread 69"        [_thread_blocked, id=18748, stack(0x0000004bba700000,0x0000004bba800000) (1024K)]
  0x000001a382a05150 JavaThread "Unconstrained build operations Thread 70"        [_thread_blocked, id=13856, stack(0x0000004bba800000,0x0000004bba900000) (1024K)]
  0x000001a305c72130 JavaThread "Unconstrained build operations Thread 71"        [_thread_blocked, id=6276, stack(0x0000004bba900000,0x0000004bbaa00000) (1024K)]
  0x000001a305c71aa0 JavaThread "Unconstrained build operations Thread 72"        [_thread_blocked, id=19372, stack(0x0000004bbaa00000,0x0000004bbab00000) (1024K)]
  0x000001a38387a4f0 JavaThread "Unconstrained build operations Thread 73"        [_thread_blocked, id=11904, stack(0x0000004bbab00000,0x0000004bbac00000) (1024K)]
  0x000001a383877070 JavaThread "Unconstrained build operations Thread 74"        [_thread_blocked, id=12148, stack(0x0000004bbac00000,0x0000004bbad00000) (1024K)]
  0x000001a305c70060 JavaThread "Unconstrained build operations Thread 75"        [_thread_blocked, id=21600, stack(0x0000004bbad00000,0x0000004bbae00000) (1024K)]
  0x000001a305c727c0 JavaThread "Unconstrained build operations Thread 76"        [_thread_blocked, id=4696, stack(0x0000004bbae00000,0x0000004bbaf00000) (1024K)]
  0x000001a305c72e50 JavaThread "Unconstrained build operations Thread 77"        [_thread_blocked, id=22148, stack(0x0000004bbaf00000,0x0000004bbb000000) (1024K)]
  0x000001a305c734e0 JavaThread "Unconstrained build operations Thread 78"        [_thread_blocked, id=12584, stack(0x0000004bbb000000,0x0000004bbb100000) (1024K)]
  0x000001a305c706f0 JavaThread "Unconstrained build operations Thread 79"        [_thread_blocked, id=8944, stack(0x0000004bbb100000,0x0000004bbb200000) (1024K)]
  0x000001a305c70d80 JavaThread "Unconstrained build operations Thread 80"        [_thread_blocked, id=18616, stack(0x0000004bbb200000,0x0000004bbb300000) (1024K)]
  0x000001a305c71410 JavaThread "included builds"                   [_thread_blocked, id=16564, stack(0x0000004bbb300000,0x0000004bbb400000) (1024K)]
  0x000001a37d575aa0 JavaThread "Execution worker"                  [_thread_blocked, id=14244, stack(0x0000004bbb400000,0x0000004bbb500000) (1024K)]
  0x000001a3066b22f0 JavaThread "Execution worker Thread 2"         [_thread_blocked, id=17488, stack(0x0000004bbb500000,0x0000004bbb600000) (1024K)]
  0x000001a3066b3010 JavaThread "Execution worker Thread 3"         [_thread_blocked, id=1376, stack(0x0000004bbb600000,0x0000004bbb700000) (1024K)]
  0x000001a3066b2980 JavaThread "Execution worker Thread 4"         [_thread_blocked, id=13880, stack(0x0000004bbb700000,0x0000004bbb800000) (1024K)]
  0x000001a37ec82e50 JavaThread "Execution worker Thread 5"         [_thread_blocked, id=5336, stack(0x0000004bbb800000,0x0000004bbb900000) (1024K)]
  0x000001a37ec81aa0 JavaThread "Execution worker Thread 6"         [_thread_blocked, id=6756, stack(0x0000004bbb900000,0x0000004bbba00000) (1024K)]
  0x000001a37ec834e0 JavaThread "Execution worker Thread 7"         [_thread_blocked, id=23872, stack(0x0000004bbba00000,0x0000004bbbb00000) (1024K)]
  0x000001a37d575410 JavaThread "Cache worker for execution history cache (D:\projects\fineract\buildSrc\.gradle\8.10.2\executionHistory)"        [_thread_blocked, id=18800, stack(0x0000004bbbb00000,0x0000004bbbc00000) (1024K)]
  0x000001a37d576130 JavaThread "build event listener"              [_thread_blocked, id=18576, stack(0x0000004bbbc00000,0x0000004bbbd00000) (1024K)]
  0x000001a37e9f24e0 JavaThread "Cache worker for execution history cache (D:\projects\fineract\.gradle\8.10.2\executionHistory)"        [_thread_blocked, id=14564, stack(0x0000004bbbe00000,0x0000004bbbf00000) (1024K)]
  0x000001a37e9ef060 JavaThread "Build operations"                  [_thread_blocked, id=2500, stack(0x0000004bb4500000,0x0000004bb4600000) (1024K)]
  0x000001a37e9f1e50 JavaThread "Build operations Thread 2"         [_thread_blocked, id=17516, stack(0x0000004bbc100000,0x0000004bbc200000) (1024K)]
  0x000001a37e9ef6f0 JavaThread "Build operations Thread 3"         [_thread_blocked, id=15748, stack(0x0000004bbc300000,0x0000004bbc400000) (1024K)]
  0x000001a37e9efd80 JavaThread "Build operations Thread 4"         [_thread_blocked, id=11832, stack(0x0000004bbc400000,0x0000004bbc500000) (1024K)]
  0x000001a37e9f0410 JavaThread "Build operations Thread 5"         [_thread_blocked, id=15044, stack(0x0000004bbc500000,0x0000004bbc600000) (1024K)]
  0x000001a37e9f0aa0 JavaThread "Build operations Thread 6"         [_thread_blocked, id=14272, stack(0x0000004bbc600000,0x0000004bbc700000) (1024K)]
  0x000001a37e9f1130 JavaThread "Build operations Thread 7"         [_thread_blocked, id=19428, stack(0x0000004bbc700000,0x0000004bbc800000) (1024K)]
  0x000001a3837b5130 JavaThread "Build operations Thread 8"         [_thread_blocked, id=16696, stack(0x0000004bb4a00000,0x0000004bb4b00000) (1024K)]
  0x000001a3837b4aa0 JavaThread "ClassGraph-worker-0"        daemon [_thread_blocked, id=10452, stack(0x0000004bb4900000,0x0000004bb4a00000) (1024K)]
  0x000001a383877700 JavaThread "ClassGraph-worker-1"        daemon [_thread_blocked, id=19400, stack(0x0000004bbc800000,0x0000004bbc900000) (1024K)]
  0x000001a3838797d0 JavaThread "ClassGraph-worker-2"        daemon [_thread_blocked, id=12880, stack(0x0000004bbc900000,0x0000004bbca00000) (1024K)]
  0x000001a383879e60 JavaThread "ClassGraph-worker-3"        daemon [_thread_blocked, id=17388, stack(0x0000004bbcc00000,0x0000004bbcd00000) (1024K)]
  0x000001a383877d90 JavaThread "ClassGraph-worker-4"        daemon [_thread_blocked, id=1936, stack(0x0000004bbcd00000,0x0000004bbce00000) (1024K)]
  0x000001a383878420 JavaThread "ClassGraph-worker-5"        daemon [_thread_blocked, id=18232, stack(0x0000004bbce00000,0x0000004bbcf00000) (1024K)]
  0x000001a383879140 JavaThread "ClassGraph-worker-6"        daemon [_thread_blocked, id=19008, stack(0x0000004bbcf00000,0x0000004bbd000000) (1024K)]
  0x000001a3832b92d0 JavaThread "ClassGraph-worker-7"        daemon [_thread_blocked, id=17084, stack(0x0000004bbd000000,0x0000004bbd100000) (1024K)]
  0x000001a3832b85b0 JavaThread "ClassGraph-worker-8"        daemon [_thread_blocked, id=724, stack(0x0000004bbd100000,0x0000004bbd200000) (1024K)]
  0x000001a3832b7f20 JavaThread "ClassGraph-worker-9"        daemon [_thread_blocked, id=8920, stack(0x0000004bbd200000,0x0000004bbd300000) (1024K)]
  0x000001a3832b8c40 JavaThread "ClassGraph-worker-10"       daemon [_thread_blocked, id=10496, stack(0x0000004bbd300000,0x0000004bbd400000) (1024K)]
  0x000001a3832b9960 JavaThread "ClassGraph-worker-11"       daemon [_thread_blocked, id=8060, stack(0x0000004bbd400000,0x0000004bbd500000) (1024K)]
  0x000001a3837b57c0 JavaThread "ClassGraph-worker-12"       daemon [_thread_blocked, id=22520, stack(0x0000004bbd500000,0x0000004bbd600000) (1024K)]
  0x000001a3837b5e50 JavaThread "ClassGraph-worker-13"       daemon [_thread_blocked, id=23712, stack(0x0000004bbd600000,0x0000004bbd700000) (1024K)]
Total: 178

Other Threads:
=>0x000001a33149d790 VMThread "VM Thread"                           [id=18496, stack(0x0000004bb1800000,0x0000004bb1900000) (1024K)]
  0x000001a33148e250 WatcherThread "VM Periodic Task Thread"        [id=1588, stack(0x0000004bb1700000,0x0000004bb1800000) (1024K)]
  0x000001a331340d20 WorkerThread "GC Thread#0"                     [id=19652, stack(0x0000004bb1200000,0x0000004bb1300000) (1024K)]
  0x000001a3792f5fa0 WorkerThread "GC Thread#1"                     [id=21824, stack(0x0000004bb2400000,0x0000004bb2500000) (1024K)]
  0x000001a3792f6350 WorkerThread "GC Thread#2"                     [id=24160, stack(0x0000004bb2500000,0x0000004bb2600000) (1024K)]
  0x000001a37942dc10 WorkerThread "GC Thread#3"                     [id=10500, stack(0x0000004bb2600000,0x0000004bb2700000) (1024K)]
  0x000001a379faca30 WorkerThread "GC Thread#4"                     [id=10988, stack(0x0000004bb2800000,0x0000004bb2900000) (1024K)]
  0x000001a379fad8f0 WorkerThread "GC Thread#5"                     [id=7248, stack(0x0000004bb3300000,0x0000004bb3400000) (1024K)]
  0x000001a379fac2d0 WorkerThread "GC Thread#6"                     [id=11760, stack(0x0000004bb3400000,0x0000004bb3500000) (1024K)]
  0x000001a37b0daa90 WorkerThread "GC Thread#7"                     [id=23668, stack(0x0000004bb3500000,0x0000004bb3600000) (1024K)]
  0x000001a331341bf0 ConcurrentGCThread "G1 Main Marker"            [id=10696, stack(0x0000004bb1300000,0x0000004bb1400000) (1024K)]
  0x000001a30734d630 WorkerThread "G1 Conc#0"                       [id=1456, stack(0x0000004bb1400000,0x0000004bb1500000) (1024K)]
  0x000001a37b0dde30 WorkerThread "G1 Conc#1"                       [id=2900, stack(0x0000004bb3900000,0x0000004bb3a00000) (1024K)]
  0x000001a3313580b0 ConcurrentGCThread "G1 Refine#0"               [id=1464, stack(0x0000004bb1500000,0x0000004bb1600000) (1024K)]
  0x000001a37efd2b20 ConcurrentGCThread "G1 Refine#1"               [id=20316, stack(0x0000004bb4c00000,0x0000004bb4d00000) (1024K)]
  0x000001a37efd1140 ConcurrentGCThread "G1 Refine#2"               [id=14284, stack(0x0000004bbbf00000,0x0000004bbc000000) (1024K)]
  0x000001a3313589e0 ConcurrentGCThread "G1 Service"                [id=20544, stack(0x0000004bb1600000,0x0000004bb1700000) (1024K)]
Total: 17

Threads with active compile tasks:
Total: 0

VM state: at safepoint (normal execution)

VM Mutex/Monitor currently owned by a thread:  ([mutex/lock_event])
[0x00007ffd4bee9b28] Threads_lock - owner thread: 0x000001a33149d790
[0x00007ffd4bee9c28] Heap_lock - owner thread: 0x000001a383879140

Heap address: 0x0000000500000000, size: 12288 MB, Compressed Oops mode: Zero based, Oop shift amount: 3

CDS archive(s) mapped at: [0x000001a334000000-0x000001a334ce0000-0x000001a334ce0000), size 13500416, SharedBaseAddress: 0x000001a334000000, ArchiveRelocationMode: 1.
Compressed class space mapped at: 0x000001a335000000-0x000001a375000000, reserved size: 1073741824
Narrow klass base: 0x000001a334000000, Narrow klass shift: 0, Narrow klass range: 0x100000000

GC Precious Log:
 CardTable entry size: 512
 Card Set container configuration: InlinePtr #cards 4 size 8 Array Of Cards #cards 64 size 144 Howl #buckets 8 coarsen threshold 14745 Howl Bitmap #cards 2048 size 272 coarsen threshold 1843 Card regions per heap region 1 cards per card region 16384
 CPUs: 8 total, 8 available
 Memory: 7834M
 Large Page Support: Disabled
 NUMA Support: Disabled
 Compressed Oops: Enabled (Zero based)
 Heap Region Size: 8M
 Heap Min Capacity: 8M
 Heap Initial Capacity: 128M
 Heap Max Capacity: 12G
 Pre-touch: Disabled
 Parallel Workers: 8
 Concurrent Workers: 2
 Concurrent Refinement Workers: 8
 Periodic GC: Disabled

Heap:
 garbage-first heap   total 10223616K, used 1764529K [0x0000000500000000, 0x0000000800000000)
  region size 8192K, 6 young (49152K), 6 survivors (49152K)
 Metaspace       used 197645K, committed 202944K, reserved 1245184K
  class space    used 24685K, committed 27456K, reserved 1048576K

Heap Regions: E=young(eden), S=young(survivor), O=old, HS=humongous(starts), HC=humongous(continues), CS=collection set, F=free, TAMS=top-at-mark-start, PB=parsable bottom
|   0|0x0000000500000000, 0x0000000500800000, 0x0000000500800000|100%| O|  |TAMS 0x0000000500000000| PB 0x0000000500000000| Untracked 
|   1|0x0000000500800000, 0x0000000501000000, 0x0000000501000000|100%| O|  |TAMS 0x0000000500800000| PB 0x0000000500800000| Untracked 
|   2|0x0000000501000000, 0x0000000501800000, 0x0000000501800000|100%| O|  |TAMS 0x0000000501000000| PB 0x0000000501000000| Untracked 
|   3|0x0000000501800000, 0x0000000502000000, 0x0000000502000000|100%| O|  |TAMS 0x0000000501800000| PB 0x0000000501800000| Untracked 
|   4|0x0000000502000000, 0x0000000502800000, 0x0000000502800000|100%| O|  |TAMS 0x0000000502000000| PB 0x0000000502000000| Untracked 
|   5|0x0000000502800000, 0x0000000503000000, 0x0000000503000000|100%| O|  |TAMS 0x0000000502800000| PB 0x0000000502800000| Untracked 
|   6|0x0000000503000000, 0x0000000503800000, 0x0000000503800000|100%| O|  |TAMS 0x0000000503000000| PB 0x0000000503000000| Untracked 
|   7|0x0000000503800000, 0x0000000504000000, 0x0000000504000000|100%| O|  |TAMS 0x0000000503800000| PB 0x0000000503800000| Untracked 
|   8|0x0000000504000000, 0x0000000504800000, 0x0000000504800000|100%| O|  |TAMS 0x0000000504000000| PB 0x0000000504000000| Untracked 
|   9|0x0000000504800000, 0x0000000505000000, 0x0000000505000000|100%| O|  |TAMS 0x0000000504800000| PB 0x0000000504800000| Untracked 
|  10|0x0000000505000000, 0x0000000505800000, 0x0000000505800000|100%| O|  |TAMS 0x0000000505000000| PB 0x0000000505000000| Untracked 
|  11|0x0000000505800000, 0x0000000506000000, 0x0000000506000000|100%| O|  |TAMS 0x0000000505800000| PB 0x0000000505800000| Untracked 
|  12|0x0000000506000000, 0x0000000506800000, 0x0000000506800000|100%| O|  |TAMS 0x0000000506000000| PB 0x0000000506000000| Untracked 
|  13|0x0000000506800000, 0x0000000507000000, 0x0000000507000000|100%| O|  |TAMS 0x0000000506800000| PB 0x0000000506800000| Untracked 
|  14|0x0000000507000000, 0x0000000507800000, 0x0000000507800000|100%| O|  |TAMS 0x0000000507000000| PB 0x0000000507000000| Untracked 
|  15|0x0000000507800000, 0x0000000508000000, 0x0000000508000000|100%| O|  |TAMS 0x0000000507800000| PB 0x0000000507800000| Untracked 
|  16|0x0000000508000000, 0x0000000508800000, 0x0000000508800000|100%| O|  |TAMS 0x0000000508000000| PB 0x0000000508000000| Untracked 
|  17|0x0000000508800000, 0x0000000509000000, 0x0000000509000000|100%| O|  |TAMS 0x0000000508800000| PB 0x0000000508800000| Untracked 
|  18|0x0000000509000000, 0x0000000509800000, 0x0000000509800000|100%| O|  |TAMS 0x0000000509000000| PB 0x0000000509000000| Untracked 
|  19|0x0000000509800000, 0x000000050a000000, 0x000000050a000000|100%| O|  |TAMS 0x0000000509800000| PB 0x0000000509800000| Untracked 
|  20|0x000000050a000000, 0x000000050a800000, 0x000000050a800000|100%| O|  |TAMS 0x000000050a000000| PB 0x000000050a000000| Untracked 
|  21|0x000000050a800000, 0x000000050b000000, 0x000000050b000000|100%| O|  |TAMS 0x000000050a800000| PB 0x000000050a800000| Untracked 
|  22|0x000000050b000000, 0x000000050b800000, 0x000000050b800000|100%| O|  |TAMS 0x000000050b000000| PB 0x000000050b000000| Untracked 
|  23|0x000000050b800000, 0x000000050c000000, 0x000000050c000000|100%| O|  |TAMS 0x000000050b800000| PB 0x000000050b800000| Untracked 
|  24|0x000000050c000000, 0x000000050c800000, 0x000000050c800000|100%| O|  |TAMS 0x000000050c000000| PB 0x000000050c000000| Untracked 
|  25|0x000000050c800000, 0x000000050d000000, 0x000000050d000000|100%| O|  |TAMS 0x000000050c800000| PB 0x000000050c800000| Untracked 
|  26|0x000000050d000000, 0x000000050d800000, 0x000000050d800000|100%| O|  |TAMS 0x000000050d000000| PB 0x000000050d000000| Untracked 
|  27|0x000000050d800000, 0x000000050e000000, 0x000000050e000000|100%| O|  |TAMS 0x000000050d800000| PB 0x000000050d800000| Untracked 
|  28|0x000000050e000000, 0x000000050e800000, 0x000000050e800000|100%| O|  |TAMS 0x000000050e000000| PB 0x000000050e000000| Untracked 
|  29|0x000000050e800000, 0x000000050f000000, 0x000000050f000000|100%| O|  |TAMS 0x000000050e800000| PB 0x000000050e800000| Untracked 
|  30|0x000000050f000000, 0x000000050f800000, 0x000000050f800000|100%| O|  |TAMS 0x000000050f000000| PB 0x000000050f000000| Untracked 
|  31|0x000000050f800000, 0x0000000510000000, 0x0000000510000000|100%| O|  |TAMS 0x000000050f800000| PB 0x000000050f800000| Untracked 
|  32|0x0000000510000000, 0x0000000510800000, 0x0000000510800000|100%| O|  |TAMS 0x0000000510000000| PB 0x0000000510000000| Untracked 
|  33|0x0000000510800000, 0x0000000511000000, 0x0000000511000000|100%| O|  |TAMS 0x0000000510800000| PB 0x0000000510800000| Untracked 
|  34|0x0000000511000000, 0x0000000511800000, 0x0000000511800000|100%| O|  |TAMS 0x0000000511000000| PB 0x0000000511000000| Untracked 
|  35|0x0000000511800000, 0x0000000512000000, 0x0000000512000000|100%| O|  |TAMS 0x0000000511800000| PB 0x0000000511800000| Untracked 
|  36|0x0000000512000000, 0x0000000512800000, 0x0000000512800000|100%| O|  |TAMS 0x0000000512000000| PB 0x0000000512000000| Untracked 
|  37|0x0000000512800000, 0x0000000513000000, 0x0000000513000000|100%| O|  |TAMS 0x0000000512800000| PB 0x0000000512800000| Untracked 
|  38|0x0000000513000000, 0x0000000513800000, 0x0000000513800000|100%| O|  |TAMS 0x0000000513000000| PB 0x0000000513000000| Untracked 
|  39|0x0000000513800000, 0x0000000514000000, 0x0000000514000000|100%| O|  |TAMS 0x0000000513800000| PB 0x0000000513800000| Untracked 
|  40|0x0000000514000000, 0x0000000514800000, 0x0000000514800000|100%| O|  |TAMS 0x0000000514000000| PB 0x0000000514000000| Untracked 
|  41|0x0000000514800000, 0x0000000515000000, 0x0000000515000000|100%| O|  |TAMS 0x0000000514800000| PB 0x0000000514800000| Untracked 
|  42|0x0000000515000000, 0x0000000515800000, 0x0000000515800000|100%| O|  |TAMS 0x0000000515000000| PB 0x0000000515000000| Untracked 
|  43|0x0000000515800000, 0x0000000516000000, 0x0000000516000000|100%| O|  |TAMS 0x0000000515800000| PB 0x0000000515800000| Untracked 
|  44|0x0000000516000000, 0x0000000516800000, 0x0000000516800000|100%| O|  |TAMS 0x0000000516000000| PB 0x0000000516000000| Untracked 
|  45|0x0000000516800000, 0x0000000517000000, 0x0000000517000000|100%| O|  |TAMS 0x0000000516800000| PB 0x0000000516800000| Untracked 
|  46|0x0000000517000000, 0x0000000517800000, 0x0000000517800000|100%| O|  |TAMS 0x0000000517000000| PB 0x0000000517000000| Untracked 
|  47|0x0000000517800000, 0x0000000518000000, 0x0000000518000000|100%| O|  |TAMS 0x0000000517800000| PB 0x0000000517800000| Untracked 
|  48|0x0000000518000000, 0x0000000518800000, 0x0000000518800000|100%| O|  |TAMS 0x0000000518000000| PB 0x0000000518000000| Untracked 
|  49|0x0000000518800000, 0x0000000519000000, 0x0000000519000000|100%| O|  |TAMS 0x0000000518800000| PB 0x0000000518800000| Untracked 
|  50|0x0000000519000000, 0x0000000519800000, 0x0000000519800000|100%| O|  |TAMS 0x0000000519000000| PB 0x0000000519000000| Untracked 
|  51|0x0000000519800000, 0x000000051a000000, 0x000000051a000000|100%| O|  |TAMS 0x0000000519800000| PB 0x0000000519800000| Untracked 
|  52|0x000000051a000000, 0x000000051a800000, 0x000000051a800000|100%| O|  |TAMS 0x000000051a000000| PB 0x000000051a000000| Untracked 
|  53|0x000000051a800000, 0x000000051b000000, 0x000000051b000000|100%| O|  |TAMS 0x000000051a800000| PB 0x000000051a800000| Untracked 
|  54|0x000000051b000000, 0x000000051b800000, 0x000000051b800000|100%| O|  |TAMS 0x000000051b000000| PB 0x000000051b000000| Untracked 
|  55|0x000000051b800000, 0x000000051c000000, 0x000000051c000000|100%| O|  |TAMS 0x000000051b800000| PB 0x000000051b800000| Untracked 
|  56|0x000000051c000000, 0x000000051c800000, 0x000000051c800000|100%| O|  |TAMS 0x000000051c000000| PB 0x000000051c000000| Untracked 
|  57|0x000000051c800000, 0x000000051d000000, 0x000000051d000000|100%| O|  |TAMS 0x000000051c800000| PB 0x000000051c800000| Untracked 
|  58|0x000000051d000000, 0x000000051d800000, 0x000000051d800000|100%| O|  |TAMS 0x000000051d000000| PB 0x000000051d000000| Untracked 
|  59|0x000000051d800000, 0x000000051e000000, 0x000000051e000000|100%| O|  |TAMS 0x000000051d800000| PB 0x000000051d800000| Untracked 
|  60|0x000000051e000000, 0x000000051e800000, 0x000000051e800000|100%| O|  |TAMS 0x000000051e000000| PB 0x000000051e000000| Untracked 
|  61|0x000000051e800000, 0x000000051f000000, 0x000000051f000000|100%| O|  |TAMS 0x000000051e800000| PB 0x000000051e800000| Untracked 
|  62|0x000000051f000000, 0x000000051f800000, 0x000000051f800000|100%| O|  |TAMS 0x000000051f000000| PB 0x000000051f000000| Untracked 
|  63|0x000000051f800000, 0x0000000520000000, 0x0000000520000000|100%| O|  |TAMS 0x000000051f800000| PB 0x000000051f800000| Untracked 
|  64|0x0000000520000000, 0x0000000520800000, 0x0000000520800000|100%| O|  |TAMS 0x0000000520000000| PB 0x0000000520000000| Untracked 
|  65|0x0000000520800000, 0x0000000521000000, 0x0000000521000000|100%| O|  |TAMS 0x0000000520800000| PB 0x0000000520800000| Untracked 
|  66|0x0000000521000000, 0x0000000521800000, 0x0000000521800000|100%| O|  |TAMS 0x0000000521000000| PB 0x0000000521000000| Untracked 
|  67|0x0000000521800000, 0x0000000522000000, 0x0000000522000000|100%| O|  |TAMS 0x0000000521800000| PB 0x0000000521800000| Untracked 
|  68|0x0000000522000000, 0x0000000522800000, 0x0000000522800000|100%| O|  |TAMS 0x0000000522000000| PB 0x0000000522000000| Untracked 
|  69|0x0000000522800000, 0x0000000523000000, 0x0000000523000000|100%| O|  |TAMS 0x0000000522800000| PB 0x0000000522800000| Untracked 
|  70|0x0000000523000000, 0x0000000523800000, 0x0000000523800000|100%| O|  |TAMS 0x0000000523000000| PB 0x0000000523000000| Untracked 
|  71|0x0000000523800000, 0x0000000524000000, 0x0000000524000000|100%| O|  |TAMS 0x0000000523800000| PB 0x0000000523800000| Untracked 
|  72|0x0000000524000000, 0x0000000524800000, 0x0000000524800000|100%| O|  |TAMS 0x0000000524000000| PB 0x0000000524000000| Untracked 
|  73|0x0000000524800000, 0x0000000525000000, 0x0000000525000000|100%| O|  |TAMS 0x0000000524800000| PB 0x0000000524800000| Untracked 
|  74|0x0000000525000000, 0x0000000525800000, 0x0000000525800000|100%| O|  |TAMS 0x0000000525000000| PB 0x0000000525000000| Untracked 
|  75|0x0000000525800000, 0x0000000526000000, 0x0000000526000000|100%| O|  |TAMS 0x0000000525800000| PB 0x0000000525800000| Untracked 
|  76|0x0000000526000000, 0x0000000526800000, 0x0000000526800000|100%| O|  |TAMS 0x0000000526000000| PB 0x0000000526000000| Untracked 
|  77|0x0000000526800000, 0x0000000527000000, 0x0000000527000000|100%| O|  |TAMS 0x0000000526800000| PB 0x0000000526800000| Untracked 
|  78|0x0000000527000000, 0x0000000527800000, 0x0000000527800000|100%|HS|  |TAMS 0x0000000527000000| PB 0x0000000527000000| Complete 
|  79|0x0000000527800000, 0x0000000528000000, 0x0000000528000000|100%|HC|  |TAMS 0x0000000527800000| PB 0x0000000527800000| Complete 
|  80|0x0000000528000000, 0x0000000528800000, 0x0000000528800000|100%| O|  |TAMS 0x0000000528000000| PB 0x0000000528000000| Untracked 
|  81|0x0000000528800000, 0x0000000529000000, 0x0000000529000000|100%| O|  |TAMS 0x0000000528800000| PB 0x0000000528800000| Untracked 
|  82|0x0000000529000000, 0x0000000529800000, 0x0000000529800000|100%| O|  |TAMS 0x0000000529000000| PB 0x0000000529000000| Untracked 
|  83|0x0000000529800000, 0x000000052a000000, 0x000000052a000000|100%| O|  |TAMS 0x0000000529800000| PB 0x0000000529800000| Untracked 
|  84|0x000000052a000000, 0x000000052a800000, 0x000000052a800000|100%| O|  |TAMS 0x000000052a000000| PB 0x000000052a000000| Untracked 
|  85|0x000000052a800000, 0x000000052b000000, 0x000000052b000000|100%| O|  |TAMS 0x000000052a800000| PB 0x000000052a800000| Untracked 
|  86|0x000000052b000000, 0x000000052b800000, 0x000000052b800000|100%| O|  |TAMS 0x000000052b000000| PB 0x000000052b000000| Untracked 
|  87|0x000000052b800000, 0x000000052c000000, 0x000000052c000000|100%| O|  |TAMS 0x000000052b800000| PB 0x000000052b800000| Untracked 
|  88|0x000000052c000000, 0x000000052c800000, 0x000000052c800000|100%| O|  |TAMS 0x000000052c000000| PB 0x000000052c000000| Untracked 
|  89|0x000000052c800000, 0x000000052d000000, 0x000000052d000000|100%| O|  |TAMS 0x000000052c800000| PB 0x000000052c800000| Untracked 
|  90|0x000000052d000000, 0x000000052d800000, 0x000000052d800000|100%| O|  |TAMS 0x000000052d000000| PB 0x000000052d000000| Untracked 
|  91|0x000000052d800000, 0x000000052e000000, 0x000000052e000000|100%| O|  |TAMS 0x000000052d800000| PB 0x000000052d800000| Untracked 
|  92|0x000000052e000000, 0x000000052e800000, 0x000000052e800000|100%| O|  |TAMS 0x000000052e000000| PB 0x000000052e000000| Untracked 
|  93|0x000000052e800000, 0x000000052f000000, 0x000000052f000000|100%| O|  |TAMS 0x000000052e800000| PB 0x000000052e800000| Untracked 
|  94|0x000000052f000000, 0x000000052f800000, 0x000000052f800000|100%| O|  |TAMS 0x000000052f000000| PB 0x000000052f000000| Untracked 
|  95|0x000000052f800000, 0x0000000530000000, 0x0000000530000000|100%| O|  |TAMS 0x000000052f800000| PB 0x000000052f800000| Untracked 
|  96|0x0000000530000000, 0x0000000530800000, 0x0000000530800000|100%| O|  |TAMS 0x0000000530000000| PB 0x0000000530000000| Untracked 
|  97|0x0000000530800000, 0x0000000531000000, 0x0000000531000000|100%| O|  |TAMS 0x0000000530800000| PB 0x0000000530800000| Untracked 
|  98|0x0000000531000000, 0x0000000531800000, 0x0000000531800000|100%| O|  |TAMS 0x0000000531000000| PB 0x0000000531000000| Untracked 
|  99|0x0000000531800000, 0x0000000532000000, 0x0000000532000000|100%| O|  |TAMS 0x0000000531800000| PB 0x0000000531800000| Untracked 
| 100|0x0000000532000000, 0x0000000532800000, 0x0000000532800000|100%| O|  |TAMS 0x0000000532000000| PB 0x0000000532000000| Untracked 
| 101|0x0000000532800000, 0x0000000533000000, 0x0000000533000000|100%| O|  |TAMS 0x0000000532800000| PB 0x0000000532800000| Untracked 
| 102|0x0000000533000000, 0x0000000533800000, 0x0000000533800000|100%| O|  |TAMS 0x0000000533000000| PB 0x0000000533000000| Untracked 
| 103|0x0000000533800000, 0x0000000534000000, 0x0000000534000000|100%| O|  |TAMS 0x0000000533800000| PB 0x0000000533800000| Untracked 
| 104|0x0000000534000000, 0x0000000534800000, 0x0000000534800000|100%| O|  |TAMS 0x0000000534000000| PB 0x0000000534000000| Untracked 
| 105|0x0000000534800000, 0x0000000535000000, 0x0000000535000000|100%| O|  |TAMS 0x0000000534800000| PB 0x0000000534800000| Untracked 
| 106|0x0000000535000000, 0x0000000535800000, 0x0000000535800000|100%| O|  |TAMS 0x0000000535000000| PB 0x0000000535000000| Untracked 
| 107|0x0000000535800000, 0x0000000536000000, 0x0000000536000000|100%| O|  |TAMS 0x0000000535800000| PB 0x0000000535800000| Untracked 
| 108|0x0000000536000000, 0x0000000536800000, 0x0000000536800000|100%| O|  |TAMS 0x0000000536000000| PB 0x0000000536000000| Untracked 
| 109|0x0000000536800000, 0x0000000537000000, 0x0000000537000000|100%| O|  |TAMS 0x0000000536800000| PB 0x0000000536800000| Untracked 
| 110|0x0000000537000000, 0x0000000537800000, 0x0000000537800000|100%| O|  |TAMS 0x0000000537000000| PB 0x0000000537000000| Untracked 
| 111|0x0000000537800000, 0x0000000538000000, 0x0000000538000000|100%| O|  |TAMS 0x0000000537800000| PB 0x0000000537800000| Untracked 
| 112|0x0000000538000000, 0x0000000538800000, 0x0000000538800000|100%| O|  |TAMS 0x0000000538000000| PB 0x0000000538000000| Untracked 
| 113|0x0000000538800000, 0x0000000539000000, 0x0000000539000000|100%| O|  |TAMS 0x0000000538800000| PB 0x0000000538800000| Untracked 
| 114|0x0000000539000000, 0x0000000539800000, 0x0000000539800000|100%| O|  |TAMS 0x0000000539000000| PB 0x0000000539000000| Untracked 
| 115|0x0000000539800000, 0x000000053a000000, 0x000000053a000000|100%| O|  |TAMS 0x0000000539800000| PB 0x0000000539800000| Untracked 
| 116|0x000000053a000000, 0x000000053a800000, 0x000000053a800000|100%| O|  |TAMS 0x000000053a000000| PB 0x000000053a000000| Untracked 
| 117|0x000000053a800000, 0x000000053b000000, 0x000000053b000000|100%| O|  |TAMS 0x000000053a800000| PB 0x000000053a800000| Untracked 
| 118|0x000000053b000000, 0x000000053b800000, 0x000000053b800000|100%| O|  |TAMS 0x000000053b000000| PB 0x000000053b000000| Untracked 
| 119|0x000000053b800000, 0x000000053c000000, 0x000000053c000000|100%| O|  |TAMS 0x000000053b800000| PB 0x000000053b800000| Untracked 
| 120|0x000000053c000000, 0x000000053c800000, 0x000000053c800000|100%| O|  |TAMS 0x000000053c000000| PB 0x000000053c000000| Untracked 
| 121|0x000000053c800000, 0x000000053d000000, 0x000000053d000000|100%| O|  |TAMS 0x000000053c800000| PB 0x000000053c800000| Untracked 
| 122|0x000000053d000000, 0x000000053d800000, 0x000000053d800000|100%| O|  |TAMS 0x000000053d000000| PB 0x000000053d000000| Untracked 
| 123|0x000000053d800000, 0x000000053e000000, 0x000000053e000000|100%| O|  |TAMS 0x000000053d800000| PB 0x000000053d800000| Untracked 
| 124|0x000000053e000000, 0x000000053e800000, 0x000000053e800000|100%| O|  |TAMS 0x000000053e000000| PB 0x000000053e000000| Untracked 
| 125|0x000000053e800000, 0x000000053f000000, 0x000000053f000000|100%| O|  |TAMS 0x000000053e800000| PB 0x000000053e800000| Untracked 
| 126|0x000000053f000000, 0x000000053f800000, 0x000000053f800000|100%| O|  |TAMS 0x000000053f000000| PB 0x000000053f000000| Untracked 
| 127|0x000000053f800000, 0x0000000540000000, 0x0000000540000000|100%| O|  |TAMS 0x000000053f800000| PB 0x000000053f800000| Untracked 
| 128|0x0000000540000000, 0x0000000540800000, 0x0000000540800000|100%| O|  |TAMS 0x0000000540000000| PB 0x0000000540000000| Untracked 
| 129|0x0000000540800000, 0x0000000541000000, 0x0000000541000000|100%| O|  |TAMS 0x0000000540800000| PB 0x0000000540800000| Untracked 
| 130|0x0000000541000000, 0x0000000541800000, 0x0000000541800000|100%| O|  |TAMS 0x0000000541000000| PB 0x0000000541000000| Untracked 
| 131|0x0000000541800000, 0x0000000542000000, 0x0000000542000000|100%| O|  |TAMS 0x0000000541800000| PB 0x0000000541800000| Untracked 
| 132|0x0000000542000000, 0x0000000542800000, 0x0000000542800000|100%| O|  |TAMS 0x0000000542000000| PB 0x0000000542000000| Untracked 
| 133|0x0000000542800000, 0x0000000543000000, 0x0000000543000000|100%| O|  |TAMS 0x0000000542800000| PB 0x0000000542800000| Untracked 
| 134|0x0000000543000000, 0x0000000543800000, 0x0000000543800000|100%| O|  |TAMS 0x0000000543000000| PB 0x0000000543000000| Untracked 
| 135|0x0000000543800000, 0x0000000544000000, 0x0000000544000000|100%| O|  |TAMS 0x0000000543800000| PB 0x0000000543800000| Untracked 
| 136|0x0000000544000000, 0x0000000544800000, 0x0000000544800000|100%| O|  |TAMS 0x0000000544000000| PB 0x0000000544000000| Untracked 
| 137|0x0000000544800000, 0x0000000545000000, 0x0000000545000000|100%| O|  |TAMS 0x0000000544800000| PB 0x0000000544800000| Untracked 
| 138|0x0000000545000000, 0x0000000545800000, 0x0000000545800000|100%| O|  |TAMS 0x0000000545000000| PB 0x0000000545000000| Untracked 
| 139|0x0000000545800000, 0x0000000546000000, 0x0000000546000000|100%| O|  |TAMS 0x0000000545800000| PB 0x0000000545800000| Untracked 
| 140|0x0000000546000000, 0x0000000546800000, 0x0000000546800000|100%| O|  |TAMS 0x0000000546000000| PB 0x0000000546000000| Untracked 
| 141|0x0000000546800000, 0x0000000547000000, 0x0000000547000000|100%| O|  |TAMS 0x0000000546800000| PB 0x0000000546800000| Untracked 
| 142|0x0000000547000000, 0x0000000547800000, 0x0000000547800000|100%| O|  |TAMS 0x0000000547000000| PB 0x0000000547000000| Untracked 
| 143|0x0000000547800000, 0x0000000548000000, 0x0000000548000000|100%| O|  |TAMS 0x0000000547800000| PB 0x0000000547800000| Untracked 
| 144|0x0000000548000000, 0x0000000548800000, 0x0000000548800000|100%| O|  |TAMS 0x0000000548000000| PB 0x0000000548000000| Untracked 
| 145|0x0000000548800000, 0x0000000549000000, 0x0000000549000000|100%| O|  |TAMS 0x0000000548800000| PB 0x0000000548800000| Untracked 
| 146|0x0000000549000000, 0x0000000549800000, 0x0000000549800000|100%| O|  |TAMS 0x0000000549000000| PB 0x0000000549000000| Untracked 
| 147|0x0000000549800000, 0x000000054a000000, 0x000000054a000000|100%| O|  |TAMS 0x0000000549800000| PB 0x0000000549800000| Untracked 
| 148|0x000000054a000000, 0x000000054a800000, 0x000000054a800000|100%| O|  |TAMS 0x000000054a000000| PB 0x000000054a000000| Untracked 
| 149|0x000000054a800000, 0x000000054b000000, 0x000000054b000000|100%| O|  |TAMS 0x000000054a800000| PB 0x000000054a800000| Untracked 
| 150|0x000000054b000000, 0x000000054b800000, 0x000000054b800000|100%| O|  |TAMS 0x000000054b000000| PB 0x000000054b000000| Untracked 
| 151|0x000000054b800000, 0x000000054c000000, 0x000000054c000000|100%| O|  |TAMS 0x000000054b800000| PB 0x000000054b800000| Untracked 
| 152|0x000000054c000000, 0x000000054c800000, 0x000000054c800000|100%| O|  |TAMS 0x000000054c000000| PB 0x000000054c000000| Untracked 
| 153|0x000000054c800000, 0x000000054d000000, 0x000000054d000000|100%| O|  |TAMS 0x000000054c800000| PB 0x000000054c800000| Untracked 
| 154|0x000000054d000000, 0x000000054d800000, 0x000000054d800000|100%| O|  |TAMS 0x000000054d000000| PB 0x000000054d000000| Untracked 
| 155|0x000000054d800000, 0x000000054e000000, 0x000000054e000000|100%| O|  |TAMS 0x000000054d800000| PB 0x000000054d800000| Untracked 
| 156|0x000000054e000000, 0x000000054e800000, 0x000000054e800000|100%| O|  |TAMS 0x000000054e000000| PB 0x000000054e000000| Untracked 
| 157|0x000000054e800000, 0x000000054f000000, 0x000000054f000000|100%| O|  |TAMS 0x000000054e800000| PB 0x000000054e800000| Untracked 
| 158|0x000000054f000000, 0x000000054f800000, 0x000000054f800000|100%| O|  |TAMS 0x000000054f000000| PB 0x000000054f000000| Untracked 
| 159|0x000000054f800000, 0x0000000550000000, 0x0000000550000000|100%| O|  |TAMS 0x000000054f800000| PB 0x000000054f800000| Untracked 
| 160|0x0000000550000000, 0x0000000550800000, 0x0000000550800000|100%| O|  |TAMS 0x0000000550000000| PB 0x0000000550000000| Untracked 
| 161|0x0000000550800000, 0x0000000551000000, 0x0000000551000000|100%|HS|  |TAMS 0x0000000550800000| PB 0x0000000550800000| Complete 
| 162|0x0000000551000000, 0x0000000551800000, 0x0000000551800000|100%| O|  |TAMS 0x0000000551000000| PB 0x0000000551000000| Untracked 
| 163|0x0000000551800000, 0x0000000552000000, 0x0000000552000000|100%| O|  |TAMS 0x0000000551800000| PB 0x0000000551800000| Untracked 
| 164|0x0000000552000000, 0x0000000552800000, 0x0000000552800000|100%| O|  |TAMS 0x0000000552000000| PB 0x0000000552000000| Untracked 
| 165|0x0000000552800000, 0x0000000553000000, 0x0000000553000000|100%| O|  |TAMS 0x0000000552800000| PB 0x0000000552800000| Untracked 
| 166|0x0000000553000000, 0x0000000553800000, 0x0000000553800000|100%| O|  |TAMS 0x0000000553000000| PB 0x0000000553000000| Untracked 
| 167|0x0000000553800000, 0x0000000554000000, 0x0000000554000000|100%| O|  |TAMS 0x0000000553800000| PB 0x0000000553800000| Untracked 
| 168|0x0000000554000000, 0x0000000554800000, 0x0000000554800000|100%| O|  |TAMS 0x0000000554000000| PB 0x0000000554000000| Untracked 
| 169|0x0000000554800000, 0x0000000555000000, 0x0000000555000000|100%| O|  |TAMS 0x0000000554800000| PB 0x0000000554800000| Untracked 
| 170|0x0000000555000000, 0x0000000555800000, 0x0000000555800000|100%| O|  |TAMS 0x0000000555000000| PB 0x0000000555000000| Untracked 
| 171|0x0000000555800000, 0x0000000556000000, 0x0000000556000000|100%| O|  |TAMS 0x0000000555800000| PB 0x0000000555800000| Untracked 
| 172|0x0000000556000000, 0x0000000556800000, 0x0000000556800000|100%| O|  |TAMS 0x0000000556000000| PB 0x0000000556000000| Untracked 
| 173|0x0000000556800000, 0x0000000557000000, 0x0000000557000000|100%| O|  |TAMS 0x0000000556800000| PB 0x0000000556800000| Untracked 
| 174|0x0000000557000000, 0x0000000557800000, 0x0000000557800000|100%| O|  |TAMS 0x0000000557000000| PB 0x0000000557000000| Untracked 
| 175|0x0000000557800000, 0x0000000558000000, 0x0000000558000000|100%| O|  |TAMS 0x0000000557800000| PB 0x0000000557800000| Untracked 
| 176|0x0000000558000000, 0x0000000558800000, 0x0000000558800000|100%| O|  |TAMS 0x0000000558000000| PB 0x0000000558000000| Untracked 
| 177|0x0000000558800000, 0x0000000559000000, 0x0000000559000000|100%| O|  |TAMS 0x0000000558800000| PB 0x0000000558800000| Untracked 
| 178|0x0000000559000000, 0x0000000559800000, 0x0000000559800000|100%| O|  |TAMS 0x0000000559000000| PB 0x0000000559000000| Untracked 
| 179|0x0000000559800000, 0x000000055a000000, 0x000000055a000000|100%| O|  |TAMS 0x0000000559800000| PB 0x0000000559800000| Untracked 
| 180|0x000000055a000000, 0x000000055a800000, 0x000000055a800000|100%| O|  |TAMS 0x000000055a000000| PB 0x000000055a000000| Untracked 
| 181|0x000000055a800000, 0x000000055b000000, 0x000000055b000000|100%| O|  |TAMS 0x000000055a800000| PB 0x000000055a800000| Untracked 
| 182|0x000000055b000000, 0x000000055b800000, 0x000000055b800000|100%| O|  |TAMS 0x000000055b000000| PB 0x000000055b000000| Untracked 
| 183|0x000000055b800000, 0x000000055c000000, 0x000000055c000000|100%| O|  |TAMS 0x000000055b800000| PB 0x000000055b800000| Untracked 
| 184|0x000000055c000000, 0x000000055c800000, 0x000000055c800000|100%| O|  |TAMS 0x000000055c000000| PB 0x000000055c000000| Untracked 
| 185|0x000000055c800000, 0x000000055d000000, 0x000000055d000000|100%| O|  |TAMS 0x000000055c800000| PB 0x000000055c800000| Untracked 
| 186|0x000000055d000000, 0x000000055d800000, 0x000000055d800000|100%| O|  |TAMS 0x000000055d000000| PB 0x000000055d000000| Untracked 
| 187|0x000000055d800000, 0x000000055e000000, 0x000000055e000000|100%| O|  |TAMS 0x000000055d800000| PB 0x000000055d800000| Untracked 
| 188|0x000000055e000000, 0x000000055e800000, 0x000000055e800000|100%| O|  |TAMS 0x000000055e000000| PB 0x000000055e000000| Untracked 
| 189|0x000000055e800000, 0x000000055f000000, 0x000000055f000000|100%| O|  |TAMS 0x000000055e800000| PB 0x000000055e800000| Untracked 
| 190|0x000000055f000000, 0x000000055f800000, 0x000000055f800000|100%| O|  |TAMS 0x000000055f000000| PB 0x000000055f000000| Untracked 
| 191|0x000000055f800000, 0x000000055fc869a8, 0x0000000560000000| 56%| O|  |TAMS 0x000000055f800000| PB 0x000000055f800000| Untracked 
| 192|0x0000000560000000, 0x0000000560000000, 0x0000000560800000|  0%| F|  |TAMS 0x0000000560000000| PB 0x0000000560000000| Untracked 
| 193|0x0000000560800000, 0x0000000560800000, 0x0000000561000000|  0%| F|  |TAMS 0x0000000560800000| PB 0x0000000560800000| Untracked 
| 194|0x0000000561000000, 0x0000000561000000, 0x0000000561800000|  0%| F|  |TAMS 0x0000000561000000| PB 0x0000000561000000| Untracked 
| 195|0x0000000561800000, 0x0000000561800000, 0x0000000562000000|  0%| F|  |TAMS 0x0000000561800000| PB 0x0000000561800000| Untracked 
| 196|0x0000000562000000, 0x0000000562000000, 0x0000000562800000|  0%| F|  |TAMS 0x0000000562000000| PB 0x0000000562000000| Untracked 
| 197|0x0000000562800000, 0x0000000562800000, 0x0000000563000000|  0%| F|  |TAMS 0x0000000562800000| PB 0x0000000562800000| Untracked 
| 198|0x0000000563000000, 0x0000000563000000, 0x0000000563800000|  0%| F|  |TAMS 0x0000000563000000| PB 0x0000000563000000| Untracked 
| 199|0x0000000563800000, 0x0000000563800000, 0x0000000564000000|  0%| F|  |TAMS 0x0000000563800000| PB 0x0000000563800000| Untracked 
| 200|0x0000000564000000, 0x0000000564000000, 0x0000000564800000|  0%| F|  |TAMS 0x0000000564000000| PB 0x0000000564000000| Untracked 
| 201|0x0000000564800000, 0x0000000564800000, 0x0000000565000000|  0%| F|  |TAMS 0x0000000564800000| PB 0x0000000564800000| Untracked 
| 202|0x0000000565000000, 0x0000000565000000, 0x0000000565800000|  0%| F|  |TAMS 0x0000000565000000| PB 0x0000000565000000| Untracked 
| 203|0x0000000565800000, 0x0000000565800000, 0x0000000566000000|  0%| F|  |TAMS 0x0000000565800000| PB 0x0000000565800000| Untracked 
| 204|0x0000000566000000, 0x0000000566000000, 0x0000000566800000|  0%| F|  |TAMS 0x0000000566000000| PB 0x0000000566000000| Untracked 
| 205|0x0000000566800000, 0x0000000566800000, 0x0000000567000000|  0%| F|  |TAMS 0x0000000566800000| PB 0x0000000566800000| Untracked 
| 206|0x0000000567000000, 0x0000000567000000, 0x0000000567800000|  0%| F|  |TAMS 0x0000000567000000| PB 0x0000000567000000| Untracked 
| 207|0x0000000567800000, 0x0000000567800000, 0x0000000568000000|  0%| F|  |TAMS 0x0000000567800000| PB 0x0000000567800000| Untracked 
| 208|0x0000000568000000, 0x0000000568000000, 0x0000000568800000|  0%| F|  |TAMS 0x0000000568000000| PB 0x0000000568000000| Untracked 
| 209|0x0000000568800000, 0x0000000568800000, 0x0000000569000000|  0%| F|  |TAMS 0x0000000568800000| PB 0x0000000568800000| Untracked 
| 210|0x0000000569000000, 0x0000000569000000, 0x0000000569800000|  0%| F|  |TAMS 0x0000000569000000| PB 0x0000000569000000| Untracked 
| 211|0x0000000569800000, 0x0000000569800000, 0x000000056a000000|  0%| F|  |TAMS 0x0000000569800000| PB 0x0000000569800000| Untracked 
| 212|0x000000056a000000, 0x000000056a000000, 0x000000056a800000|  0%| F|  |TAMS 0x000000056a000000| PB 0x000000056a000000| Untracked 
| 213|0x000000056a800000, 0x000000056a800000, 0x000000056b000000|  0%| F|  |TAMS 0x000000056a800000| PB 0x000000056a800000| Untracked 
| 214|0x000000056b000000, 0x000000056b000000, 0x000000056b800000|  0%| F|  |TAMS 0x000000056b000000| PB 0x000000056b000000| Untracked 
| 215|0x000000056b800000, 0x000000056b800000, 0x000000056c000000|  0%| F|  |TAMS 0x000000056b800000| PB 0x000000056b800000| Untracked 
| 216|0x000000056c000000, 0x000000056c000000, 0x000000056c800000|  0%| F|  |TAMS 0x000000056c000000| PB 0x000000056c000000| Untracked 
| 217|0x000000056c800000, 0x000000056c800000, 0x000000056d000000|  0%| F|  |TAMS 0x000000056c800000| PB 0x000000056c800000| Untracked 
| 218|0x000000056d000000, 0x000000056d000000, 0x000000056d800000|  0%| F|  |TAMS 0x000000056d000000| PB 0x000000056d000000| Untracked 
| 219|0x000000056d800000, 0x000000056d800000, 0x000000056e000000|  0%| F|  |TAMS 0x000000056d800000| PB 0x000000056d800000| Untracked 
| 220|0x000000056e000000, 0x000000056e000000, 0x000000056e800000|  0%| F|  |TAMS 0x000000056e000000| PB 0x000000056e000000| Untracked 
| 221|0x000000056e800000, 0x000000056e800000, 0x000000056f000000|  0%| F|  |TAMS 0x000000056e800000| PB 0x000000056e800000| Untracked 
| 222|0x000000056f000000, 0x000000056f000000, 0x000000056f800000|  0%| F|  |TAMS 0x000000056f000000| PB 0x000000056f000000| Untracked 
| 223|0x000000056f800000, 0x000000056f800000, 0x0000000570000000|  0%| F|  |TAMS 0x000000056f800000| PB 0x000000056f800000| Untracked 
| 224|0x0000000570000000, 0x0000000570000000, 0x0000000570800000|  0%| F|  |TAMS 0x0000000570000000| PB 0x0000000570000000| Untracked 
| 225|0x0000000570800000, 0x0000000570800000, 0x0000000571000000|  0%| F|  |TAMS 0x0000000570800000| PB 0x0000000570800000| Untracked 
| 226|0x0000000571000000, 0x0000000571000000, 0x0000000571800000|  0%| F|  |TAMS 0x0000000571000000| PB 0x0000000571000000| Untracked 
| 227|0x0000000571800000, 0x0000000571800000, 0x0000000572000000|  0%| F|  |TAMS 0x0000000571800000| PB 0x0000000571800000| Untracked 
| 228|0x0000000572000000, 0x0000000572000000, 0x0000000572800000|  0%| F|  |TAMS 0x0000000572000000| PB 0x0000000572000000| Untracked 
| 229|0x0000000572800000, 0x0000000573000000, 0x0000000573000000|100%| O|  |TAMS 0x0000000572800000| PB 0x0000000572800000| Untracked 
| 230|0x0000000573000000, 0x0000000573800000, 0x0000000573800000|100%| O|  |TAMS 0x0000000573000000| PB 0x0000000573000000| Untracked 
| 231|0x0000000573800000, 0x0000000574000000, 0x0000000574000000|100%| O|  |TAMS 0x0000000573800000| PB 0x0000000573800000| Untracked 
| 232|0x0000000574000000, 0x0000000574800000, 0x0000000574800000|100%| O|  |TAMS 0x0000000574000000| PB 0x0000000574000000| Untracked 
| 233|0x0000000574800000, 0x0000000575000000, 0x0000000575000000|100%| O|  |TAMS 0x0000000574800000| PB 0x0000000574800000| Untracked 
| 234|0x0000000575000000, 0x0000000575800000, 0x0000000575800000|100%| O|  |TAMS 0x0000000575000000| PB 0x0000000575000000| Untracked 
| 235|0x0000000575800000, 0x0000000576000000, 0x0000000576000000|100%| O|  |TAMS 0x0000000575800000| PB 0x0000000575800000| Untracked 
| 236|0x0000000576000000, 0x0000000576800000, 0x0000000576800000|100%| O|  |TAMS 0x0000000576000000| PB 0x0000000576000000| Untracked 
| 237|0x0000000576800000, 0x0000000577000000, 0x0000000577000000|100%| O|  |TAMS 0x0000000576800000| PB 0x0000000576800000| Untracked 
| 238|0x0000000577000000, 0x0000000577000000, 0x0000000577800000|  0%| F|  |TAMS 0x0000000577000000| PB 0x0000000577000000| Untracked 
| 239|0x0000000577800000, 0x0000000577800000, 0x0000000578000000|  0%| F|  |TAMS 0x0000000577800000| PB 0x0000000577800000| Untracked 
| 240|0x0000000578000000, 0x0000000578000000, 0x0000000578800000|  0%| F|  |TAMS 0x0000000578000000| PB 0x0000000578000000| Untracked 
| 241|0x0000000578800000, 0x0000000578800000, 0x0000000579000000|  0%| F|  |TAMS 0x0000000578800000| PB 0x0000000578800000| Untracked 
| 242|0x0000000579000000, 0x0000000579000000, 0x0000000579800000|  0%| F|  |TAMS 0x0000000579000000| PB 0x0000000579000000| Untracked 
| 243|0x0000000579800000, 0x0000000579800000, 0x000000057a000000|  0%| F|  |TAMS 0x0000000579800000| PB 0x0000000579800000| Untracked 
| 244|0x000000057a000000, 0x000000057a000000, 0x000000057a800000|  0%| F|  |TAMS 0x000000057a000000| PB 0x000000057a000000| Untracked 
| 245|0x000000057a800000, 0x000000057b000000, 0x000000057b000000|100%|HS|  |TAMS 0x000000057a800000| PB 0x000000057a800000| Complete 
| 246|0x000000057b000000, 0x000000057b000000, 0x000000057b800000|  0%| F|  |TAMS 0x000000057b000000| PB 0x000000057b000000| Untracked 
| 247|0x000000057b800000, 0x000000057b800000, 0x000000057c000000|  0%| F|  |TAMS 0x000000057b800000| PB 0x000000057b800000| Untracked 
| 248|0x000000057c000000, 0x000000057c000000, 0x000000057c800000|  0%| F|  |TAMS 0x000000057c000000| PB 0x000000057c000000| Untracked 
| 249|0x000000057c800000, 0x000000057c800000, 0x000000057d000000|  0%| F|  |TAMS 0x000000057c800000| PB 0x000000057c800000| Untracked 
| 250|0x000000057d000000, 0x000000057d000000, 0x000000057d800000|  0%| F|  |TAMS 0x000000057d000000| PB 0x000000057d000000| Untracked 
| 251|0x000000057d800000, 0x000000057d800000, 0x000000057e000000|  0%| F|  |TAMS 0x000000057d800000| PB 0x000000057d800000| Untracked 
| 252|0x000000057e000000, 0x000000057e000000, 0x000000057e800000|  0%| F|  |TAMS 0x000000057e000000| PB 0x000000057e000000| Untracked 
| 253|0x000000057e800000, 0x000000057e800000, 0x000000057f000000|  0%| F|  |TAMS 0x000000057e800000| PB 0x000000057e800000| Untracked 
| 254|0x000000057f000000, 0x000000057f000000, 0x000000057f800000|  0%| F|  |TAMS 0x000000057f000000| PB 0x000000057f000000| Untracked 
| 255|0x000000057f800000, 0x000000057f800000, 0x0000000580000000|  0%| F|  |TAMS 0x000000057f800000| PB 0x000000057f800000| Untracked 
| 256|0x0000000580000000, 0x0000000580000000, 0x0000000580800000|  0%| F|  |TAMS 0x0000000580000000| PB 0x0000000580000000| Untracked 
| 257|0x0000000580800000, 0x0000000580800000, 0x0000000581000000|  0%| F|  |TAMS 0x0000000580800000| PB 0x0000000580800000| Untracked 
| 258|0x0000000581000000, 0x0000000581000000, 0x0000000581800000|  0%| F|  |TAMS 0x0000000581000000| PB 0x0000000581000000| Untracked 
| 259|0x0000000581800000, 0x0000000581800000, 0x0000000582000000|  0%| F|  |TAMS 0x0000000581800000| PB 0x0000000581800000| Untracked 
| 260|0x0000000582000000, 0x0000000582000000, 0x0000000582800000|  0%| F|  |TAMS 0x0000000582000000| PB 0x0000000582000000| Untracked 
| 261|0x0000000582800000, 0x0000000582800000, 0x0000000583000000|  0%| F|  |TAMS 0x0000000582800000| PB 0x0000000582800000| Untracked 
| 262|0x0000000583000000, 0x0000000583000000, 0x0000000583800000|  0%| F|  |TAMS 0x0000000583000000| PB 0x0000000583000000| Untracked 
| 263|0x0000000583800000, 0x0000000583800000, 0x0000000584000000|  0%| F|  |TAMS 0x0000000583800000| PB 0x0000000583800000| Untracked 
| 264|0x0000000584000000, 0x0000000584000000, 0x0000000584800000|  0%| F|  |TAMS 0x0000000584000000| PB 0x0000000584000000| Untracked 
| 265|0x0000000584800000, 0x0000000584800000, 0x0000000585000000|  0%| F|  |TAMS 0x0000000584800000| PB 0x0000000584800000| Untracked 
| 266|0x0000000585000000, 0x0000000585000000, 0x0000000585800000|  0%| F|  |TAMS 0x0000000585000000| PB 0x0000000585000000| Untracked 
| 267|0x0000000585800000, 0x0000000585800000, 0x0000000586000000|  0%| F|  |TAMS 0x0000000585800000| PB 0x0000000585800000| Untracked 
| 268|0x0000000586000000, 0x0000000586000000, 0x0000000586800000|  0%| F|  |TAMS 0x0000000586000000| PB 0x0000000586000000| Untracked 
| 269|0x0000000586800000, 0x0000000586800000, 0x0000000587000000|  0%| F|  |TAMS 0x0000000586800000| PB 0x0000000586800000| Untracked 
| 270|0x0000000587000000, 0x0000000587000000, 0x0000000587800000|  0%| F|  |TAMS 0x0000000587000000| PB 0x0000000587000000| Untracked 
| 271|0x0000000587800000, 0x0000000587800000, 0x0000000588000000|  0%| F|  |TAMS 0x0000000587800000| PB 0x0000000587800000| Untracked 
| 272|0x0000000588000000, 0x0000000588000000, 0x0000000588800000|  0%| F|  |TAMS 0x0000000588000000| PB 0x0000000588000000| Untracked 
| 273|0x0000000588800000, 0x0000000588800000, 0x0000000589000000|  0%| F|  |TAMS 0x0000000588800000| PB 0x0000000588800000| Untracked 
| 274|0x0000000589000000, 0x0000000589000000, 0x0000000589800000|  0%| F|  |TAMS 0x0000000589000000| PB 0x0000000589000000| Untracked 
| 275|0x0000000589800000, 0x0000000589800000, 0x000000058a000000|  0%| F|  |TAMS 0x0000000589800000| PB 0x0000000589800000| Untracked 
| 276|0x000000058a000000, 0x000000058a000000, 0x000000058a800000|  0%| F|  |TAMS 0x000000058a000000| PB 0x000000058a000000| Untracked 
| 277|0x000000058a800000, 0x000000058a800000, 0x000000058b000000|  0%| F|  |TAMS 0x000000058a800000| PB 0x000000058a800000| Untracked 
| 278|0x000000058b000000, 0x000000058b000000, 0x000000058b800000|  0%| F|  |TAMS 0x000000058b000000| PB 0x000000058b000000| Untracked 
| 279|0x000000058b800000, 0x000000058b800000, 0x000000058c000000|  0%| F|  |TAMS 0x000000058b800000| PB 0x000000058b800000| Untracked 
| 280|0x000000058c000000, 0x000000058c000000, 0x000000058c800000|  0%| F|  |TAMS 0x000000058c000000| PB 0x000000058c000000| Untracked 
| 281|0x000000058c800000, 0x000000058c800000, 0x000000058d000000|  0%| F|  |TAMS 0x000000058c800000| PB 0x000000058c800000| Untracked 
| 282|0x000000058d000000, 0x000000058d000000, 0x000000058d800000|  0%| F|  |TAMS 0x000000058d000000| PB 0x000000058d000000| Untracked 
| 283|0x000000058d800000, 0x000000058d800000, 0x000000058e000000|  0%| F|  |TAMS 0x000000058d800000| PB 0x000000058d800000| Untracked 
| 284|0x000000058e000000, 0x000000058e000000, 0x000000058e800000|  0%| F|  |TAMS 0x000000058e000000| PB 0x000000058e000000| Untracked 
| 285|0x000000058e800000, 0x000000058e800000, 0x000000058f000000|  0%| F|  |TAMS 0x000000058e800000| PB 0x000000058e800000| Untracked 
| 286|0x000000058f000000, 0x000000058f000000, 0x000000058f800000|  0%| F|  |TAMS 0x000000058f000000| PB 0x000000058f000000| Untracked 
| 287|0x000000058f800000, 0x000000058f800000, 0x0000000590000000|  0%| F|  |TAMS 0x000000058f800000| PB 0x000000058f800000| Untracked 
| 288|0x0000000590000000, 0x0000000590000000, 0x0000000590800000|  0%| F|  |TAMS 0x0000000590000000| PB 0x0000000590000000| Untracked 
| 289|0x0000000590800000, 0x0000000590800000, 0x0000000591000000|  0%| F|  |TAMS 0x0000000590800000| PB 0x0000000590800000| Untracked 
| 290|0x0000000591000000, 0x0000000591000000, 0x0000000591800000|  0%| F|  |TAMS 0x0000000591000000| PB 0x0000000591000000| Untracked 
| 291|0x0000000591800000, 0x0000000591800000, 0x0000000592000000|  0%| F|  |TAMS 0x0000000591800000| PB 0x0000000591800000| Untracked 
| 292|0x0000000592000000, 0x0000000592000000, 0x0000000592800000|  0%| F|  |TAMS 0x0000000592000000| PB 0x0000000592000000| Untracked 
| 293|0x0000000592800000, 0x0000000592800000, 0x0000000593000000|  0%| F|  |TAMS 0x0000000592800000| PB 0x0000000592800000| Untracked 
| 294|0x0000000593000000, 0x0000000593000000, 0x0000000593800000|  0%| F|  |TAMS 0x0000000593000000| PB 0x0000000593000000| Untracked 
| 295|0x0000000593800000, 0x0000000593800000, 0x0000000594000000|  0%| F|  |TAMS 0x0000000593800000| PB 0x0000000593800000| Untracked 
| 296|0x0000000594000000, 0x0000000594000000, 0x0000000594800000|  0%| F|  |TAMS 0x0000000594000000| PB 0x0000000594000000| Untracked 
| 297|0x0000000594800000, 0x0000000594800000, 0x0000000595000000|  0%| F|  |TAMS 0x0000000594800000| PB 0x0000000594800000| Untracked 
| 298|0x0000000595000000, 0x0000000595000000, 0x0000000595800000|  0%| F|  |TAMS 0x0000000595000000| PB 0x0000000595000000| Untracked 
| 299|0x0000000595800000, 0x0000000595800000, 0x0000000596000000|  0%| F|  |TAMS 0x0000000595800000| PB 0x0000000595800000| Untracked 
| 300|0x0000000596000000, 0x0000000596000000, 0x0000000596800000|  0%| F|  |TAMS 0x0000000596000000| PB 0x0000000596000000| Untracked 
| 301|0x0000000596800000, 0x0000000596800000, 0x0000000597000000|  0%| F|  |TAMS 0x0000000596800000| PB 0x0000000596800000| Untracked 
| 302|0x0000000597000000, 0x0000000597000000, 0x0000000597800000|  0%| F|  |TAMS 0x0000000597000000| PB 0x0000000597000000| Untracked 
| 303|0x0000000597800000, 0x0000000597800000, 0x0000000598000000|  0%| F|  |TAMS 0x0000000597800000| PB 0x0000000597800000| Untracked 
| 304|0x0000000598000000, 0x0000000598000000, 0x0000000598800000|  0%| F|  |TAMS 0x0000000598000000| PB 0x0000000598000000| Untracked 
| 305|0x0000000598800000, 0x0000000598800000, 0x0000000599000000|  0%| F|  |TAMS 0x0000000598800000| PB 0x0000000598800000| Untracked 
| 306|0x0000000599000000, 0x0000000599000000, 0x0000000599800000|  0%| F|  |TAMS 0x0000000599000000| PB 0x0000000599000000| Untracked 
| 307|0x0000000599800000, 0x000000059a000000, 0x000000059a000000|100%| O|  |TAMS 0x0000000599800000| PB 0x0000000599800000| Untracked 
| 308|0x000000059a000000, 0x000000059a800000, 0x000000059a800000|100%| O|  |TAMS 0x000000059a000000| PB 0x000000059a000000| Untracked 
| 309|0x000000059a800000, 0x000000059b000000, 0x000000059b000000|100%| O|  |TAMS 0x000000059a800000| PB 0x000000059a800000| Untracked 
| 310|0x000000059b000000, 0x000000059b800000, 0x000000059b800000|100%| O|  |TAMS 0x000000059b000000| PB 0x000000059b000000| Untracked 
| 311|0x000000059b800000, 0x000000059c000000, 0x000000059c000000|100%| O|  |TAMS 0x000000059b800000| PB 0x000000059b800000| Untracked 
| 312|0x000000059c000000, 0x000000059c000000, 0x000000059c800000|  0%| F|  |TAMS 0x000000059c000000| PB 0x000000059c000000| Untracked 
| 313|0x000000059c800000, 0x000000059d000000, 0x000000059d000000|100%| O|  |TAMS 0x000000059c800000| PB 0x000000059c800000| Untracked 
| 314|0x000000059d000000, 0x000000059d000000, 0x000000059d800000|  0%| F|  |TAMS 0x000000059d000000| PB 0x000000059d000000| Untracked 
| 315|0x000000059d800000, 0x000000059d800000, 0x000000059e000000|  0%| F|  |TAMS 0x000000059d800000| PB 0x000000059d800000| Untracked 
| 316|0x000000059e000000, 0x000000059e000000, 0x000000059e800000|  0%| F|  |TAMS 0x000000059e000000| PB 0x000000059e000000| Untracked 
| 317|0x000000059e800000, 0x000000059e800000, 0x000000059f000000|  0%| F|  |TAMS 0x000000059e800000| PB 0x000000059e800000| Untracked 
| 318|0x000000059f000000, 0x000000059f000000, 0x000000059f800000|  0%| F|  |TAMS 0x000000059f000000| PB 0x000000059f000000| Untracked 
| 319|0x000000059f800000, 0x000000059f800000, 0x00000005a0000000|  0%| F|  |TAMS 0x000000059f800000| PB 0x000000059f800000| Untracked 
| 320|0x00000005a0000000, 0x00000005a0800000, 0x00000005a0800000|100%| O|  |TAMS 0x00000005a0000000| PB 0x00000005a0000000| Untracked 
| 321|0x00000005a0800000, 0x00000005a0800000, 0x00000005a1000000|  0%| F|  |TAMS 0x00000005a0800000| PB 0x00000005a0800000| Untracked 
| 322|0x00000005a1000000, 0x00000005a1000000, 0x00000005a1800000|  0%| F|  |TAMS 0x00000005a1000000| PB 0x00000005a1000000| Untracked 
| 323|0x00000005a1800000, 0x00000005a1800000, 0x00000005a2000000|  0%| F|  |TAMS 0x00000005a1800000| PB 0x00000005a1800000| Untracked 
| 324|0x00000005a2000000, 0x00000005a2000000, 0x00000005a2800000|  0%| F|  |TAMS 0x00000005a2000000| PB 0x00000005a2000000| Untracked 
| 325|0x00000005a2800000, 0x00000005a2800000, 0x00000005a3000000|  0%| F|  |TAMS 0x00000005a2800000| PB 0x00000005a2800000| Untracked 
| 326|0x00000005a3000000, 0x00000005a3000000, 0x00000005a3800000|  0%| F|  |TAMS 0x00000005a3000000| PB 0x00000005a3000000| Untracked 
| 327|0x00000005a3800000, 0x00000005a3800000, 0x00000005a4000000|  0%| F|  |TAMS 0x00000005a3800000| PB 0x00000005a3800000| Untracked 
| 328|0x00000005a4000000, 0x00000005a4000000, 0x00000005a4800000|  0%| F|  |TAMS 0x00000005a4000000| PB 0x00000005a4000000| Untracked 
| 329|0x00000005a4800000, 0x00000005a4800000, 0x00000005a5000000|  0%| F|  |TAMS 0x00000005a4800000| PB 0x00000005a4800000| Untracked 
| 330|0x00000005a5000000, 0x00000005a5000000, 0x00000005a5800000|  0%| F|  |TAMS 0x00000005a5000000| PB 0x00000005a5000000| Untracked 
| 331|0x00000005a5800000, 0x00000005a5800000, 0x00000005a6000000|  0%| F|  |TAMS 0x00000005a5800000| PB 0x00000005a5800000| Untracked 
| 332|0x00000005a6000000, 0x00000005a6000000, 0x00000005a6800000|  0%| F|  |TAMS 0x00000005a6000000| PB 0x00000005a6000000| Untracked 
| 333|0x00000005a6800000, 0x00000005a6800000, 0x00000005a7000000|  0%| F|  |TAMS 0x00000005a6800000| PB 0x00000005a6800000| Untracked 
| 334|0x00000005a7000000, 0x00000005a7000000, 0x00000005a7800000|  0%| F|  |TAMS 0x00000005a7000000| PB 0x00000005a7000000| Untracked 
| 335|0x00000005a7800000, 0x00000005a7800000, 0x00000005a8000000|  0%| F|  |TAMS 0x00000005a7800000| PB 0x00000005a7800000| Untracked 
| 336|0x00000005a8000000, 0x00000005a8000000, 0x00000005a8800000|  0%| F|  |TAMS 0x00000005a8000000| PB 0x00000005a8000000| Untracked 
| 337|0x00000005a8800000, 0x00000005a8800000, 0x00000005a9000000|  0%| F|  |TAMS 0x00000005a8800000| PB 0x00000005a8800000| Untracked 
| 338|0x00000005a9000000, 0x00000005a9000000, 0x00000005a9800000|  0%| F|  |TAMS 0x00000005a9000000| PB 0x00000005a9000000| Untracked 
| 339|0x00000005a9800000, 0x00000005a9800000, 0x00000005aa000000|  0%| F|  |TAMS 0x00000005a9800000| PB 0x00000005a9800000| Untracked 
| 340|0x00000005aa000000, 0x00000005aa000000, 0x00000005aa800000|  0%| F|  |TAMS 0x00000005aa000000| PB 0x00000005aa000000| Untracked 
| 341|0x00000005aa800000, 0x00000005aa800000, 0x00000005ab000000|  0%| F|  |TAMS 0x00000005aa800000| PB 0x00000005aa800000| Untracked 
| 342|0x00000005ab000000, 0x00000005ab000000, 0x00000005ab800000|  0%| F|  |TAMS 0x00000005ab000000| PB 0x00000005ab000000| Untracked 
| 343|0x00000005ab800000, 0x00000005ab800000, 0x00000005ac000000|  0%| F|  |TAMS 0x00000005ab800000| PB 0x00000005ab800000| Untracked 
| 344|0x00000005ac000000, 0x00000005ac000000, 0x00000005ac800000|  0%| F|  |TAMS 0x00000005ac000000| PB 0x00000005ac000000| Untracked 
| 345|0x00000005ac800000, 0x00000005ac800000, 0x00000005ad000000|  0%| F|  |TAMS 0x00000005ac800000| PB 0x00000005ac800000| Untracked 
| 346|0x00000005ad000000, 0x00000005ad000000, 0x00000005ad800000|  0%| F|  |TAMS 0x00000005ad000000| PB 0x00000005ad000000| Untracked 
| 347|0x00000005ad800000, 0x00000005ad800000, 0x00000005ae000000|  0%| F|  |TAMS 0x00000005ad800000| PB 0x00000005ad800000| Untracked 
| 348|0x00000005ae000000, 0x00000005ae000000, 0x00000005ae800000|  0%| F|  |TAMS 0x00000005ae000000| PB 0x00000005ae000000| Untracked 
| 349|0x00000005ae800000, 0x00000005ae800000, 0x00000005af000000|  0%| F|  |TAMS 0x00000005ae800000| PB 0x00000005ae800000| Untracked 
| 350|0x00000005af000000, 0x00000005af000000, 0x00000005af800000|  0%| F|  |TAMS 0x00000005af000000| PB 0x00000005af000000| Untracked 
| 351|0x00000005af800000, 0x00000005af800000, 0x00000005b0000000|  0%| F|  |TAMS 0x00000005af800000| PB 0x00000005af800000| Untracked 
| 352|0x00000005b0000000, 0x00000005b0000000, 0x00000005b0800000|  0%| F|  |TAMS 0x00000005b0000000| PB 0x00000005b0000000| Untracked 
| 353|0x00000005b0800000, 0x00000005b0800000, 0x00000005b1000000|  0%| F|  |TAMS 0x00000005b0800000| PB 0x00000005b0800000| Untracked 
| 354|0x00000005b1000000, 0x00000005b1000000, 0x00000005b1800000|  0%| F|  |TAMS 0x00000005b1000000| PB 0x00000005b1000000| Untracked 
| 355|0x00000005b1800000, 0x00000005b1800000, 0x00000005b2000000|  0%| F|  |TAMS 0x00000005b1800000| PB 0x00000005b1800000| Untracked 
| 356|0x00000005b2000000, 0x00000005b2000000, 0x00000005b2800000|  0%| F|  |TAMS 0x00000005b2000000| PB 0x00000005b2000000| Untracked 
| 357|0x00000005b2800000, 0x00000005b2800000, 0x00000005b3000000|  0%| F|  |TAMS 0x00000005b2800000| PB 0x00000005b2800000| Untracked 
| 358|0x00000005b3000000, 0x00000005b3000000, 0x00000005b3800000|  0%| F|  |TAMS 0x00000005b3000000| PB 0x00000005b3000000| Untracked 
| 359|0x00000005b3800000, 0x00000005b3800000, 0x00000005b4000000|  0%| F|  |TAMS 0x00000005b3800000| PB 0x00000005b3800000| Untracked 
| 360|0x00000005b4000000, 0x00000005b4000000, 0x00000005b4800000|  0%| F|  |TAMS 0x00000005b4000000| PB 0x00000005b4000000| Untracked 
| 361|0x00000005b4800000, 0x00000005b4800000, 0x00000005b5000000|  0%| F|  |TAMS 0x00000005b4800000| PB 0x00000005b4800000| Untracked 
| 362|0x00000005b5000000, 0x00000005b5000000, 0x00000005b5800000|  0%| F|  |TAMS 0x00000005b5000000| PB 0x00000005b5000000| Untracked 
| 363|0x00000005b5800000, 0x00000005b5800000, 0x00000005b6000000|  0%| F|  |TAMS 0x00000005b5800000| PB 0x00000005b5800000| Untracked 
| 364|0x00000005b6000000, 0x00000005b6000000, 0x00000005b6800000|  0%| F|  |TAMS 0x00000005b6000000| PB 0x00000005b6000000| Untracked 
| 365|0x00000005b6800000, 0x00000005b6800000, 0x00000005b7000000|  0%| F|  |TAMS 0x00000005b6800000| PB 0x00000005b6800000| Untracked 
| 366|0x00000005b7000000, 0x00000005b7000000, 0x00000005b7800000|  0%| F|  |TAMS 0x00000005b7000000| PB 0x00000005b7000000| Untracked 
| 367|0x00000005b7800000, 0x00000005b7800000, 0x00000005b8000000|  0%| F|  |TAMS 0x00000005b7800000| PB 0x00000005b7800000| Untracked 
| 368|0x00000005b8000000, 0x00000005b8000000, 0x00000005b8800000|  0%| F|  |TAMS 0x00000005b8000000| PB 0x00000005b8000000| Untracked 
| 369|0x00000005b8800000, 0x00000005b8800000, 0x00000005b9000000|  0%| F|  |TAMS 0x00000005b8800000| PB 0x00000005b8800000| Untracked 
| 370|0x00000005b9000000, 0x00000005b9000000, 0x00000005b9800000|  0%| F|  |TAMS 0x00000005b9000000| PB 0x00000005b9000000| Untracked 
| 371|0x00000005b9800000, 0x00000005b9800000, 0x00000005ba000000|  0%| F|  |TAMS 0x00000005b9800000| PB 0x00000005b9800000| Untracked 
| 372|0x00000005ba000000, 0x00000005ba000000, 0x00000005ba800000|  0%| F|  |TAMS 0x00000005ba000000| PB 0x00000005ba000000| Untracked 
| 373|0x00000005ba800000, 0x00000005ba800000, 0x00000005bb000000|  0%| F|  |TAMS 0x00000005ba800000| PB 0x00000005ba800000| Untracked 
| 374|0x00000005bb000000, 0x00000005bb000000, 0x00000005bb800000|  0%| F|  |TAMS 0x00000005bb000000| PB 0x00000005bb000000| Untracked 
| 375|0x00000005bb800000, 0x00000005bb800000, 0x00000005bc000000|  0%| F|  |TAMS 0x00000005bb800000| PB 0x00000005bb800000| Untracked 
| 376|0x00000005bc000000, 0x00000005bc000000, 0x00000005bc800000|  0%| F|  |TAMS 0x00000005bc000000| PB 0x00000005bc000000| Untracked 
| 377|0x00000005bc800000, 0x00000005bc800000, 0x00000005bd000000|  0%| F|  |TAMS 0x00000005bc800000| PB 0x00000005bc800000| Untracked 
| 378|0x00000005bd000000, 0x00000005bd000000, 0x00000005bd800000|  0%| F|  |TAMS 0x00000005bd000000| PB 0x00000005bd000000| Untracked 
| 379|0x00000005bd800000, 0x00000005bd800000, 0x00000005be000000|  0%| F|  |TAMS 0x00000005bd800000| PB 0x00000005bd800000| Untracked 
| 380|0x00000005be000000, 0x00000005be000000, 0x00000005be800000|  0%| F|  |TAMS 0x00000005be000000| PB 0x00000005be000000| Untracked 
| 381|0x00000005be800000, 0x00000005be800000, 0x00000005bf000000|  0%| F|  |TAMS 0x00000005be800000| PB 0x00000005be800000| Untracked 
| 382|0x00000005bf000000, 0x00000005bf000000, 0x00000005bf800000|  0%| F|  |TAMS 0x00000005bf000000| PB 0x00000005bf000000| Untracked 
| 383|0x00000005bf800000, 0x00000005bf800000, 0x00000005c0000000|  0%| F|  |TAMS 0x00000005bf800000| PB 0x00000005bf800000| Untracked 
| 384|0x00000005c0000000, 0x00000005c0000000, 0x00000005c0800000|  0%| F|  |TAMS 0x00000005c0000000| PB 0x00000005c0000000| Untracked 
| 385|0x00000005c0800000, 0x00000005c0800000, 0x00000005c1000000|  0%| F|  |TAMS 0x00000005c0800000| PB 0x00000005c0800000| Untracked 
| 386|0x00000005c1000000, 0x00000005c1000000, 0x00000005c1800000|  0%| F|  |TAMS 0x00000005c1000000| PB 0x00000005c1000000| Untracked 
| 387|0x00000005c1800000, 0x00000005c1800000, 0x00000005c2000000|  0%| F|  |TAMS 0x00000005c1800000| PB 0x00000005c1800000| Untracked 
| 388|0x00000005c2000000, 0x00000005c2000000, 0x00000005c2800000|  0%| F|  |TAMS 0x00000005c2000000| PB 0x00000005c2000000| Untracked 
| 389|0x00000005c2800000, 0x00000005c2800000, 0x00000005c3000000|  0%| F|  |TAMS 0x00000005c2800000| PB 0x00000005c2800000| Untracked 
| 390|0x00000005c3000000, 0x00000005c3000000, 0x00000005c3800000|  0%| F|  |TAMS 0x00000005c3000000| PB 0x00000005c3000000| Untracked 
| 391|0x00000005c3800000, 0x00000005c3800000, 0x00000005c4000000|  0%| F|  |TAMS 0x00000005c3800000| PB 0x00000005c3800000| Untracked 
| 392|0x00000005c4000000, 0x00000005c4000000, 0x00000005c4800000|  0%| F|  |TAMS 0x00000005c4000000| PB 0x00000005c4000000| Untracked 
| 393|0x00000005c4800000, 0x00000005c4800000, 0x00000005c5000000|  0%| F|  |TAMS 0x00000005c4800000| PB 0x00000005c4800000| Untracked 
| 394|0x00000005c5000000, 0x00000005c5000000, 0x00000005c5800000|  0%| F|  |TAMS 0x00000005c5000000| PB 0x00000005c5000000| Untracked 
| 395|0x00000005c5800000, 0x00000005c5800000, 0x00000005c6000000|  0%| F|  |TAMS 0x00000005c5800000| PB 0x00000005c5800000| Untracked 
| 396|0x00000005c6000000, 0x00000005c6000000, 0x00000005c6800000|  0%| F|  |TAMS 0x00000005c6000000| PB 0x00000005c6000000| Untracked 
| 397|0x00000005c6800000, 0x00000005c6800000, 0x00000005c7000000|  0%| F|  |TAMS 0x00000005c6800000| PB 0x00000005c6800000| Untracked 
| 398|0x00000005c7000000, 0x00000005c7000000, 0x00000005c7800000|  0%| F|  |TAMS 0x00000005c7000000| PB 0x00000005c7000000| Untracked 
| 399|0x00000005c7800000, 0x00000005c7800000, 0x00000005c8000000|  0%| F|  |TAMS 0x00000005c7800000| PB 0x00000005c7800000| Untracked 
| 400|0x00000005c8000000, 0x00000005c8000000, 0x00000005c8800000|  0%| F|  |TAMS 0x00000005c8000000| PB 0x00000005c8000000| Untracked 
| 401|0x00000005c8800000, 0x00000005c8800000, 0x00000005c9000000|  0%| F|  |TAMS 0x00000005c8800000| PB 0x00000005c8800000| Untracked 
| 402|0x00000005c9000000, 0x00000005c9000000, 0x00000005c9800000|  0%| F|  |TAMS 0x00000005c9000000| PB 0x00000005c9000000| Untracked 
| 403|0x00000005c9800000, 0x00000005c9800000, 0x00000005ca000000|  0%| F|  |TAMS 0x00000005c9800000| PB 0x00000005c9800000| Untracked 
| 404|0x00000005ca000000, 0x00000005ca000000, 0x00000005ca800000|  0%| F|  |TAMS 0x00000005ca000000| PB 0x00000005ca000000| Untracked 
| 405|0x00000005ca800000, 0x00000005ca800000, 0x00000005cb000000|  0%| F|  |TAMS 0x00000005ca800000| PB 0x00000005ca800000| Untracked 
| 406|0x00000005cb000000, 0x00000005cb000000, 0x00000005cb800000|  0%| F|  |TAMS 0x00000005cb000000| PB 0x00000005cb000000| Untracked 
| 407|0x00000005cb800000, 0x00000005cb800000, 0x00000005cc000000|  0%| F|  |TAMS 0x00000005cb800000| PB 0x00000005cb800000| Untracked 
| 408|0x00000005cc000000, 0x00000005cc000000, 0x00000005cc800000|  0%| F|  |TAMS 0x00000005cc000000| PB 0x00000005cc000000| Untracked 
| 409|0x00000005cc800000, 0x00000005cc800000, 0x00000005cd000000|  0%| F|  |TAMS 0x00000005cc800000| PB 0x00000005cc800000| Untracked 
| 410|0x00000005cd000000, 0x00000005cd000000, 0x00000005cd800000|  0%| F|  |TAMS 0x00000005cd000000| PB 0x00000005cd000000| Untracked 
| 411|0x00000005cd800000, 0x00000005cd800000, 0x00000005ce000000|  0%| F|  |TAMS 0x00000005cd800000| PB 0x00000005cd800000| Untracked 
| 412|0x00000005ce000000, 0x00000005ce000000, 0x00000005ce800000|  0%| F|  |TAMS 0x00000005ce000000| PB 0x00000005ce000000| Untracked 
| 413|0x00000005ce800000, 0x00000005ce800000, 0x00000005cf000000|  0%| F|  |TAMS 0x00000005ce800000| PB 0x00000005ce800000| Untracked 
| 414|0x00000005cf000000, 0x00000005cf000000, 0x00000005cf800000|  0%| F|  |TAMS 0x00000005cf000000| PB 0x00000005cf000000| Untracked 
| 415|0x00000005cf800000, 0x00000005cf800000, 0x00000005d0000000|  0%| F|  |TAMS 0x00000005cf800000| PB 0x00000005cf800000| Untracked 
| 416|0x00000005d0000000, 0x00000005d0000000, 0x00000005d0800000|  0%| F|  |TAMS 0x00000005d0000000| PB 0x00000005d0000000| Untracked 
| 417|0x00000005d0800000, 0x00000005d0800000, 0x00000005d1000000|  0%| F|  |TAMS 0x00000005d0800000| PB 0x00000005d0800000| Untracked 
| 418|0x00000005d1000000, 0x00000005d1000000, 0x00000005d1800000|  0%| F|  |TAMS 0x00000005d1000000| PB 0x00000005d1000000| Untracked 
| 419|0x00000005d1800000, 0x00000005d1800000, 0x00000005d2000000|  0%| F|  |TAMS 0x00000005d1800000| PB 0x00000005d1800000| Untracked 
| 420|0x00000005d2000000, 0x00000005d2000000, 0x00000005d2800000|  0%| F|  |TAMS 0x00000005d2000000| PB 0x00000005d2000000| Untracked 
| 421|0x00000005d2800000, 0x00000005d2800000, 0x00000005d3000000|  0%| F|  |TAMS 0x00000005d2800000| PB 0x00000005d2800000| Untracked 
| 422|0x00000005d3000000, 0x00000005d3000000, 0x00000005d3800000|  0%| F|  |TAMS 0x00000005d3000000| PB 0x00000005d3000000| Untracked 
| 423|0x00000005d3800000, 0x00000005d3800000, 0x00000005d4000000|  0%| F|  |TAMS 0x00000005d3800000| PB 0x00000005d3800000| Untracked 
| 424|0x00000005d4000000, 0x00000005d4000000, 0x00000005d4800000|  0%| F|  |TAMS 0x00000005d4000000| PB 0x00000005d4000000| Untracked 
| 425|0x00000005d4800000, 0x00000005d4800000, 0x00000005d5000000|  0%| F|  |TAMS 0x00000005d4800000| PB 0x00000005d4800000| Untracked 
| 426|0x00000005d5000000, 0x00000005d5000000, 0x00000005d5800000|  0%| F|  |TAMS 0x00000005d5000000| PB 0x00000005d5000000| Untracked 
| 427|0x00000005d5800000, 0x00000005d5800000, 0x00000005d6000000|  0%| F|  |TAMS 0x00000005d5800000| PB 0x00000005d5800000| Untracked 
| 428|0x00000005d6000000, 0x00000005d6000000, 0x00000005d6800000|  0%| F|  |TAMS 0x00000005d6000000| PB 0x00000005d6000000| Untracked 
| 429|0x00000005d6800000, 0x00000005d6800000, 0x00000005d7000000|  0%| F|  |TAMS 0x00000005d6800000| PB 0x00000005d6800000| Untracked 
| 430|0x00000005d7000000, 0x00000005d7000000, 0x00000005d7800000|  0%| F|  |TAMS 0x00000005d7000000| PB 0x00000005d7000000| Untracked 
| 431|0x00000005d7800000, 0x00000005d7800000, 0x00000005d8000000|  0%| F|  |TAMS 0x00000005d7800000| PB 0x00000005d7800000| Untracked 
| 432|0x00000005d8000000, 0x00000005d8000000, 0x00000005d8800000|  0%| F|  |TAMS 0x00000005d8000000| PB 0x00000005d8000000| Untracked 
| 433|0x00000005d8800000, 0x00000005d8800000, 0x00000005d9000000|  0%| F|  |TAMS 0x00000005d8800000| PB 0x00000005d8800000| Untracked 
| 434|0x00000005d9000000, 0x00000005d9000000, 0x00000005d9800000|  0%| F|  |TAMS 0x00000005d9000000| PB 0x00000005d9000000| Untracked 
| 435|0x00000005d9800000, 0x00000005d9800000, 0x00000005da000000|  0%| F|  |TAMS 0x00000005d9800000| PB 0x00000005d9800000| Untracked 
| 436|0x00000005da000000, 0x00000005da000000, 0x00000005da800000|  0%| F|  |TAMS 0x00000005da000000| PB 0x00000005da000000| Untracked 
| 437|0x00000005da800000, 0x00000005da800000, 0x00000005db000000|  0%| F|  |TAMS 0x00000005da800000| PB 0x00000005da800000| Untracked 
| 438|0x00000005db000000, 0x00000005db000000, 0x00000005db800000|  0%| F|  |TAMS 0x00000005db000000| PB 0x00000005db000000| Untracked 
| 439|0x00000005db800000, 0x00000005db800000, 0x00000005dc000000|  0%| F|  |TAMS 0x00000005db800000| PB 0x00000005db800000| Untracked 
| 440|0x00000005dc000000, 0x00000005dc000000, 0x00000005dc800000|  0%| F|  |TAMS 0x00000005dc000000| PB 0x00000005dc000000| Untracked 
| 441|0x00000005dc800000, 0x00000005dc800000, 0x00000005dd000000|  0%| F|  |TAMS 0x00000005dc800000| PB 0x00000005dc800000| Untracked 
| 442|0x00000005dd000000, 0x00000005dd000000, 0x00000005dd800000|  0%| F|  |TAMS 0x00000005dd000000| PB 0x00000005dd000000| Untracked 
| 443|0x00000005dd800000, 0x00000005dd800000, 0x00000005de000000|  0%| F|  |TAMS 0x00000005dd800000| PB 0x00000005dd800000| Untracked 
| 444|0x00000005de000000, 0x00000005de000000, 0x00000005de800000|  0%| F|  |TAMS 0x00000005de000000| PB 0x00000005de000000| Untracked 
| 445|0x00000005de800000, 0x00000005de800000, 0x00000005df000000|  0%| F|  |TAMS 0x00000005de800000| PB 0x00000005de800000| Untracked 
| 446|0x00000005df000000, 0x00000005df000000, 0x00000005df800000|  0%| F|  |TAMS 0x00000005df000000| PB 0x00000005df000000| Untracked 
| 447|0x00000005df800000, 0x00000005df800000, 0x00000005e0000000|  0%| F|  |TAMS 0x00000005df800000| PB 0x00000005df800000| Untracked 
| 448|0x00000005e0000000, 0x00000005e0000000, 0x00000005e0800000|  0%| F|  |TAMS 0x00000005e0000000| PB 0x00000005e0000000| Untracked 
| 449|0x00000005e0800000, 0x00000005e0800000, 0x00000005e1000000|  0%| F|  |TAMS 0x00000005e0800000| PB 0x00000005e0800000| Untracked 
| 450|0x00000005e1000000, 0x00000005e1000000, 0x00000005e1800000|  0%| F|  |TAMS 0x00000005e1000000| PB 0x00000005e1000000| Untracked 
| 451|0x00000005e1800000, 0x00000005e1800000, 0x00000005e2000000|  0%| F|  |TAMS 0x00000005e1800000| PB 0x00000005e1800000| Untracked 
| 452|0x00000005e2000000, 0x00000005e2000000, 0x00000005e2800000|  0%| F|  |TAMS 0x00000005e2000000| PB 0x00000005e2000000| Untracked 
| 453|0x00000005e2800000, 0x00000005e2800000, 0x00000005e3000000|  0%| F|  |TAMS 0x00000005e2800000| PB 0x00000005e2800000| Untracked 
| 454|0x00000005e3000000, 0x00000005e3000000, 0x00000005e3800000|  0%| F|  |TAMS 0x00000005e3000000| PB 0x00000005e3000000| Untracked 
| 455|0x00000005e3800000, 0x00000005e3800000, 0x00000005e4000000|  0%| F|  |TAMS 0x00000005e3800000| PB 0x00000005e3800000| Untracked 
| 456|0x00000005e4000000, 0x00000005e4000000, 0x00000005e4800000|  0%| F|  |TAMS 0x00000005e4000000| PB 0x00000005e4000000| Untracked 
| 457|0x00000005e4800000, 0x00000005e4800000, 0x00000005e5000000|  0%| F|  |TAMS 0x00000005e4800000| PB 0x00000005e4800000| Untracked 
| 458|0x00000005e5000000, 0x00000005e5000000, 0x00000005e5800000|  0%| F|  |TAMS 0x00000005e5000000| PB 0x00000005e5000000| Untracked 
| 459|0x00000005e5800000, 0x00000005e5800000, 0x00000005e6000000|  0%| F|  |TAMS 0x00000005e5800000| PB 0x00000005e5800000| Untracked 
| 460|0x00000005e6000000, 0x00000005e6000000, 0x00000005e6800000|  0%| F|  |TAMS 0x00000005e6000000| PB 0x00000005e6000000| Untracked 
| 461|0x00000005e6800000, 0x00000005e6800000, 0x00000005e7000000|  0%| F|  |TAMS 0x00000005e6800000| PB 0x00000005e6800000| Untracked 
| 462|0x00000005e7000000, 0x00000005e7000000, 0x00000005e7800000|  0%| F|  |TAMS 0x00000005e7000000| PB 0x00000005e7000000| Untracked 
| 463|0x00000005e7800000, 0x00000005e7800000, 0x00000005e8000000|  0%| F|  |TAMS 0x00000005e7800000| PB 0x00000005e7800000| Untracked 
| 464|0x00000005e8000000, 0x00000005e8000000, 0x00000005e8800000|  0%| F|  |TAMS 0x00000005e8000000| PB 0x00000005e8000000| Untracked 
| 465|0x00000005e8800000, 0x00000005e8800000, 0x00000005e9000000|  0%| F|  |TAMS 0x00000005e8800000| PB 0x00000005e8800000| Untracked 
| 466|0x00000005e9000000, 0x00000005e9000000, 0x00000005e9800000|  0%| F|  |TAMS 0x00000005e9000000| PB 0x00000005e9000000| Untracked 
| 467|0x00000005e9800000, 0x00000005e9800000, 0x00000005ea000000|  0%| F|  |TAMS 0x00000005e9800000| PB 0x00000005e9800000| Untracked 
| 468|0x00000005ea000000, 0x00000005ea000000, 0x00000005ea800000|  0%| F|  |TAMS 0x00000005ea000000| PB 0x00000005ea000000| Untracked 
| 469|0x00000005ea800000, 0x00000005ea800000, 0x00000005eb000000|  0%| F|  |TAMS 0x00000005ea800000| PB 0x00000005ea800000| Untracked 
| 470|0x00000005eb000000, 0x00000005eb000000, 0x00000005eb800000|  0%| F|  |TAMS 0x00000005eb000000| PB 0x00000005eb000000| Untracked 
| 471|0x00000005eb800000, 0x00000005eb800000, 0x00000005ec000000|  0%| F|  |TAMS 0x00000005eb800000| PB 0x00000005eb800000| Untracked 
| 472|0x00000005ec000000, 0x00000005ec000000, 0x00000005ec800000|  0%| F|  |TAMS 0x00000005ec000000| PB 0x00000005ec000000| Untracked 
| 473|0x00000005ec800000, 0x00000005ec800000, 0x00000005ed000000|  0%| F|  |TAMS 0x00000005ec800000| PB 0x00000005ec800000| Untracked 
| 474|0x00000005ed000000, 0x00000005ed000000, 0x00000005ed800000|  0%| F|  |TAMS 0x00000005ed000000| PB 0x00000005ed000000| Untracked 
| 475|0x00000005ed800000, 0x00000005ed800000, 0x00000005ee000000|  0%| F|  |TAMS 0x00000005ed800000| PB 0x00000005ed800000| Untracked 
| 476|0x00000005ee000000, 0x00000005ee000000, 0x00000005ee800000|  0%| F|  |TAMS 0x00000005ee000000| PB 0x00000005ee000000| Untracked 
| 477|0x00000005ee800000, 0x00000005ee800000, 0x00000005ef000000|  0%| F|  |TAMS 0x00000005ee800000| PB 0x00000005ee800000| Untracked 
| 478|0x00000005ef000000, 0x00000005ef000000, 0x00000005ef800000|  0%| F|  |TAMS 0x00000005ef000000| PB 0x00000005ef000000| Untracked 
| 479|0x00000005ef800000, 0x00000005ef800000, 0x00000005f0000000|  0%| F|  |TAMS 0x00000005ef800000| PB 0x00000005ef800000| Untracked 
| 480|0x00000005f0000000, 0x00000005f0000000, 0x00000005f0800000|  0%| F|  |TAMS 0x00000005f0000000| PB 0x00000005f0000000| Untracked 
| 481|0x00000005f0800000, 0x00000005f0800000, 0x00000005f1000000|  0%| F|  |TAMS 0x00000005f0800000| PB 0x00000005f0800000| Untracked 
| 482|0x00000005f1000000, 0x00000005f1000000, 0x00000005f1800000|  0%| F|  |TAMS 0x00000005f1000000| PB 0x00000005f1000000| Untracked 
| 483|0x00000005f1800000, 0x00000005f1800000, 0x00000005f2000000|  0%| F|  |TAMS 0x00000005f1800000| PB 0x00000005f1800000| Untracked 
| 484|0x00000005f2000000, 0x00000005f2000000, 0x00000005f2800000|  0%| F|  |TAMS 0x00000005f2000000| PB 0x00000005f2000000| Untracked 
| 485|0x00000005f2800000, 0x00000005f2800000, 0x00000005f3000000|  0%| F|  |TAMS 0x00000005f2800000| PB 0x00000005f2800000| Untracked 
| 486|0x00000005f3000000, 0x00000005f3000000, 0x00000005f3800000|  0%| F|  |TAMS 0x00000005f3000000| PB 0x00000005f3000000| Untracked 
| 487|0x00000005f3800000, 0x00000005f3800000, 0x00000005f4000000|  0%| F|  |TAMS 0x00000005f3800000| PB 0x00000005f3800000| Untracked 
| 488|0x00000005f4000000, 0x00000005f4000000, 0x00000005f4800000|  0%| F|  |TAMS 0x00000005f4000000| PB 0x00000005f4000000| Untracked 
| 489|0x00000005f4800000, 0x00000005f4800000, 0x00000005f5000000|  0%| F|  |TAMS 0x00000005f4800000| PB 0x00000005f4800000| Untracked 
| 490|0x00000005f5000000, 0x00000005f5000000, 0x00000005f5800000|  0%| F|  |TAMS 0x00000005f5000000| PB 0x00000005f5000000| Untracked 
| 491|0x00000005f5800000, 0x00000005f5800000, 0x00000005f6000000|  0%| F|  |TAMS 0x00000005f5800000| PB 0x00000005f5800000| Untracked 
| 492|0x00000005f6000000, 0x00000005f6000000, 0x00000005f6800000|  0%| F|  |TAMS 0x00000005f6000000| PB 0x00000005f6000000| Untracked 
| 493|0x00000005f6800000, 0x00000005f6800000, 0x00000005f7000000|  0%| F|  |TAMS 0x00000005f6800000| PB 0x00000005f6800000| Untracked 
| 494|0x00000005f7000000, 0x00000005f7000000, 0x00000005f7800000|  0%| F|  |TAMS 0x00000005f7000000| PB 0x00000005f7000000| Untracked 
| 495|0x00000005f7800000, 0x00000005f7800000, 0x00000005f8000000|  0%| F|  |TAMS 0x00000005f7800000| PB 0x00000005f7800000| Untracked 
| 496|0x00000005f8000000, 0x00000005f8000000, 0x00000005f8800000|  0%| F|  |TAMS 0x00000005f8000000| PB 0x00000005f8000000| Untracked 
| 497|0x00000005f8800000, 0x00000005f8800000, 0x00000005f9000000|  0%| F|  |TAMS 0x00000005f8800000| PB 0x00000005f8800000| Untracked 
| 498|0x00000005f9000000, 0x00000005f9000000, 0x00000005f9800000|  0%| F|  |TAMS 0x00000005f9000000| PB 0x00000005f9000000| Untracked 
| 499|0x00000005f9800000, 0x00000005f9800000, 0x00000005fa000000|  0%| F|  |TAMS 0x00000005f9800000| PB 0x00000005f9800000| Untracked 
| 500|0x00000005fa000000, 0x00000005fa000000, 0x00000005fa800000|  0%| F|  |TAMS 0x00000005fa000000| PB 0x00000005fa000000| Untracked 
| 501|0x00000005fa800000, 0x00000005fa800000, 0x00000005fb000000|  0%| F|  |TAMS 0x00000005fa800000| PB 0x00000005fa800000| Untracked 
| 502|0x00000005fb000000, 0x00000005fb000000, 0x00000005fb800000|  0%| F|  |TAMS 0x00000005fb000000| PB 0x00000005fb000000| Untracked 
| 503|0x00000005fb800000, 0x00000005fb800000, 0x00000005fc000000|  0%| F|  |TAMS 0x00000005fb800000| PB 0x00000005fb800000| Untracked 
| 504|0x00000005fc000000, 0x00000005fc000000, 0x00000005fc800000|  0%| F|  |TAMS 0x00000005fc000000| PB 0x00000005fc000000| Untracked 
| 505|0x00000005fc800000, 0x00000005fc800000, 0x00000005fd000000|  0%| F|  |TAMS 0x00000005fc800000| PB 0x00000005fc800000| Untracked 
| 506|0x00000005fd000000, 0x00000005fd000000, 0x00000005fd800000|  0%| F|  |TAMS 0x00000005fd000000| PB 0x00000005fd000000| Untracked 
| 507|0x00000005fd800000, 0x00000005fd800000, 0x00000005fe000000|  0%| F|  |TAMS 0x00000005fd800000| PB 0x00000005fd800000| Untracked 
| 508|0x00000005fe000000, 0x00000005fe000000, 0x00000005fe800000|  0%| F|  |TAMS 0x00000005fe000000| PB 0x00000005fe000000| Untracked 
| 509|0x00000005fe800000, 0x00000005fe800000, 0x00000005ff000000|  0%| F|  |TAMS 0x00000005fe800000| PB 0x00000005fe800000| Untracked 
| 510|0x00000005ff000000, 0x00000005ff000000, 0x00000005ff800000|  0%| F|  |TAMS 0x00000005ff000000| PB 0x00000005ff000000| Untracked 
| 511|0x00000005ff800000, 0x00000005ff800000, 0x0000000600000000|  0%| F|  |TAMS 0x00000005ff800000| PB 0x00000005ff800000| Untracked 
| 512|0x0000000600000000, 0x0000000600000000, 0x0000000600800000|  0%| F|  |TAMS 0x0000000600000000| PB 0x0000000600000000| Untracked 
| 513|0x0000000600800000, 0x0000000600800000, 0x0000000601000000|  0%| F|  |TAMS 0x0000000600800000| PB 0x0000000600800000| Untracked 
| 514|0x0000000601000000, 0x0000000601000000, 0x0000000601800000|  0%| F|  |TAMS 0x0000000601000000| PB 0x0000000601000000| Untracked 
| 515|0x0000000601800000, 0x0000000601800000, 0x0000000602000000|  0%| F|  |TAMS 0x0000000601800000| PB 0x0000000601800000| Untracked 
| 516|0x0000000602000000, 0x0000000602000000, 0x0000000602800000|  0%| F|  |TAMS 0x0000000602000000| PB 0x0000000602000000| Untracked 
| 517|0x0000000602800000, 0x0000000602800000, 0x0000000603000000|  0%| F|  |TAMS 0x0000000602800000| PB 0x0000000602800000| Untracked 
| 518|0x0000000603000000, 0x0000000603000000, 0x0000000603800000|  0%| F|  |TAMS 0x0000000603000000| PB 0x0000000603000000| Untracked 
| 519|0x0000000603800000, 0x0000000603800000, 0x0000000604000000|  0%| F|  |TAMS 0x0000000603800000| PB 0x0000000603800000| Untracked 
| 520|0x0000000604000000, 0x0000000604000000, 0x0000000604800000|  0%| F|  |TAMS 0x0000000604000000| PB 0x0000000604000000| Untracked 
| 521|0x0000000604800000, 0x0000000604800000, 0x0000000605000000|  0%| F|  |TAMS 0x0000000604800000| PB 0x0000000604800000| Untracked 
| 522|0x0000000605000000, 0x0000000605000000, 0x0000000605800000|  0%| F|  |TAMS 0x0000000605000000| PB 0x0000000605000000| Untracked 
| 523|0x0000000605800000, 0x0000000605800000, 0x0000000606000000|  0%| F|  |TAMS 0x0000000605800000| PB 0x0000000605800000| Untracked 
| 524|0x0000000606000000, 0x0000000606000000, 0x0000000606800000|  0%| F|  |TAMS 0x0000000606000000| PB 0x0000000606000000| Untracked 
| 525|0x0000000606800000, 0x0000000606800000, 0x0000000607000000|  0%| F|  |TAMS 0x0000000606800000| PB 0x0000000606800000| Untracked 
| 526|0x0000000607000000, 0x0000000607000000, 0x0000000607800000|  0%| F|  |TAMS 0x0000000607000000| PB 0x0000000607000000| Untracked 
| 527|0x0000000607800000, 0x0000000607800000, 0x0000000608000000|  0%| F|  |TAMS 0x0000000607800000| PB 0x0000000607800000| Untracked 
| 528|0x0000000608000000, 0x0000000608000000, 0x0000000608800000|  0%| F|  |TAMS 0x0000000608000000| PB 0x0000000608000000| Untracked 
| 529|0x0000000608800000, 0x0000000608800000, 0x0000000609000000|  0%| F|  |TAMS 0x0000000608800000| PB 0x0000000608800000| Untracked 
| 530|0x0000000609000000, 0x0000000609000000, 0x0000000609800000|  0%| F|  |TAMS 0x0000000609000000| PB 0x0000000609000000| Untracked 
| 531|0x0000000609800000, 0x0000000609800000, 0x000000060a000000|  0%| F|  |TAMS 0x0000000609800000| PB 0x0000000609800000| Untracked 
| 532|0x000000060a000000, 0x000000060a000000, 0x000000060a800000|  0%| F|  |TAMS 0x000000060a000000| PB 0x000000060a000000| Untracked 
| 533|0x000000060a800000, 0x000000060a800000, 0x000000060b000000|  0%| F|  |TAMS 0x000000060a800000| PB 0x000000060a800000| Untracked 
| 534|0x000000060b000000, 0x000000060b000000, 0x000000060b800000|  0%| F|  |TAMS 0x000000060b000000| PB 0x000000060b000000| Untracked 
| 535|0x000000060b800000, 0x000000060b800000, 0x000000060c000000|  0%| F|  |TAMS 0x000000060b800000| PB 0x000000060b800000| Untracked 
| 536|0x000000060c000000, 0x000000060c000000, 0x000000060c800000|  0%| F|  |TAMS 0x000000060c000000| PB 0x000000060c000000| Untracked 
| 537|0x000000060c800000, 0x000000060c800000, 0x000000060d000000|  0%| F|  |TAMS 0x000000060c800000| PB 0x000000060c800000| Untracked 
| 538|0x000000060d000000, 0x000000060d000000, 0x000000060d800000|  0%| F|  |TAMS 0x000000060d000000| PB 0x000000060d000000| Untracked 
| 539|0x000000060d800000, 0x000000060d800000, 0x000000060e000000|  0%| F|  |TAMS 0x000000060d800000| PB 0x000000060d800000| Untracked 
| 540|0x000000060e000000, 0x000000060e000000, 0x000000060e800000|  0%| F|  |TAMS 0x000000060e000000| PB 0x000000060e000000| Untracked 
| 541|0x000000060e800000, 0x000000060e800000, 0x000000060f000000|  0%| F|  |TAMS 0x000000060e800000| PB 0x000000060e800000| Untracked 
| 542|0x000000060f000000, 0x000000060f000000, 0x000000060f800000|  0%| F|  |TAMS 0x000000060f000000| PB 0x000000060f000000| Untracked 
| 543|0x000000060f800000, 0x000000060f800000, 0x0000000610000000|  0%| F|  |TAMS 0x000000060f800000| PB 0x000000060f800000| Untracked 
| 544|0x0000000610000000, 0x0000000610000000, 0x0000000610800000|  0%| F|  |TAMS 0x0000000610000000| PB 0x0000000610000000| Untracked 
| 545|0x0000000610800000, 0x0000000610800000, 0x0000000611000000|  0%| F|  |TAMS 0x0000000610800000| PB 0x0000000610800000| Untracked 
| 546|0x0000000611000000, 0x0000000611000000, 0x0000000611800000|  0%| F|  |TAMS 0x0000000611000000| PB 0x0000000611000000| Untracked 
| 547|0x0000000611800000, 0x0000000611800000, 0x0000000612000000|  0%| F|  |TAMS 0x0000000611800000| PB 0x0000000611800000| Untracked 
| 548|0x0000000612000000, 0x0000000612000000, 0x0000000612800000|  0%| F|  |TAMS 0x0000000612000000| PB 0x0000000612000000| Untracked 
| 549|0x0000000612800000, 0x0000000612800000, 0x0000000613000000|  0%| F|  |TAMS 0x0000000612800000| PB 0x0000000612800000| Untracked 
| 550|0x0000000613000000, 0x0000000613000000, 0x0000000613800000|  0%| F|  |TAMS 0x0000000613000000| PB 0x0000000613000000| Untracked 
| 551|0x0000000613800000, 0x0000000613800000, 0x0000000614000000|  0%| F|  |TAMS 0x0000000613800000| PB 0x0000000613800000| Untracked 
| 552|0x0000000614000000, 0x0000000614000000, 0x0000000614800000|  0%| F|  |TAMS 0x0000000614000000| PB 0x0000000614000000| Untracked 
| 553|0x0000000614800000, 0x0000000614800000, 0x0000000615000000|  0%| F|  |TAMS 0x0000000614800000| PB 0x0000000614800000| Untracked 
| 554|0x0000000615000000, 0x0000000615000000, 0x0000000615800000|  0%| F|  |TAMS 0x0000000615000000| PB 0x0000000615000000| Untracked 
| 555|0x0000000615800000, 0x0000000615800000, 0x0000000616000000|  0%| F|  |TAMS 0x0000000615800000| PB 0x0000000615800000| Untracked 
| 556|0x0000000616000000, 0x0000000616000000, 0x0000000616800000|  0%| F|  |TAMS 0x0000000616000000| PB 0x0000000616000000| Untracked 
| 557|0x0000000616800000, 0x0000000616800000, 0x0000000617000000|  0%| F|  |TAMS 0x0000000616800000| PB 0x0000000616800000| Untracked 
| 558|0x0000000617000000, 0x0000000617000000, 0x0000000617800000|  0%| F|  |TAMS 0x0000000617000000| PB 0x0000000617000000| Untracked 
| 559|0x0000000617800000, 0x0000000617800000, 0x0000000618000000|  0%| F|  |TAMS 0x0000000617800000| PB 0x0000000617800000| Untracked 
| 560|0x0000000618000000, 0x0000000618000000, 0x0000000618800000|  0%| F|  |TAMS 0x0000000618000000| PB 0x0000000618000000| Untracked 
| 561|0x0000000618800000, 0x0000000618800000, 0x0000000619000000|  0%| F|  |TAMS 0x0000000618800000| PB 0x0000000618800000| Untracked 
| 562|0x0000000619000000, 0x0000000619000000, 0x0000000619800000|  0%| F|  |TAMS 0x0000000619000000| PB 0x0000000619000000| Untracked 
| 563|0x0000000619800000, 0x0000000619800000, 0x000000061a000000|  0%| F|  |TAMS 0x0000000619800000| PB 0x0000000619800000| Untracked 
| 564|0x000000061a000000, 0x000000061a000000, 0x000000061a800000|  0%| F|  |TAMS 0x000000061a000000| PB 0x000000061a000000| Untracked 
| 565|0x000000061a800000, 0x000000061a800000, 0x000000061b000000|  0%| F|  |TAMS 0x000000061a800000| PB 0x000000061a800000| Untracked 
| 566|0x000000061b000000, 0x000000061b000000, 0x000000061b800000|  0%| F|  |TAMS 0x000000061b000000| PB 0x000000061b000000| Untracked 
| 567|0x000000061b800000, 0x000000061b800000, 0x000000061c000000|  0%| F|  |TAMS 0x000000061b800000| PB 0x000000061b800000| Untracked 
| 568|0x000000061c000000, 0x000000061c000000, 0x000000061c800000|  0%| F|  |TAMS 0x000000061c000000| PB 0x000000061c000000| Untracked 
| 569|0x000000061c800000, 0x000000061c800000, 0x000000061d000000|  0%| F|  |TAMS 0x000000061c800000| PB 0x000000061c800000| Untracked 
| 570|0x000000061d000000, 0x000000061d000000, 0x000000061d800000|  0%| F|  |TAMS 0x000000061d000000| PB 0x000000061d000000| Untracked 
| 571|0x000000061d800000, 0x000000061d800000, 0x000000061e000000|  0%| F|  |TAMS 0x000000061d800000| PB 0x000000061d800000| Untracked 
| 572|0x000000061e000000, 0x000000061e000000, 0x000000061e800000|  0%| F|  |TAMS 0x000000061e000000| PB 0x000000061e000000| Untracked 
| 573|0x000000061e800000, 0x000000061e800000, 0x000000061f000000|  0%| F|  |TAMS 0x000000061e800000| PB 0x000000061e800000| Untracked 
| 574|0x000000061f000000, 0x000000061f000000, 0x000000061f800000|  0%| F|  |TAMS 0x000000061f000000| PB 0x000000061f000000| Untracked 
| 575|0x000000061f800000, 0x000000061f800000, 0x0000000620000000|  0%| F|  |TAMS 0x000000061f800000| PB 0x000000061f800000| Untracked 
| 576|0x0000000620000000, 0x0000000620000000, 0x0000000620800000|  0%| F|  |TAMS 0x0000000620000000| PB 0x0000000620000000| Untracked 
| 577|0x0000000620800000, 0x0000000620800000, 0x0000000621000000|  0%| F|  |TAMS 0x0000000620800000| PB 0x0000000620800000| Untracked 
| 578|0x0000000621000000, 0x0000000621000000, 0x0000000621800000|  0%| F|  |TAMS 0x0000000621000000| PB 0x0000000621000000| Untracked 
| 579|0x0000000621800000, 0x0000000621800000, 0x0000000622000000|  0%| F|  |TAMS 0x0000000621800000| PB 0x0000000621800000| Untracked 
| 580|0x0000000622000000, 0x0000000622000000, 0x0000000622800000|  0%| F|  |TAMS 0x0000000622000000| PB 0x0000000622000000| Untracked 
| 581|0x0000000622800000, 0x0000000622800000, 0x0000000623000000|  0%| F|  |TAMS 0x0000000622800000| PB 0x0000000622800000| Untracked 
| 582|0x0000000623000000, 0x0000000623000000, 0x0000000623800000|  0%| F|  |TAMS 0x0000000623000000| PB 0x0000000623000000| Untracked 
| 583|0x0000000623800000, 0x0000000623800000, 0x0000000624000000|  0%| F|  |TAMS 0x0000000623800000| PB 0x0000000623800000| Untracked 
| 584|0x0000000624000000, 0x0000000624000000, 0x0000000624800000|  0%| F|  |TAMS 0x0000000624000000| PB 0x0000000624000000| Untracked 
| 585|0x0000000624800000, 0x0000000624800000, 0x0000000625000000|  0%| F|  |TAMS 0x0000000624800000| PB 0x0000000624800000| Untracked 
| 586|0x0000000625000000, 0x0000000625000000, 0x0000000625800000|  0%| F|  |TAMS 0x0000000625000000| PB 0x0000000625000000| Untracked 
| 587|0x0000000625800000, 0x0000000625800000, 0x0000000626000000|  0%| F|  |TAMS 0x0000000625800000| PB 0x0000000625800000| Untracked 
| 588|0x0000000626000000, 0x0000000626000000, 0x0000000626800000|  0%| F|  |TAMS 0x0000000626000000| PB 0x0000000626000000| Untracked 
| 589|0x0000000626800000, 0x0000000626800000, 0x0000000627000000|  0%| F|  |TAMS 0x0000000626800000| PB 0x0000000626800000| Untracked 
| 590|0x0000000627000000, 0x0000000627000000, 0x0000000627800000|  0%| F|  |TAMS 0x0000000627000000| PB 0x0000000627000000| Untracked 
| 591|0x0000000627800000, 0x0000000627800000, 0x0000000628000000|  0%| F|  |TAMS 0x0000000627800000| PB 0x0000000627800000| Untracked 
| 592|0x0000000628000000, 0x0000000628000000, 0x0000000628800000|  0%| F|  |TAMS 0x0000000628000000| PB 0x0000000628000000| Untracked 
| 593|0x0000000628800000, 0x0000000628800000, 0x0000000629000000|  0%| F|  |TAMS 0x0000000628800000| PB 0x0000000628800000| Untracked 
| 594|0x0000000629000000, 0x0000000629000000, 0x0000000629800000|  0%| F|  |TAMS 0x0000000629000000| PB 0x0000000629000000| Untracked 
| 595|0x0000000629800000, 0x0000000629800000, 0x000000062a000000|  0%| F|  |TAMS 0x0000000629800000| PB 0x0000000629800000| Untracked 
| 596|0x000000062a000000, 0x000000062a000000, 0x000000062a800000|  0%| F|  |TAMS 0x000000062a000000| PB 0x000000062a000000| Untracked 
| 597|0x000000062a800000, 0x000000062a800000, 0x000000062b000000|  0%| F|  |TAMS 0x000000062a800000| PB 0x000000062a800000| Untracked 
| 598|0x000000062b000000, 0x000000062b000000, 0x000000062b800000|  0%| F|  |TAMS 0x000000062b000000| PB 0x000000062b000000| Untracked 
| 599|0x000000062b800000, 0x000000062b800000, 0x000000062c000000|  0%| F|  |TAMS 0x000000062b800000| PB 0x000000062b800000| Untracked 
| 600|0x000000062c000000, 0x000000062c000000, 0x000000062c800000|  0%| F|  |TAMS 0x000000062c000000| PB 0x000000062c000000| Untracked 
| 601|0x000000062c800000, 0x000000062c800000, 0x000000062d000000|  0%| F|  |TAMS 0x000000062c800000| PB 0x000000062c800000| Untracked 
| 602|0x000000062d000000, 0x000000062d000000, 0x000000062d800000|  0%| F|  |TAMS 0x000000062d000000| PB 0x000000062d000000| Untracked 
| 603|0x000000062d800000, 0x000000062d800000, 0x000000062e000000|  0%| F|  |TAMS 0x000000062d800000| PB 0x000000062d800000| Untracked 
| 604|0x000000062e000000, 0x000000062e000000, 0x000000062e800000|  0%| F|  |TAMS 0x000000062e000000| PB 0x000000062e000000| Untracked 
| 605|0x000000062e800000, 0x000000062e800000, 0x000000062f000000|  0%| F|  |TAMS 0x000000062e800000| PB 0x000000062e800000| Untracked 
| 606|0x000000062f000000, 0x000000062f000000, 0x000000062f800000|  0%| F|  |TAMS 0x000000062f000000| PB 0x000000062f000000| Untracked 
| 607|0x000000062f800000, 0x000000062f800000, 0x0000000630000000|  0%| F|  |TAMS 0x000000062f800000| PB 0x000000062f800000| Untracked 
| 608|0x0000000630000000, 0x0000000630000000, 0x0000000630800000|  0%| F|  |TAMS 0x0000000630000000| PB 0x0000000630000000| Untracked 
| 609|0x0000000630800000, 0x0000000630800000, 0x0000000631000000|  0%| F|  |TAMS 0x0000000630800000| PB 0x0000000630800000| Untracked 
| 610|0x0000000631000000, 0x0000000631000000, 0x0000000631800000|  0%| F|  |TAMS 0x0000000631000000| PB 0x0000000631000000| Untracked 
| 611|0x0000000631800000, 0x0000000631800000, 0x0000000632000000|  0%| F|  |TAMS 0x0000000631800000| PB 0x0000000631800000| Untracked 
| 612|0x0000000632000000, 0x0000000632000000, 0x0000000632800000|  0%| F|  |TAMS 0x0000000632000000| PB 0x0000000632000000| Untracked 
| 613|0x0000000632800000, 0x0000000632800000, 0x0000000633000000|  0%| F|  |TAMS 0x0000000632800000| PB 0x0000000632800000| Untracked 
| 614|0x0000000633000000, 0x0000000633000000, 0x0000000633800000|  0%| F|  |TAMS 0x0000000633000000| PB 0x0000000633000000| Untracked 
| 615|0x0000000633800000, 0x0000000633800000, 0x0000000634000000|  0%| F|  |TAMS 0x0000000633800000| PB 0x0000000633800000| Untracked 
| 616|0x0000000634000000, 0x0000000634000000, 0x0000000634800000|  0%| F|  |TAMS 0x0000000634000000| PB 0x0000000634000000| Untracked 
| 617|0x0000000634800000, 0x0000000634800000, 0x0000000635000000|  0%| F|  |TAMS 0x0000000634800000| PB 0x0000000634800000| Untracked 
| 618|0x0000000635000000, 0x0000000635000000, 0x0000000635800000|  0%| F|  |TAMS 0x0000000635000000| PB 0x0000000635000000| Untracked 
| 619|0x0000000635800000, 0x0000000635800000, 0x0000000636000000|  0%| F|  |TAMS 0x0000000635800000| PB 0x0000000635800000| Untracked 
| 620|0x0000000636000000, 0x0000000636000000, 0x0000000636800000|  0%| F|  |TAMS 0x0000000636000000| PB 0x0000000636000000| Untracked 
| 621|0x0000000636800000, 0x0000000636800000, 0x0000000637000000|  0%| F|  |TAMS 0x0000000636800000| PB 0x0000000636800000| Untracked 
| 622|0x0000000637000000, 0x0000000637000000, 0x0000000637800000|  0%| F|  |TAMS 0x0000000637000000| PB 0x0000000637000000| Untracked 
| 623|0x0000000637800000, 0x0000000637800000, 0x0000000638000000|  0%| F|  |TAMS 0x0000000637800000| PB 0x0000000637800000| Untracked 
| 624|0x0000000638000000, 0x0000000638000000, 0x0000000638800000|  0%| F|  |TAMS 0x0000000638000000| PB 0x0000000638000000| Untracked 
| 625|0x0000000638800000, 0x0000000638800000, 0x0000000639000000|  0%| F|  |TAMS 0x0000000638800000| PB 0x0000000638800000| Untracked 
| 626|0x0000000639000000, 0x0000000639000000, 0x0000000639800000|  0%| F|  |TAMS 0x0000000639000000| PB 0x0000000639000000| Untracked 
| 627|0x0000000639800000, 0x0000000639800000, 0x000000063a000000|  0%| F|  |TAMS 0x0000000639800000| PB 0x0000000639800000| Untracked 
| 628|0x000000063a000000, 0x000000063a000000, 0x000000063a800000|  0%| F|  |TAMS 0x000000063a000000| PB 0x000000063a000000| Untracked 
| 629|0x000000063a800000, 0x000000063a800000, 0x000000063b000000|  0%| F|  |TAMS 0x000000063a800000| PB 0x000000063a800000| Untracked 
| 630|0x000000063b000000, 0x000000063b000000, 0x000000063b800000|  0%| F|  |TAMS 0x000000063b000000| PB 0x000000063b000000| Untracked 
| 631|0x000000063b800000, 0x000000063b800000, 0x000000063c000000|  0%| F|  |TAMS 0x000000063b800000| PB 0x000000063b800000| Untracked 
| 632|0x000000063c000000, 0x000000063c000000, 0x000000063c800000|  0%| F|  |TAMS 0x000000063c000000| PB 0x000000063c000000| Untracked 
| 633|0x000000063c800000, 0x000000063c800000, 0x000000063d000000|  0%| F|  |TAMS 0x000000063c800000| PB 0x000000063c800000| Untracked 
| 634|0x000000063d000000, 0x000000063d000000, 0x000000063d800000|  0%| F|  |TAMS 0x000000063d000000| PB 0x000000063d000000| Untracked 
| 635|0x000000063d800000, 0x000000063d800000, 0x000000063e000000|  0%| F|  |TAMS 0x000000063d800000| PB 0x000000063d800000| Untracked 
| 636|0x000000063e000000, 0x000000063e000000, 0x000000063e800000|  0%| F|  |TAMS 0x000000063e000000| PB 0x000000063e000000| Untracked 
| 637|0x000000063e800000, 0x000000063e800000, 0x000000063f000000|  0%| F|  |TAMS 0x000000063e800000| PB 0x000000063e800000| Untracked 
| 638|0x000000063f000000, 0x000000063f000000, 0x000000063f800000|  0%| F|  |TAMS 0x000000063f000000| PB 0x000000063f000000| Untracked 
| 639|0x000000063f800000, 0x000000063f800000, 0x0000000640000000|  0%| F|  |TAMS 0x000000063f800000| PB 0x000000063f800000| Untracked 
| 640|0x0000000640000000, 0x0000000640000000, 0x0000000640800000|  0%| F|  |TAMS 0x0000000640000000| PB 0x0000000640000000| Untracked 
| 641|0x0000000640800000, 0x0000000640800000, 0x0000000641000000|  0%| F|  |TAMS 0x0000000640800000| PB 0x0000000640800000| Untracked 
| 642|0x0000000641000000, 0x0000000641000000, 0x0000000641800000|  0%| F|  |TAMS 0x0000000641000000| PB 0x0000000641000000| Untracked 
| 643|0x0000000641800000, 0x0000000641800000, 0x0000000642000000|  0%| F|  |TAMS 0x0000000641800000| PB 0x0000000641800000| Untracked 
| 644|0x0000000642000000, 0x0000000642000000, 0x0000000642800000|  0%| F|  |TAMS 0x0000000642000000| PB 0x0000000642000000| Untracked 
| 645|0x0000000642800000, 0x0000000642800000, 0x0000000643000000|  0%| F|  |TAMS 0x0000000642800000| PB 0x0000000642800000| Untracked 
| 646|0x0000000643000000, 0x0000000643000000, 0x0000000643800000|  0%| F|  |TAMS 0x0000000643000000| PB 0x0000000643000000| Untracked 
| 647|0x0000000643800000, 0x0000000643800000, 0x0000000644000000|  0%| F|  |TAMS 0x0000000643800000| PB 0x0000000643800000| Untracked 
| 648|0x0000000644000000, 0x0000000644000000, 0x0000000644800000|  0%| F|  |TAMS 0x0000000644000000| PB 0x0000000644000000| Untracked 
| 649|0x0000000644800000, 0x0000000644800000, 0x0000000645000000|  0%| F|  |TAMS 0x0000000644800000| PB 0x0000000644800000| Untracked 
| 650|0x0000000645000000, 0x0000000645000000, 0x0000000645800000|  0%| F|  |TAMS 0x0000000645000000| PB 0x0000000645000000| Untracked 
| 651|0x0000000645800000, 0x0000000645800000, 0x0000000646000000|  0%| F|  |TAMS 0x0000000645800000| PB 0x0000000645800000| Untracked 
| 652|0x0000000646000000, 0x0000000646000000, 0x0000000646800000|  0%| F|  |TAMS 0x0000000646000000| PB 0x0000000646000000| Untracked 
| 653|0x0000000646800000, 0x0000000646800000, 0x0000000647000000|  0%| F|  |TAMS 0x0000000646800000| PB 0x0000000646800000| Untracked 
| 654|0x0000000647000000, 0x0000000647000000, 0x0000000647800000|  0%| F|  |TAMS 0x0000000647000000| PB 0x0000000647000000| Untracked 
| 655|0x0000000647800000, 0x0000000647800000, 0x0000000648000000|  0%| F|  |TAMS 0x0000000647800000| PB 0x0000000647800000| Untracked 
| 656|0x0000000648000000, 0x0000000648000000, 0x0000000648800000|  0%| F|  |TAMS 0x0000000648000000| PB 0x0000000648000000| Untracked 
| 657|0x0000000648800000, 0x0000000648800000, 0x0000000649000000|  0%| F|  |TAMS 0x0000000648800000| PB 0x0000000648800000| Untracked 
| 658|0x0000000649000000, 0x0000000649000000, 0x0000000649800000|  0%| F|  |TAMS 0x0000000649000000| PB 0x0000000649000000| Untracked 
| 659|0x0000000649800000, 0x0000000649800000, 0x000000064a000000|  0%| F|  |TAMS 0x0000000649800000| PB 0x0000000649800000| Untracked 
| 660|0x000000064a000000, 0x000000064a000000, 0x000000064a800000|  0%| F|  |TAMS 0x000000064a000000| PB 0x000000064a000000| Untracked 
| 661|0x000000064a800000, 0x000000064a800000, 0x000000064b000000|  0%| F|  |TAMS 0x000000064a800000| PB 0x000000064a800000| Untracked 
| 662|0x000000064b000000, 0x000000064b000000, 0x000000064b800000|  0%| F|  |TAMS 0x000000064b000000| PB 0x000000064b000000| Untracked 
| 663|0x000000064b800000, 0x000000064b800000, 0x000000064c000000|  0%| F|  |TAMS 0x000000064b800000| PB 0x000000064b800000| Untracked 
| 664|0x000000064c000000, 0x000000064c000000, 0x000000064c800000|  0%| F|  |TAMS 0x000000064c000000| PB 0x000000064c000000| Untracked 
| 665|0x000000064c800000, 0x000000064c800000, 0x000000064d000000|  0%| F|  |TAMS 0x000000064c800000| PB 0x000000064c800000| Untracked 
| 666|0x000000064d000000, 0x000000064d000000, 0x000000064d800000|  0%| F|  |TAMS 0x000000064d000000| PB 0x000000064d000000| Untracked 
| 667|0x000000064d800000, 0x000000064d800000, 0x000000064e000000|  0%| F|  |TAMS 0x000000064d800000| PB 0x000000064d800000| Untracked 
| 668|0x000000064e000000, 0x000000064e000000, 0x000000064e800000|  0%| F|  |TAMS 0x000000064e000000| PB 0x000000064e000000| Untracked 
| 669|0x000000064e800000, 0x000000064e800000, 0x000000064f000000|  0%| F|  |TAMS 0x000000064e800000| PB 0x000000064e800000| Untracked 
| 670|0x000000064f000000, 0x000000064f000000, 0x000000064f800000|  0%| F|  |TAMS 0x000000064f000000| PB 0x000000064f000000| Untracked 
| 671|0x000000064f800000, 0x000000064f800000, 0x0000000650000000|  0%| F|  |TAMS 0x000000064f800000| PB 0x000000064f800000| Untracked 
| 672|0x0000000650000000, 0x0000000650000000, 0x0000000650800000|  0%| F|  |TAMS 0x0000000650000000| PB 0x0000000650000000| Untracked 
| 673|0x0000000650800000, 0x0000000650800000, 0x0000000651000000|  0%| F|  |TAMS 0x0000000650800000| PB 0x0000000650800000| Untracked 
| 674|0x0000000651000000, 0x0000000651000000, 0x0000000651800000|  0%| F|  |TAMS 0x0000000651000000| PB 0x0000000651000000| Untracked 
| 675|0x0000000651800000, 0x0000000651800000, 0x0000000652000000|  0%| F|  |TAMS 0x0000000651800000| PB 0x0000000651800000| Untracked 
| 676|0x0000000652000000, 0x0000000652000000, 0x0000000652800000|  0%| F|  |TAMS 0x0000000652000000| PB 0x0000000652000000| Untracked 
| 677|0x0000000652800000, 0x0000000652800000, 0x0000000653000000|  0%| F|  |TAMS 0x0000000652800000| PB 0x0000000652800000| Untracked 
| 678|0x0000000653000000, 0x0000000653000000, 0x0000000653800000|  0%| F|  |TAMS 0x0000000653000000| PB 0x0000000653000000| Untracked 
| 679|0x0000000653800000, 0x0000000653800000, 0x0000000654000000|  0%| F|  |TAMS 0x0000000653800000| PB 0x0000000653800000| Untracked 
| 680|0x0000000654000000, 0x0000000654000000, 0x0000000654800000|  0%| F|  |TAMS 0x0000000654000000| PB 0x0000000654000000| Untracked 
| 681|0x0000000654800000, 0x0000000654800000, 0x0000000655000000|  0%| F|  |TAMS 0x0000000654800000| PB 0x0000000654800000| Untracked 
| 682|0x0000000655000000, 0x0000000655000000, 0x0000000655800000|  0%| F|  |TAMS 0x0000000655000000| PB 0x0000000655000000| Untracked 
| 683|0x0000000655800000, 0x0000000655800000, 0x0000000656000000|  0%| F|  |TAMS 0x0000000655800000| PB 0x0000000655800000| Untracked 
| 684|0x0000000656000000, 0x0000000656000000, 0x0000000656800000|  0%| F|  |TAMS 0x0000000656000000| PB 0x0000000656000000| Untracked 
| 685|0x0000000656800000, 0x0000000656800000, 0x0000000657000000|  0%| F|  |TAMS 0x0000000656800000| PB 0x0000000656800000| Untracked 
| 686|0x0000000657000000, 0x0000000657000000, 0x0000000657800000|  0%| F|  |TAMS 0x0000000657000000| PB 0x0000000657000000| Untracked 
| 687|0x0000000657800000, 0x0000000657800000, 0x0000000658000000|  0%| F|  |TAMS 0x0000000657800000| PB 0x0000000657800000| Untracked 
| 688|0x0000000658000000, 0x0000000658000000, 0x0000000658800000|  0%| F|  |TAMS 0x0000000658000000| PB 0x0000000658000000| Untracked 
| 689|0x0000000658800000, 0x0000000658800000, 0x0000000659000000|  0%| F|  |TAMS 0x0000000658800000| PB 0x0000000658800000| Untracked 
| 690|0x0000000659000000, 0x0000000659000000, 0x0000000659800000|  0%| F|  |TAMS 0x0000000659000000| PB 0x0000000659000000| Untracked 
| 691|0x0000000659800000, 0x0000000659800000, 0x000000065a000000|  0%| F|  |TAMS 0x0000000659800000| PB 0x0000000659800000| Untracked 
| 692|0x000000065a000000, 0x000000065a000000, 0x000000065a800000|  0%| F|  |TAMS 0x000000065a000000| PB 0x000000065a000000| Untracked 
| 693|0x000000065a800000, 0x000000065a800000, 0x000000065b000000|  0%| F|  |TAMS 0x000000065a800000| PB 0x000000065a800000| Untracked 
| 694|0x000000065b000000, 0x000000065b000000, 0x000000065b800000|  0%| F|  |TAMS 0x000000065b000000| PB 0x000000065b000000| Untracked 
| 695|0x000000065b800000, 0x000000065b800000, 0x000000065c000000|  0%| F|  |TAMS 0x000000065b800000| PB 0x000000065b800000| Untracked 
| 696|0x000000065c000000, 0x000000065c000000, 0x000000065c800000|  0%| F|  |TAMS 0x000000065c000000| PB 0x000000065c000000| Untracked 
| 697|0x000000065c800000, 0x000000065c800000, 0x000000065d000000|  0%| F|  |TAMS 0x000000065c800000| PB 0x000000065c800000| Untracked 
| 698|0x000000065d000000, 0x000000065d000000, 0x000000065d800000|  0%| F|  |TAMS 0x000000065d000000| PB 0x000000065d000000| Untracked 
| 699|0x000000065d800000, 0x000000065d800000, 0x000000065e000000|  0%| F|  |TAMS 0x000000065d800000| PB 0x000000065d800000| Untracked 
| 700|0x000000065e000000, 0x000000065e000000, 0x000000065e800000|  0%| F|  |TAMS 0x000000065e000000| PB 0x000000065e000000| Untracked 
| 701|0x000000065e800000, 0x000000065e800000, 0x000000065f000000|  0%| F|  |TAMS 0x000000065e800000| PB 0x000000065e800000| Untracked 
| 702|0x000000065f000000, 0x000000065f000000, 0x000000065f800000|  0%| F|  |TAMS 0x000000065f000000| PB 0x000000065f000000| Untracked 
| 703|0x000000065f800000, 0x000000065f800000, 0x0000000660000000|  0%| F|  |TAMS 0x000000065f800000| PB 0x000000065f800000| Untracked 
| 704|0x0000000660000000, 0x0000000660000000, 0x0000000660800000|  0%| F|  |TAMS 0x0000000660000000| PB 0x0000000660000000| Untracked 
| 705|0x0000000660800000, 0x0000000660800000, 0x0000000661000000|  0%| F|  |TAMS 0x0000000660800000| PB 0x0000000660800000| Untracked 
| 706|0x0000000661000000, 0x0000000661000000, 0x0000000661800000|  0%| F|  |TAMS 0x0000000661000000| PB 0x0000000661000000| Untracked 
| 707|0x0000000661800000, 0x0000000661800000, 0x0000000662000000|  0%| F|  |TAMS 0x0000000661800000| PB 0x0000000661800000| Untracked 
| 708|0x0000000662000000, 0x0000000662000000, 0x0000000662800000|  0%| F|  |TAMS 0x0000000662000000| PB 0x0000000662000000| Untracked 
| 709|0x0000000662800000, 0x0000000662800000, 0x0000000663000000|  0%| F|  |TAMS 0x0000000662800000| PB 0x0000000662800000| Untracked 
| 710|0x0000000663000000, 0x0000000663000000, 0x0000000663800000|  0%| F|  |TAMS 0x0000000663000000| PB 0x0000000663000000| Untracked 
| 711|0x0000000663800000, 0x0000000663800000, 0x0000000664000000|  0%| F|  |TAMS 0x0000000663800000| PB 0x0000000663800000| Untracked 
| 712|0x0000000664000000, 0x0000000664000000, 0x0000000664800000|  0%| F|  |TAMS 0x0000000664000000| PB 0x0000000664000000| Untracked 
| 713|0x0000000664800000, 0x0000000664800000, 0x0000000665000000|  0%| F|  |TAMS 0x0000000664800000| PB 0x0000000664800000| Untracked 
| 714|0x0000000665000000, 0x0000000665000000, 0x0000000665800000|  0%| F|  |TAMS 0x0000000665000000| PB 0x0000000665000000| Untracked 
| 715|0x0000000665800000, 0x0000000665800000, 0x0000000666000000|  0%| F|  |TAMS 0x0000000665800000| PB 0x0000000665800000| Untracked 
| 716|0x0000000666000000, 0x0000000666000000, 0x0000000666800000|  0%| F|  |TAMS 0x0000000666000000| PB 0x0000000666000000| Untracked 
| 717|0x0000000666800000, 0x0000000666800000, 0x0000000667000000|  0%| F|  |TAMS 0x0000000666800000| PB 0x0000000666800000| Untracked 
| 718|0x0000000667000000, 0x0000000667000000, 0x0000000667800000|  0%| F|  |TAMS 0x0000000667000000| PB 0x0000000667000000| Untracked 
| 719|0x0000000667800000, 0x0000000667800000, 0x0000000668000000|  0%| F|  |TAMS 0x0000000667800000| PB 0x0000000667800000| Untracked 
| 720|0x0000000668000000, 0x0000000668000000, 0x0000000668800000|  0%| F|  |TAMS 0x0000000668000000| PB 0x0000000668000000| Untracked 
| 721|0x0000000668800000, 0x0000000668800000, 0x0000000669000000|  0%| F|  |TAMS 0x0000000668800000| PB 0x0000000668800000| Untracked 
| 722|0x0000000669000000, 0x0000000669000000, 0x0000000669800000|  0%| F|  |TAMS 0x0000000669000000| PB 0x0000000669000000| Untracked 
| 723|0x0000000669800000, 0x0000000669800000, 0x000000066a000000|  0%| F|  |TAMS 0x0000000669800000| PB 0x0000000669800000| Untracked 
| 724|0x000000066a000000, 0x000000066a000000, 0x000000066a800000|  0%| F|  |TAMS 0x000000066a000000| PB 0x000000066a000000| Untracked 
| 725|0x000000066a800000, 0x000000066a800000, 0x000000066b000000|  0%| F|  |TAMS 0x000000066a800000| PB 0x000000066a800000| Untracked 
| 726|0x000000066b000000, 0x000000066b000000, 0x000000066b800000|  0%| F|  |TAMS 0x000000066b000000| PB 0x000000066b000000| Untracked 
| 727|0x000000066b800000, 0x000000066b800000, 0x000000066c000000|  0%| F|  |TAMS 0x000000066b800000| PB 0x000000066b800000| Untracked 
| 728|0x000000066c000000, 0x000000066c000000, 0x000000066c800000|  0%| F|  |TAMS 0x000000066c000000| PB 0x000000066c000000| Untracked 
| 729|0x000000066c800000, 0x000000066c800000, 0x000000066d000000|  0%| F|  |TAMS 0x000000066c800000| PB 0x000000066c800000| Untracked 
| 730|0x000000066d000000, 0x000000066d000000, 0x000000066d800000|  0%| F|  |TAMS 0x000000066d000000| PB 0x000000066d000000| Untracked 
| 731|0x000000066d800000, 0x000000066d800000, 0x000000066e000000|  0%| F|  |TAMS 0x000000066d800000| PB 0x000000066d800000| Untracked 
| 732|0x000000066e000000, 0x000000066e000000, 0x000000066e800000|  0%| F|  |TAMS 0x000000066e000000| PB 0x000000066e000000| Untracked 
| 733|0x000000066e800000, 0x000000066e800000, 0x000000066f000000|  0%| F|  |TAMS 0x000000066e800000| PB 0x000000066e800000| Untracked 
| 734|0x000000066f000000, 0x000000066f000000, 0x000000066f800000|  0%| F|  |TAMS 0x000000066f000000| PB 0x000000066f000000| Untracked 
| 735|0x000000066f800000, 0x000000066f800000, 0x0000000670000000|  0%| F|  |TAMS 0x000000066f800000| PB 0x000000066f800000| Untracked 
| 736|0x0000000670000000, 0x0000000670000000, 0x0000000670800000|  0%| F|  |TAMS 0x0000000670000000| PB 0x0000000670000000| Untracked 
| 737|0x0000000670800000, 0x0000000670800000, 0x0000000671000000|  0%| F|  |TAMS 0x0000000670800000| PB 0x0000000670800000| Untracked 
| 738|0x0000000671000000, 0x0000000671000000, 0x0000000671800000|  0%| F|  |TAMS 0x0000000671000000| PB 0x0000000671000000| Untracked 
| 739|0x0000000671800000, 0x0000000671800000, 0x0000000672000000|  0%| F|  |TAMS 0x0000000671800000| PB 0x0000000671800000| Untracked 
| 740|0x0000000672000000, 0x0000000672000000, 0x0000000672800000|  0%| F|  |TAMS 0x0000000672000000| PB 0x0000000672000000| Untracked 
| 741|0x0000000672800000, 0x0000000672800000, 0x0000000673000000|  0%| F|  |TAMS 0x0000000672800000| PB 0x0000000672800000| Untracked 
| 742|0x0000000673000000, 0x0000000673000000, 0x0000000673800000|  0%| F|  |TAMS 0x0000000673000000| PB 0x0000000673000000| Untracked 
| 743|0x0000000673800000, 0x0000000673800000, 0x0000000674000000|  0%| F|  |TAMS 0x0000000673800000| PB 0x0000000673800000| Untracked 
| 744|0x0000000674000000, 0x0000000674000000, 0x0000000674800000|  0%| F|  |TAMS 0x0000000674000000| PB 0x0000000674000000| Untracked 
| 745|0x0000000674800000, 0x0000000674800000, 0x0000000675000000|  0%| F|  |TAMS 0x0000000674800000| PB 0x0000000674800000| Untracked 
| 746|0x0000000675000000, 0x0000000675000000, 0x0000000675800000|  0%| F|  |TAMS 0x0000000675000000| PB 0x0000000675000000| Untracked 
| 747|0x0000000675800000, 0x0000000675800000, 0x0000000676000000|  0%| F|  |TAMS 0x0000000675800000| PB 0x0000000675800000| Untracked 
| 748|0x0000000676000000, 0x0000000676000000, 0x0000000676800000|  0%| F|  |TAMS 0x0000000676000000| PB 0x0000000676000000| Untracked 
| 749|0x0000000676800000, 0x0000000676800000, 0x0000000677000000|  0%| F|  |TAMS 0x0000000676800000| PB 0x0000000676800000| Untracked 
| 750|0x0000000677000000, 0x0000000677000000, 0x0000000677800000|  0%| F|  |TAMS 0x0000000677000000| PB 0x0000000677000000| Untracked 
| 751|0x0000000677800000, 0x0000000677800000, 0x0000000678000000|  0%| F|  |TAMS 0x0000000677800000| PB 0x0000000677800000| Untracked 
| 752|0x0000000678000000, 0x0000000678000000, 0x0000000678800000|  0%| F|  |TAMS 0x0000000678000000| PB 0x0000000678000000| Untracked 
| 753|0x0000000678800000, 0x0000000678800000, 0x0000000679000000|  0%| F|  |TAMS 0x0000000678800000| PB 0x0000000678800000| Untracked 
| 754|0x0000000679000000, 0x0000000679000000, 0x0000000679800000|  0%| F|  |TAMS 0x0000000679000000| PB 0x0000000679000000| Untracked 
| 755|0x0000000679800000, 0x0000000679800000, 0x000000067a000000|  0%| F|  |TAMS 0x0000000679800000| PB 0x0000000679800000| Untracked 
| 756|0x000000067a000000, 0x000000067a000000, 0x000000067a800000|  0%| F|  |TAMS 0x000000067a000000| PB 0x000000067a000000| Untracked 
| 757|0x000000067a800000, 0x000000067a800000, 0x000000067b000000|  0%| F|  |TAMS 0x000000067a800000| PB 0x000000067a800000| Untracked 
| 758|0x000000067b000000, 0x000000067b000000, 0x000000067b800000|  0%| F|  |TAMS 0x000000067b000000| PB 0x000000067b000000| Untracked 
| 759|0x000000067b800000, 0x000000067b800000, 0x000000067c000000|  0%| F|  |TAMS 0x000000067b800000| PB 0x000000067b800000| Untracked 
| 760|0x000000067c000000, 0x000000067c000000, 0x000000067c800000|  0%| F|  |TAMS 0x000000067c000000| PB 0x000000067c000000| Untracked 
| 761|0x000000067c800000, 0x000000067c800000, 0x000000067d000000|  0%| F|  |TAMS 0x000000067c800000| PB 0x000000067c800000| Untracked 
| 762|0x000000067d000000, 0x000000067d000000, 0x000000067d800000|  0%| F|  |TAMS 0x000000067d000000| PB 0x000000067d000000| Untracked 
| 763|0x000000067d800000, 0x000000067d800000, 0x000000067e000000|  0%| F|  |TAMS 0x000000067d800000| PB 0x000000067d800000| Untracked 
| 764|0x000000067e000000, 0x000000067e000000, 0x000000067e800000|  0%| F|  |TAMS 0x000000067e000000| PB 0x000000067e000000| Untracked 
| 765|0x000000067e800000, 0x000000067e800000, 0x000000067f000000|  0%| F|  |TAMS 0x000000067e800000| PB 0x000000067e800000| Untracked 
| 766|0x000000067f000000, 0x000000067f000000, 0x000000067f800000|  0%| F|  |TAMS 0x000000067f000000| PB 0x000000067f000000| Untracked 
| 767|0x000000067f800000, 0x000000067f800000, 0x0000000680000000|  0%| F|  |TAMS 0x000000067f800000| PB 0x000000067f800000| Untracked 
| 768|0x0000000680000000, 0x0000000680000000, 0x0000000680800000|  0%| F|  |TAMS 0x0000000680000000| PB 0x0000000680000000| Untracked 
| 769|0x0000000680800000, 0x0000000680800000, 0x0000000681000000|  0%| F|  |TAMS 0x0000000680800000| PB 0x0000000680800000| Untracked 
| 770|0x0000000681000000, 0x0000000681000000, 0x0000000681800000|  0%| F|  |TAMS 0x0000000681000000| PB 0x0000000681000000| Untracked 
| 771|0x0000000681800000, 0x0000000681800000, 0x0000000682000000|  0%| F|  |TAMS 0x0000000681800000| PB 0x0000000681800000| Untracked 
| 772|0x0000000682000000, 0x0000000682000000, 0x0000000682800000|  0%| F|  |TAMS 0x0000000682000000| PB 0x0000000682000000| Untracked 
| 773|0x0000000682800000, 0x0000000682800000, 0x0000000683000000|  0%| F|  |TAMS 0x0000000682800000| PB 0x0000000682800000| Untracked 
| 774|0x0000000683000000, 0x0000000683000000, 0x0000000683800000|  0%| F|  |TAMS 0x0000000683000000| PB 0x0000000683000000| Untracked 
| 775|0x0000000683800000, 0x0000000683800000, 0x0000000684000000|  0%| F|  |TAMS 0x0000000683800000| PB 0x0000000683800000| Untracked 
| 776|0x0000000684000000, 0x0000000684000000, 0x0000000684800000|  0%| F|  |TAMS 0x0000000684000000| PB 0x0000000684000000| Untracked 
| 777|0x0000000684800000, 0x0000000684800000, 0x0000000685000000|  0%| F|  |TAMS 0x0000000684800000| PB 0x0000000684800000| Untracked 
| 778|0x0000000685000000, 0x0000000685000000, 0x0000000685800000|  0%| F|  |TAMS 0x0000000685000000| PB 0x0000000685000000| Untracked 
| 779|0x0000000685800000, 0x0000000685800000, 0x0000000686000000|  0%| F|  |TAMS 0x0000000685800000| PB 0x0000000685800000| Untracked 
| 780|0x0000000686000000, 0x0000000686000000, 0x0000000686800000|  0%| F|  |TAMS 0x0000000686000000| PB 0x0000000686000000| Untracked 
| 781|0x0000000686800000, 0x0000000686800000, 0x0000000687000000|  0%| F|  |TAMS 0x0000000686800000| PB 0x0000000686800000| Untracked 
| 782|0x0000000687000000, 0x0000000687000000, 0x0000000687800000|  0%| F|  |TAMS 0x0000000687000000| PB 0x0000000687000000| Untracked 
| 783|0x0000000687800000, 0x0000000687800000, 0x0000000688000000|  0%| F|  |TAMS 0x0000000687800000| PB 0x0000000687800000| Untracked 
| 784|0x0000000688000000, 0x0000000688000000, 0x0000000688800000|  0%| F|  |TAMS 0x0000000688000000| PB 0x0000000688000000| Untracked 
| 785|0x0000000688800000, 0x0000000688800000, 0x0000000689000000|  0%| F|  |TAMS 0x0000000688800000| PB 0x0000000688800000| Untracked 
| 786|0x0000000689000000, 0x0000000689000000, 0x0000000689800000|  0%| F|  |TAMS 0x0000000689000000| PB 0x0000000689000000| Untracked 
| 787|0x0000000689800000, 0x0000000689800000, 0x000000068a000000|  0%| F|  |TAMS 0x0000000689800000| PB 0x0000000689800000| Untracked 
| 788|0x000000068a000000, 0x000000068a000000, 0x000000068a800000|  0%| F|  |TAMS 0x000000068a000000| PB 0x000000068a000000| Untracked 
| 789|0x000000068a800000, 0x000000068a800000, 0x000000068b000000|  0%| F|  |TAMS 0x000000068a800000| PB 0x000000068a800000| Untracked 
| 790|0x000000068b000000, 0x000000068b000000, 0x000000068b800000|  0%| F|  |TAMS 0x000000068b000000| PB 0x000000068b000000| Untracked 
| 791|0x000000068b800000, 0x000000068b800000, 0x000000068c000000|  0%| F|  |TAMS 0x000000068b800000| PB 0x000000068b800000| Untracked 
| 792|0x000000068c000000, 0x000000068c000000, 0x000000068c800000|  0%| F|  |TAMS 0x000000068c000000| PB 0x000000068c000000| Untracked 
| 793|0x000000068c800000, 0x000000068c800000, 0x000000068d000000|  0%| F|  |TAMS 0x000000068c800000| PB 0x000000068c800000| Untracked 
| 794|0x000000068d000000, 0x000000068d000000, 0x000000068d800000|  0%| F|  |TAMS 0x000000068d000000| PB 0x000000068d000000| Untracked 
| 795|0x000000068d800000, 0x000000068d800000, 0x000000068e000000|  0%| F|  |TAMS 0x000000068d800000| PB 0x000000068d800000| Untracked 
| 796|0x000000068e000000, 0x000000068e000000, 0x000000068e800000|  0%| F|  |TAMS 0x000000068e000000| PB 0x000000068e000000| Untracked 
| 797|0x000000068e800000, 0x000000068e800000, 0x000000068f000000|  0%| F|  |TAMS 0x000000068e800000| PB 0x000000068e800000| Untracked 
| 798|0x000000068f000000, 0x000000068f000000, 0x000000068f800000|  0%| F|  |TAMS 0x000000068f000000| PB 0x000000068f000000| Untracked 
| 799|0x000000068f800000, 0x000000068f800000, 0x0000000690000000|  0%| F|  |TAMS 0x000000068f800000| PB 0x000000068f800000| Untracked 
| 800|0x0000000690000000, 0x0000000690000000, 0x0000000690800000|  0%| F|  |TAMS 0x0000000690000000| PB 0x0000000690000000| Untracked 
| 801|0x0000000690800000, 0x0000000690800000, 0x0000000691000000|  0%| F|  |TAMS 0x0000000690800000| PB 0x0000000690800000| Untracked 
| 802|0x0000000691000000, 0x0000000691000000, 0x0000000691800000|  0%| F|  |TAMS 0x0000000691000000| PB 0x0000000691000000| Untracked 
| 803|0x0000000691800000, 0x0000000691800000, 0x0000000692000000|  0%| F|  |TAMS 0x0000000691800000| PB 0x0000000691800000| Untracked 
| 804|0x0000000692000000, 0x0000000692000000, 0x0000000692800000|  0%| F|  |TAMS 0x0000000692000000| PB 0x0000000692000000| Untracked 
| 805|0x0000000692800000, 0x0000000692800000, 0x0000000693000000|  0%| F|  |TAMS 0x0000000692800000| PB 0x0000000692800000| Untracked 
| 806|0x0000000693000000, 0x0000000693000000, 0x0000000693800000|  0%| F|  |TAMS 0x0000000693000000| PB 0x0000000693000000| Untracked 
| 807|0x0000000693800000, 0x0000000693800000, 0x0000000694000000|  0%| F|  |TAMS 0x0000000693800000| PB 0x0000000693800000| Untracked 
| 808|0x0000000694000000, 0x0000000694000000, 0x0000000694800000|  0%| F|  |TAMS 0x0000000694000000| PB 0x0000000694000000| Untracked 
| 809|0x0000000694800000, 0x0000000694800000, 0x0000000695000000|  0%| F|  |TAMS 0x0000000694800000| PB 0x0000000694800000| Untracked 
| 810|0x0000000695000000, 0x0000000695000000, 0x0000000695800000|  0%| F|  |TAMS 0x0000000695000000| PB 0x0000000695000000| Untracked 
| 811|0x0000000695800000, 0x0000000695800000, 0x0000000696000000|  0%| F|  |TAMS 0x0000000695800000| PB 0x0000000695800000| Untracked 
| 812|0x0000000696000000, 0x0000000696000000, 0x0000000696800000|  0%| F|  |TAMS 0x0000000696000000| PB 0x0000000696000000| Untracked 
| 813|0x0000000696800000, 0x0000000696800000, 0x0000000697000000|  0%| F|  |TAMS 0x0000000696800000| PB 0x0000000696800000| Untracked 
| 814|0x0000000697000000, 0x0000000697000000, 0x0000000697800000|  0%| F|  |TAMS 0x0000000697000000| PB 0x0000000697000000| Untracked 
| 815|0x0000000697800000, 0x0000000697800000, 0x0000000698000000|  0%| F|  |TAMS 0x0000000697800000| PB 0x0000000697800000| Untracked 
| 816|0x0000000698000000, 0x0000000698000000, 0x0000000698800000|  0%| F|  |TAMS 0x0000000698000000| PB 0x0000000698000000| Untracked 
| 817|0x0000000698800000, 0x0000000698800000, 0x0000000699000000|  0%| F|  |TAMS 0x0000000698800000| PB 0x0000000698800000| Untracked 
| 818|0x0000000699000000, 0x0000000699000000, 0x0000000699800000|  0%| F|  |TAMS 0x0000000699000000| PB 0x0000000699000000| Untracked 
| 819|0x0000000699800000, 0x0000000699800000, 0x000000069a000000|  0%| F|  |TAMS 0x0000000699800000| PB 0x0000000699800000| Untracked 
| 820|0x000000069a000000, 0x000000069a000000, 0x000000069a800000|  0%| F|  |TAMS 0x000000069a000000| PB 0x000000069a000000| Untracked 
| 821|0x000000069a800000, 0x000000069a800000, 0x000000069b000000|  0%| F|  |TAMS 0x000000069a800000| PB 0x000000069a800000| Untracked 
| 822|0x000000069b000000, 0x000000069b000000, 0x000000069b800000|  0%| F|  |TAMS 0x000000069b000000| PB 0x000000069b000000| Untracked 
| 823|0x000000069b800000, 0x000000069b800000, 0x000000069c000000|  0%| F|  |TAMS 0x000000069b800000| PB 0x000000069b800000| Untracked 
| 824|0x000000069c000000, 0x000000069c000000, 0x000000069c800000|  0%| F|  |TAMS 0x000000069c000000| PB 0x000000069c000000| Untracked 
| 825|0x000000069c800000, 0x000000069c800000, 0x000000069d000000|  0%| F|  |TAMS 0x000000069c800000| PB 0x000000069c800000| Untracked 
| 826|0x000000069d000000, 0x000000069d000000, 0x000000069d800000|  0%| F|  |TAMS 0x000000069d000000| PB 0x000000069d000000| Untracked 
| 827|0x000000069d800000, 0x000000069d800000, 0x000000069e000000|  0%| F|  |TAMS 0x000000069d800000| PB 0x000000069d800000| Untracked 
| 828|0x000000069e000000, 0x000000069e000000, 0x000000069e800000|  0%| F|  |TAMS 0x000000069e000000| PB 0x000000069e000000| Untracked 
| 829|0x000000069e800000, 0x000000069e800000, 0x000000069f000000|  0%| F|  |TAMS 0x000000069e800000| PB 0x000000069e800000| Untracked 
| 830|0x000000069f000000, 0x000000069f000000, 0x000000069f800000|  0%| F|  |TAMS 0x000000069f000000| PB 0x000000069f000000| Untracked 
| 831|0x000000069f800000, 0x000000069f800000, 0x00000006a0000000|  0%| F|  |TAMS 0x000000069f800000| PB 0x000000069f800000| Untracked 
| 832|0x00000006a0000000, 0x00000006a0000000, 0x00000006a0800000|  0%| F|  |TAMS 0x00000006a0000000| PB 0x00000006a0000000| Untracked 
| 833|0x00000006a0800000, 0x00000006a0800000, 0x00000006a1000000|  0%| F|  |TAMS 0x00000006a0800000| PB 0x00000006a0800000| Untracked 
| 834|0x00000006a1000000, 0x00000006a1000000, 0x00000006a1800000|  0%| F|  |TAMS 0x00000006a1000000| PB 0x00000006a1000000| Untracked 
| 835|0x00000006a1800000, 0x00000006a1800000, 0x00000006a2000000|  0%| F|  |TAMS 0x00000006a1800000| PB 0x00000006a1800000| Untracked 
| 836|0x00000006a2000000, 0x00000006a2000000, 0x00000006a2800000|  0%| F|  |TAMS 0x00000006a2000000| PB 0x00000006a2000000| Untracked 
| 837|0x00000006a2800000, 0x00000006a2800000, 0x00000006a3000000|  0%| F|  |TAMS 0x00000006a2800000| PB 0x00000006a2800000| Untracked 
| 838|0x00000006a3000000, 0x00000006a3000000, 0x00000006a3800000|  0%| F|  |TAMS 0x00000006a3000000| PB 0x00000006a3000000| Untracked 
| 839|0x00000006a3800000, 0x00000006a3800000, 0x00000006a4000000|  0%| F|  |TAMS 0x00000006a3800000| PB 0x00000006a3800000| Untracked 
| 840|0x00000006a4000000, 0x00000006a4000000, 0x00000006a4800000|  0%| F|  |TAMS 0x00000006a4000000| PB 0x00000006a4000000| Untracked 
| 841|0x00000006a4800000, 0x00000006a4800000, 0x00000006a5000000|  0%| F|  |TAMS 0x00000006a4800000| PB 0x00000006a4800000| Untracked 
| 842|0x00000006a5000000, 0x00000006a5000000, 0x00000006a5800000|  0%| F|  |TAMS 0x00000006a5000000| PB 0x00000006a5000000| Untracked 
| 843|0x00000006a5800000, 0x00000006a5800000, 0x00000006a6000000|  0%| F|  |TAMS 0x00000006a5800000| PB 0x00000006a5800000| Untracked 
| 844|0x00000006a6000000, 0x00000006a6000000, 0x00000006a6800000|  0%| F|  |TAMS 0x00000006a6000000| PB 0x00000006a6000000| Untracked 
| 845|0x00000006a6800000, 0x00000006a6800000, 0x00000006a7000000|  0%| F|  |TAMS 0x00000006a6800000| PB 0x00000006a6800000| Untracked 
| 846|0x00000006a7000000, 0x00000006a7000000, 0x00000006a7800000|  0%| F|  |TAMS 0x00000006a7000000| PB 0x00000006a7000000| Untracked 
| 847|0x00000006a7800000, 0x00000006a7800000, 0x00000006a8000000|  0%| F|  |TAMS 0x00000006a7800000| PB 0x00000006a7800000| Untracked 
| 848|0x00000006a8000000, 0x00000006a8000000, 0x00000006a8800000|  0%| F|  |TAMS 0x00000006a8000000| PB 0x00000006a8000000| Untracked 
| 849|0x00000006a8800000, 0x00000006a8800000, 0x00000006a9000000|  0%| F|  |TAMS 0x00000006a8800000| PB 0x00000006a8800000| Untracked 
| 850|0x00000006a9000000, 0x00000006a9000000, 0x00000006a9800000|  0%| F|  |TAMS 0x00000006a9000000| PB 0x00000006a9000000| Untracked 
| 851|0x00000006a9800000, 0x00000006a9800000, 0x00000006aa000000|  0%| F|  |TAMS 0x00000006a9800000| PB 0x00000006a9800000| Untracked 
| 852|0x00000006aa000000, 0x00000006aa000000, 0x00000006aa800000|  0%| F|  |TAMS 0x00000006aa000000| PB 0x00000006aa000000| Untracked 
| 853|0x00000006aa800000, 0x00000006aa800000, 0x00000006ab000000|  0%| F|  |TAMS 0x00000006aa800000| PB 0x00000006aa800000| Untracked 
| 854|0x00000006ab000000, 0x00000006ab000000, 0x00000006ab800000|  0%| F|  |TAMS 0x00000006ab000000| PB 0x00000006ab000000| Untracked 
| 855|0x00000006ab800000, 0x00000006ab800000, 0x00000006ac000000|  0%| F|  |TAMS 0x00000006ab800000| PB 0x00000006ab800000| Untracked 
| 856|0x00000006ac000000, 0x00000006ac000000, 0x00000006ac800000|  0%| F|  |TAMS 0x00000006ac000000| PB 0x00000006ac000000| Untracked 
| 857|0x00000006ac800000, 0x00000006ac800000, 0x00000006ad000000|  0%| F|  |TAMS 0x00000006ac800000| PB 0x00000006ac800000| Untracked 
| 858|0x00000006ad000000, 0x00000006ad000000, 0x00000006ad800000|  0%| F|  |TAMS 0x00000006ad000000| PB 0x00000006ad000000| Untracked 
| 859|0x00000006ad800000, 0x00000006ad800000, 0x00000006ae000000|  0%| F|  |TAMS 0x00000006ad800000| PB 0x00000006ad800000| Untracked 
| 860|0x00000006ae000000, 0x00000006ae000000, 0x00000006ae800000|  0%| F|  |TAMS 0x00000006ae000000| PB 0x00000006ae000000| Untracked 
| 861|0x00000006ae800000, 0x00000006ae800000, 0x00000006af000000|  0%| F|  |TAMS 0x00000006ae800000| PB 0x00000006ae800000| Untracked 
| 862|0x00000006af000000, 0x00000006af000000, 0x00000006af800000|  0%| F|  |TAMS 0x00000006af000000| PB 0x00000006af000000| Untracked 
| 863|0x00000006af800000, 0x00000006af800000, 0x00000006b0000000|  0%| F|  |TAMS 0x00000006af800000| PB 0x00000006af800000| Untracked 
| 864|0x00000006b0000000, 0x00000006b0000000, 0x00000006b0800000|  0%| F|  |TAMS 0x00000006b0000000| PB 0x00000006b0000000| Untracked 
| 865|0x00000006b0800000, 0x00000006b0800000, 0x00000006b1000000|  0%| F|  |TAMS 0x00000006b0800000| PB 0x00000006b0800000| Untracked 
| 866|0x00000006b1000000, 0x00000006b1000000, 0x00000006b1800000|  0%| F|  |TAMS 0x00000006b1000000| PB 0x00000006b1000000| Untracked 
| 867|0x00000006b1800000, 0x00000006b1800000, 0x00000006b2000000|  0%| F|  |TAMS 0x00000006b1800000| PB 0x00000006b1800000| Untracked 
| 868|0x00000006b2000000, 0x00000006b2000000, 0x00000006b2800000|  0%| F|  |TAMS 0x00000006b2000000| PB 0x00000006b2000000| Untracked 
| 869|0x00000006b2800000, 0x00000006b2800000, 0x00000006b3000000|  0%| F|  |TAMS 0x00000006b2800000| PB 0x00000006b2800000| Untracked 
| 870|0x00000006b3000000, 0x00000006b3000000, 0x00000006b3800000|  0%| F|  |TAMS 0x00000006b3000000| PB 0x00000006b3000000| Untracked 
| 871|0x00000006b3800000, 0x00000006b3800000, 0x00000006b4000000|  0%| F|  |TAMS 0x00000006b3800000| PB 0x00000006b3800000| Untracked 
| 872|0x00000006b4000000, 0x00000006b4000000, 0x00000006b4800000|  0%| F|  |TAMS 0x00000006b4000000| PB 0x00000006b4000000| Untracked 
| 873|0x00000006b4800000, 0x00000006b4800000, 0x00000006b5000000|  0%| F|  |TAMS 0x00000006b4800000| PB 0x00000006b4800000| Untracked 
| 874|0x00000006b5000000, 0x00000006b5000000, 0x00000006b5800000|  0%| F|  |TAMS 0x00000006b5000000| PB 0x00000006b5000000| Untracked 
| 875|0x00000006b5800000, 0x00000006b5800000, 0x00000006b6000000|  0%| F|  |TAMS 0x00000006b5800000| PB 0x00000006b5800000| Untracked 
| 876|0x00000006b6000000, 0x00000006b6000000, 0x00000006b6800000|  0%| F|  |TAMS 0x00000006b6000000| PB 0x00000006b6000000| Untracked 
| 877|0x00000006b6800000, 0x00000006b6800000, 0x00000006b7000000|  0%| F|  |TAMS 0x00000006b6800000| PB 0x00000006b6800000| Untracked 
| 878|0x00000006b7000000, 0x00000006b7000000, 0x00000006b7800000|  0%| F|  |TAMS 0x00000006b7000000| PB 0x00000006b7000000| Untracked 
| 879|0x00000006b7800000, 0x00000006b7800000, 0x00000006b8000000|  0%| F|  |TAMS 0x00000006b7800000| PB 0x00000006b7800000| Untracked 
| 880|0x00000006b8000000, 0x00000006b8000000, 0x00000006b8800000|  0%| F|  |TAMS 0x00000006b8000000| PB 0x00000006b8000000| Untracked 
| 881|0x00000006b8800000, 0x00000006b8800000, 0x00000006b9000000|  0%| F|  |TAMS 0x00000006b8800000| PB 0x00000006b8800000| Untracked 
| 882|0x00000006b9000000, 0x00000006b9000000, 0x00000006b9800000|  0%| F|  |TAMS 0x00000006b9000000| PB 0x00000006b9000000| Untracked 
| 883|0x00000006b9800000, 0x00000006b9800000, 0x00000006ba000000|  0%| F|  |TAMS 0x00000006b9800000| PB 0x00000006b9800000| Untracked 
| 884|0x00000006ba000000, 0x00000006ba000000, 0x00000006ba800000|  0%| F|  |TAMS 0x00000006ba000000| PB 0x00000006ba000000| Untracked 
| 885|0x00000006ba800000, 0x00000006ba800000, 0x00000006bb000000|  0%| F|  |TAMS 0x00000006ba800000| PB 0x00000006ba800000| Untracked 
| 886|0x00000006bb000000, 0x00000006bb000000, 0x00000006bb800000|  0%| F|  |TAMS 0x00000006bb000000| PB 0x00000006bb000000| Untracked 
| 887|0x00000006bb800000, 0x00000006bb800000, 0x00000006bc000000|  0%| F|  |TAMS 0x00000006bb800000| PB 0x00000006bb800000| Untracked 
| 888|0x00000006bc000000, 0x00000006bc000000, 0x00000006bc800000|  0%| F|  |TAMS 0x00000006bc000000| PB 0x00000006bc000000| Untracked 
| 889|0x00000006bc800000, 0x00000006bc800000, 0x00000006bd000000|  0%| F|  |TAMS 0x00000006bc800000| PB 0x00000006bc800000| Untracked 
| 890|0x00000006bd000000, 0x00000006bd000000, 0x00000006bd800000|  0%| F|  |TAMS 0x00000006bd000000| PB 0x00000006bd000000| Untracked 
| 891|0x00000006bd800000, 0x00000006bd800000, 0x00000006be000000|  0%| F|  |TAMS 0x00000006bd800000| PB 0x00000006bd800000| Untracked 
| 892|0x00000006be000000, 0x00000006be000000, 0x00000006be800000|  0%| F|  |TAMS 0x00000006be000000| PB 0x00000006be000000| Untracked 
| 893|0x00000006be800000, 0x00000006be800000, 0x00000006bf000000|  0%| F|  |TAMS 0x00000006be800000| PB 0x00000006be800000| Untracked 
| 894|0x00000006bf000000, 0x00000006bf000000, 0x00000006bf800000|  0%| F|  |TAMS 0x00000006bf000000| PB 0x00000006bf000000| Untracked 
| 895|0x00000006bf800000, 0x00000006bf800000, 0x00000006c0000000|  0%| F|  |TAMS 0x00000006bf800000| PB 0x00000006bf800000| Untracked 
| 896|0x00000006c0000000, 0x00000006c0000000, 0x00000006c0800000|  0%| F|  |TAMS 0x00000006c0000000| PB 0x00000006c0000000| Untracked 
| 897|0x00000006c0800000, 0x00000006c0800000, 0x00000006c1000000|  0%| F|  |TAMS 0x00000006c0800000| PB 0x00000006c0800000| Untracked 
| 898|0x00000006c1000000, 0x00000006c1000000, 0x00000006c1800000|  0%| F|  |TAMS 0x00000006c1000000| PB 0x00000006c1000000| Untracked 
| 899|0x00000006c1800000, 0x00000006c1800000, 0x00000006c2000000|  0%| F|  |TAMS 0x00000006c1800000| PB 0x00000006c1800000| Untracked 
| 900|0x00000006c2000000, 0x00000006c2000000, 0x00000006c2800000|  0%| F|  |TAMS 0x00000006c2000000| PB 0x00000006c2000000| Untracked 
| 901|0x00000006c2800000, 0x00000006c2800000, 0x00000006c3000000|  0%| F|  |TAMS 0x00000006c2800000| PB 0x00000006c2800000| Untracked 
| 902|0x00000006c3000000, 0x00000006c3000000, 0x00000006c3800000|  0%| F|  |TAMS 0x00000006c3000000| PB 0x00000006c3000000| Untracked 
| 903|0x00000006c3800000, 0x00000006c3800000, 0x00000006c4000000|  0%| F|  |TAMS 0x00000006c3800000| PB 0x00000006c3800000| Untracked 
| 904|0x00000006c4000000, 0x00000006c4000000, 0x00000006c4800000|  0%| F|  |TAMS 0x00000006c4000000| PB 0x00000006c4000000| Untracked 
| 905|0x00000006c4800000, 0x00000006c4800000, 0x00000006c5000000|  0%| F|  |TAMS 0x00000006c4800000| PB 0x00000006c4800000| Untracked 
| 906|0x00000006c5000000, 0x00000006c5000000, 0x00000006c5800000|  0%| F|  |TAMS 0x00000006c5000000| PB 0x00000006c5000000| Untracked 
| 907|0x00000006c5800000, 0x00000006c5800000, 0x00000006c6000000|  0%| F|  |TAMS 0x00000006c5800000| PB 0x00000006c5800000| Untracked 
| 908|0x00000006c6000000, 0x00000006c6000000, 0x00000006c6800000|  0%| F|  |TAMS 0x00000006c6000000| PB 0x00000006c6000000| Untracked 
| 909|0x00000006c6800000, 0x00000006c6800000, 0x00000006c7000000|  0%| F|  |TAMS 0x00000006c6800000| PB 0x00000006c6800000| Untracked 
| 910|0x00000006c7000000, 0x00000006c7000000, 0x00000006c7800000|  0%| F|  |TAMS 0x00000006c7000000| PB 0x00000006c7000000| Untracked 
| 911|0x00000006c7800000, 0x00000006c7800000, 0x00000006c8000000|  0%| F|  |TAMS 0x00000006c7800000| PB 0x00000006c7800000| Untracked 
| 912|0x00000006c8000000, 0x00000006c8000000, 0x00000006c8800000|  0%| F|  |TAMS 0x00000006c8000000| PB 0x00000006c8000000| Untracked 
| 913|0x00000006c8800000, 0x00000006c8800000, 0x00000006c9000000|  0%| F|  |TAMS 0x00000006c8800000| PB 0x00000006c8800000| Untracked 
| 914|0x00000006c9000000, 0x00000006c9000000, 0x00000006c9800000|  0%| F|  |TAMS 0x00000006c9000000| PB 0x00000006c9000000| Untracked 
| 915|0x00000006c9800000, 0x00000006c9800000, 0x00000006ca000000|  0%| F|  |TAMS 0x00000006c9800000| PB 0x00000006c9800000| Untracked 
| 916|0x00000006ca000000, 0x00000006ca000000, 0x00000006ca800000|  0%| F|  |TAMS 0x00000006ca000000| PB 0x00000006ca000000| Untracked 
| 917|0x00000006ca800000, 0x00000006ca800000, 0x00000006cb000000|  0%| F|  |TAMS 0x00000006ca800000| PB 0x00000006ca800000| Untracked 
| 918|0x00000006cb000000, 0x00000006cb000000, 0x00000006cb800000|  0%| F|  |TAMS 0x00000006cb000000| PB 0x00000006cb000000| Untracked 
| 919|0x00000006cb800000, 0x00000006cb800000, 0x00000006cc000000|  0%| F|  |TAMS 0x00000006cb800000| PB 0x00000006cb800000| Untracked 
| 920|0x00000006cc000000, 0x00000006cc000000, 0x00000006cc800000|  0%| F|  |TAMS 0x00000006cc000000| PB 0x00000006cc000000| Untracked 
| 921|0x00000006cc800000, 0x00000006cc800000, 0x00000006cd000000|  0%| F|  |TAMS 0x00000006cc800000| PB 0x00000006cc800000| Untracked 
| 922|0x00000006cd000000, 0x00000006cd000000, 0x00000006cd800000|  0%| F|  |TAMS 0x00000006cd000000| PB 0x00000006cd000000| Untracked 
| 923|0x00000006cd800000, 0x00000006cd800000, 0x00000006ce000000|  0%| F|  |TAMS 0x00000006cd800000| PB 0x00000006cd800000| Untracked 
| 924|0x00000006ce000000, 0x00000006ce000000, 0x00000006ce800000|  0%| F|  |TAMS 0x00000006ce000000| PB 0x00000006ce000000| Untracked 
| 925|0x00000006ce800000, 0x00000006ce800000, 0x00000006cf000000|  0%| F|  |TAMS 0x00000006ce800000| PB 0x00000006ce800000| Untracked 
| 926|0x00000006cf000000, 0x00000006cf000000, 0x00000006cf800000|  0%| F|  |TAMS 0x00000006cf000000| PB 0x00000006cf000000| Untracked 
| 927|0x00000006cf800000, 0x00000006cf800000, 0x00000006d0000000|  0%| F|  |TAMS 0x00000006cf800000| PB 0x00000006cf800000| Untracked 
| 928|0x00000006d0000000, 0x00000006d0000000, 0x00000006d0800000|  0%| F|  |TAMS 0x00000006d0000000| PB 0x00000006d0000000| Untracked 
| 929|0x00000006d0800000, 0x00000006d0800000, 0x00000006d1000000|  0%| F|  |TAMS 0x00000006d0800000| PB 0x00000006d0800000| Untracked 
| 930|0x00000006d1000000, 0x00000006d1000000, 0x00000006d1800000|  0%| F|  |TAMS 0x00000006d1000000| PB 0x00000006d1000000| Untracked 
| 931|0x00000006d1800000, 0x00000006d1800000, 0x00000006d2000000|  0%| F|  |TAMS 0x00000006d1800000| PB 0x00000006d1800000| Untracked 
| 932|0x00000006d2000000, 0x00000006d2000000, 0x00000006d2800000|  0%| F|  |TAMS 0x00000006d2000000| PB 0x00000006d2000000| Untracked 
| 933|0x00000006d2800000, 0x00000006d2800000, 0x00000006d3000000|  0%| F|  |TAMS 0x00000006d2800000| PB 0x00000006d2800000| Untracked 
| 934|0x00000006d3000000, 0x00000006d3000000, 0x00000006d3800000|  0%| F|  |TAMS 0x00000006d3000000| PB 0x00000006d3000000| Untracked 
| 935|0x00000006d3800000, 0x00000006d3800000, 0x00000006d4000000|  0%| F|  |TAMS 0x00000006d3800000| PB 0x00000006d3800000| Untracked 
| 936|0x00000006d4000000, 0x00000006d4000000, 0x00000006d4800000|  0%| F|  |TAMS 0x00000006d4000000| PB 0x00000006d4000000| Untracked 
| 937|0x00000006d4800000, 0x00000006d4800000, 0x00000006d5000000|  0%| F|  |TAMS 0x00000006d4800000| PB 0x00000006d4800000| Untracked 
| 938|0x00000006d5000000, 0x00000006d5000000, 0x00000006d5800000|  0%| F|  |TAMS 0x00000006d5000000| PB 0x00000006d5000000| Untracked 
| 939|0x00000006d5800000, 0x00000006d5800000, 0x00000006d6000000|  0%| F|  |TAMS 0x00000006d5800000| PB 0x00000006d5800000| Untracked 
| 940|0x00000006d6000000, 0x00000006d6000000, 0x00000006d6800000|  0%| F|  |TAMS 0x00000006d6000000| PB 0x00000006d6000000| Untracked 
| 941|0x00000006d6800000, 0x00000006d6800000, 0x00000006d7000000|  0%| F|  |TAMS 0x00000006d6800000| PB 0x00000006d6800000| Untracked 
| 942|0x00000006d7000000, 0x00000006d7000000, 0x00000006d7800000|  0%| F|  |TAMS 0x00000006d7000000| PB 0x00000006d7000000| Untracked 
| 943|0x00000006d7800000, 0x00000006d7800000, 0x00000006d8000000|  0%| F|  |TAMS 0x00000006d7800000| PB 0x00000006d7800000| Untracked 
| 944|0x00000006d8000000, 0x00000006d8000000, 0x00000006d8800000|  0%| F|  |TAMS 0x00000006d8000000| PB 0x00000006d8000000| Untracked 
| 945|0x00000006d8800000, 0x00000006d8800000, 0x00000006d9000000|  0%| F|  |TAMS 0x00000006d8800000| PB 0x00000006d8800000| Untracked 
| 946|0x00000006d9000000, 0x00000006d9000000, 0x00000006d9800000|  0%| F|  |TAMS 0x00000006d9000000| PB 0x00000006d9000000| Untracked 
| 947|0x00000006d9800000, 0x00000006d9800000, 0x00000006da000000|  0%| F|  |TAMS 0x00000006d9800000| PB 0x00000006d9800000| Untracked 
| 948|0x00000006da000000, 0x00000006da000000, 0x00000006da800000|  0%| F|  |TAMS 0x00000006da000000| PB 0x00000006da000000| Untracked 
| 949|0x00000006da800000, 0x00000006da800000, 0x00000006db000000|  0%| F|  |TAMS 0x00000006da800000| PB 0x00000006da800000| Untracked 
| 950|0x00000006db000000, 0x00000006db000000, 0x00000006db800000|  0%| F|  |TAMS 0x00000006db000000| PB 0x00000006db000000| Untracked 
| 951|0x00000006db800000, 0x00000006db800000, 0x00000006dc000000|  0%| F|  |TAMS 0x00000006db800000| PB 0x00000006db800000| Untracked 
| 952|0x00000006dc000000, 0x00000006dc000000, 0x00000006dc800000|  0%| F|  |TAMS 0x00000006dc000000| PB 0x00000006dc000000| Untracked 
| 953|0x00000006dc800000, 0x00000006dc800000, 0x00000006dd000000|  0%| F|  |TAMS 0x00000006dc800000| PB 0x00000006dc800000| Untracked 
| 954|0x00000006dd000000, 0x00000006dd000000, 0x00000006dd800000|  0%| F|  |TAMS 0x00000006dd000000| PB 0x00000006dd000000| Untracked 
| 955|0x00000006dd800000, 0x00000006dd800000, 0x00000006de000000|  0%| F|  |TAMS 0x00000006dd800000| PB 0x00000006dd800000| Untracked 
| 956|0x00000006de000000, 0x00000006de000000, 0x00000006de800000|  0%| F|  |TAMS 0x00000006de000000| PB 0x00000006de000000| Untracked 
| 957|0x00000006de800000, 0x00000006de800000, 0x00000006df000000|  0%| F|  |TAMS 0x00000006de800000| PB 0x00000006de800000| Untracked 
| 958|0x00000006df000000, 0x00000006df000000, 0x00000006df800000|  0%| F|  |TAMS 0x00000006df000000| PB 0x00000006df000000| Untracked 
| 959|0x00000006df800000, 0x00000006df800000, 0x00000006e0000000|  0%| F|  |TAMS 0x00000006df800000| PB 0x00000006df800000| Untracked 
| 960|0x00000006e0000000, 0x00000006e0000000, 0x00000006e0800000|  0%| F|  |TAMS 0x00000006e0000000| PB 0x00000006e0000000| Untracked 
| 961|0x00000006e0800000, 0x00000006e0800000, 0x00000006e1000000|  0%| F|  |TAMS 0x00000006e0800000| PB 0x00000006e0800000| Untracked 
| 962|0x00000006e1000000, 0x00000006e1000000, 0x00000006e1800000|  0%| F|  |TAMS 0x00000006e1000000| PB 0x00000006e1000000| Untracked 
| 963|0x00000006e1800000, 0x00000006e1800000, 0x00000006e2000000|  0%| F|  |TAMS 0x00000006e1800000| PB 0x00000006e1800000| Untracked 
| 964|0x00000006e2000000, 0x00000006e2000000, 0x00000006e2800000|  0%| F|  |TAMS 0x00000006e2000000| PB 0x00000006e2000000| Untracked 
| 965|0x00000006e2800000, 0x00000006e2800000, 0x00000006e3000000|  0%| F|  |TAMS 0x00000006e2800000| PB 0x00000006e2800000| Untracked 
| 966|0x00000006e3000000, 0x00000006e3000000, 0x00000006e3800000|  0%| F|  |TAMS 0x00000006e3000000| PB 0x00000006e3000000| Untracked 
| 967|0x00000006e3800000, 0x00000006e3800000, 0x00000006e4000000|  0%| F|  |TAMS 0x00000006e3800000| PB 0x00000006e3800000| Untracked 
| 968|0x00000006e4000000, 0x00000006e4000000, 0x00000006e4800000|  0%| F|  |TAMS 0x00000006e4000000| PB 0x00000006e4000000| Untracked 
| 969|0x00000006e4800000, 0x00000006e4800000, 0x00000006e5000000|  0%| F|  |TAMS 0x00000006e4800000| PB 0x00000006e4800000| Untracked 
| 970|0x00000006e5000000, 0x00000006e5000000, 0x00000006e5800000|  0%| F|  |TAMS 0x00000006e5000000| PB 0x00000006e5000000| Untracked 
| 971|0x00000006e5800000, 0x00000006e5800000, 0x00000006e6000000|  0%| F|  |TAMS 0x00000006e5800000| PB 0x00000006e5800000| Untracked 
| 972|0x00000006e6000000, 0x00000006e6000000, 0x00000006e6800000|  0%| F|  |TAMS 0x00000006e6000000| PB 0x00000006e6000000| Untracked 
| 973|0x00000006e6800000, 0x00000006e6800000, 0x00000006e7000000|  0%| F|  |TAMS 0x00000006e6800000| PB 0x00000006e6800000| Untracked 
| 974|0x00000006e7000000, 0x00000006e7000000, 0x00000006e7800000|  0%| F|  |TAMS 0x00000006e7000000| PB 0x00000006e7000000| Untracked 
| 975|0x00000006e7800000, 0x00000006e7800000, 0x00000006e8000000|  0%| F|  |TAMS 0x00000006e7800000| PB 0x00000006e7800000| Untracked 
| 976|0x00000006e8000000, 0x00000006e8000000, 0x00000006e8800000|  0%| F|  |TAMS 0x00000006e8000000| PB 0x00000006e8000000| Untracked 
| 977|0x00000006e8800000, 0x00000006e8800000, 0x00000006e9000000|  0%| F|  |TAMS 0x00000006e8800000| PB 0x00000006e8800000| Untracked 
| 978|0x00000006e9000000, 0x00000006e9000000, 0x00000006e9800000|  0%| F|  |TAMS 0x00000006e9000000| PB 0x00000006e9000000| Untracked 
| 979|0x00000006e9800000, 0x00000006e9800000, 0x00000006ea000000|  0%| F|  |TAMS 0x00000006e9800000| PB 0x00000006e9800000| Untracked 
| 980|0x00000006ea000000, 0x00000006ea000000, 0x00000006ea800000|  0%| F|  |TAMS 0x00000006ea000000| PB 0x00000006ea000000| Untracked 
| 981|0x00000006ea800000, 0x00000006ea800000, 0x00000006eb000000|  0%| F|  |TAMS 0x00000006ea800000| PB 0x00000006ea800000| Untracked 
| 982|0x00000006eb000000, 0x00000006eb000000, 0x00000006eb800000|  0%| F|  |TAMS 0x00000006eb000000| PB 0x00000006eb000000| Untracked 
| 983|0x00000006eb800000, 0x00000006eb800000, 0x00000006ec000000|  0%| F|  |TAMS 0x00000006eb800000| PB 0x00000006eb800000| Untracked 
| 984|0x00000006ec000000, 0x00000006ec000000, 0x00000006ec800000|  0%| F|  |TAMS 0x00000006ec000000| PB 0x00000006ec000000| Untracked 
| 985|0x00000006ec800000, 0x00000006ec800000, 0x00000006ed000000|  0%| F|  |TAMS 0x00000006ec800000| PB 0x00000006ec800000| Untracked 
| 986|0x00000006ed000000, 0x00000006ed000000, 0x00000006ed800000|  0%| F|  |TAMS 0x00000006ed000000| PB 0x00000006ed000000| Untracked 
| 987|0x00000006ed800000, 0x00000006ed800000, 0x00000006ee000000|  0%| F|  |TAMS 0x00000006ed800000| PB 0x00000006ed800000| Untracked 
| 988|0x00000006ee000000, 0x00000006ee000000, 0x00000006ee800000|  0%| F|  |TAMS 0x00000006ee000000| PB 0x00000006ee000000| Untracked 
| 989|0x00000006ee800000, 0x00000006ee800000, 0x00000006ef000000|  0%| F|  |TAMS 0x00000006ee800000| PB 0x00000006ee800000| Untracked 
| 990|0x00000006ef000000, 0x00000006ef000000, 0x00000006ef800000|  0%| F|  |TAMS 0x00000006ef000000| PB 0x00000006ef000000| Untracked 
| 991|0x00000006ef800000, 0x00000006ef800000, 0x00000006f0000000|  0%| F|  |TAMS 0x00000006ef800000| PB 0x00000006ef800000| Untracked 
| 992|0x00000006f0000000, 0x00000006f0000000, 0x00000006f0800000|  0%| F|  |TAMS 0x00000006f0000000| PB 0x00000006f0000000| Untracked 
| 993|0x00000006f0800000, 0x00000006f0800000, 0x00000006f1000000|  0%| F|  |TAMS 0x00000006f0800000| PB 0x00000006f0800000| Untracked 
| 994|0x00000006f1000000, 0x00000006f1000000, 0x00000006f1800000|  0%| F|  |TAMS 0x00000006f1000000| PB 0x00000006f1000000| Untracked 
| 995|0x00000006f1800000, 0x00000006f1800000, 0x00000006f2000000|  0%| F|  |TAMS 0x00000006f1800000| PB 0x00000006f1800000| Untracked 
| 996|0x00000006f2000000, 0x00000006f2000000, 0x00000006f2800000|  0%| F|  |TAMS 0x00000006f2000000| PB 0x00000006f2000000| Untracked 
| 997|0x00000006f2800000, 0x00000006f2800000, 0x00000006f3000000|  0%| F|  |TAMS 0x00000006f2800000| PB 0x00000006f2800000| Untracked 
| 998|0x00000006f3000000, 0x00000006f3000000, 0x00000006f3800000|  0%| F|  |TAMS 0x00000006f3000000| PB 0x00000006f3000000| Untracked 
| 999|0x00000006f3800000, 0x00000006f3800000, 0x00000006f4000000|  0%| F|  |TAMS 0x00000006f3800000| PB 0x00000006f3800000| Untracked 
|1000|0x00000006f4000000, 0x00000006f4000000, 0x00000006f4800000|  0%| F|  |TAMS 0x00000006f4000000| PB 0x00000006f4000000| Untracked 
|1001|0x00000006f4800000, 0x00000006f4800000, 0x00000006f5000000|  0%| F|  |TAMS 0x00000006f4800000| PB 0x00000006f4800000| Untracked 
|1002|0x00000006f5000000, 0x00000006f5000000, 0x00000006f5800000|  0%| F|  |TAMS 0x00000006f5000000| PB 0x00000006f5000000| Untracked 
|1003|0x00000006f5800000, 0x00000006f5800000, 0x00000006f6000000|  0%| F|  |TAMS 0x00000006f5800000| PB 0x00000006f5800000| Untracked 
|1004|0x00000006f6000000, 0x00000006f6000000, 0x00000006f6800000|  0%| F|  |TAMS 0x00000006f6000000| PB 0x00000006f6000000| Untracked 
|1005|0x00000006f6800000, 0x00000006f6800000, 0x00000006f7000000|  0%| F|  |TAMS 0x00000006f6800000| PB 0x00000006f6800000| Untracked 
|1006|0x00000006f7000000, 0x00000006f7000000, 0x00000006f7800000|  0%| F|  |TAMS 0x00000006f7000000| PB 0x00000006f7000000| Untracked 
|1007|0x00000006f7800000, 0x00000006f7800000, 0x00000006f8000000|  0%| F|  |TAMS 0x00000006f7800000| PB 0x00000006f7800000| Untracked 
|1008|0x00000006f8000000, 0x00000006f8000000, 0x00000006f8800000|  0%| F|  |TAMS 0x00000006f8000000| PB 0x00000006f8000000| Untracked 
|1009|0x00000006f8800000, 0x00000006f8800000, 0x00000006f9000000|  0%| F|  |TAMS 0x00000006f8800000| PB 0x00000006f8800000| Untracked 
|1010|0x00000006f9000000, 0x00000006f9000000, 0x00000006f9800000|  0%| F|  |TAMS 0x00000006f9000000| PB 0x00000006f9000000| Untracked 
|1011|0x00000006f9800000, 0x00000006f9800000, 0x00000006fa000000|  0%| F|  |TAMS 0x00000006f9800000| PB 0x00000006f9800000| Untracked 
|1012|0x00000006fa000000, 0x00000006fa000000, 0x00000006fa800000|  0%| F|  |TAMS 0x00000006fa000000| PB 0x00000006fa000000| Untracked 
|1013|0x00000006fa800000, 0x00000006fa800000, 0x00000006fb000000|  0%| F|  |TAMS 0x00000006fa800000| PB 0x00000006fa800000| Untracked 
|1014|0x00000006fb000000, 0x00000006fb000000, 0x00000006fb800000|  0%| F|  |TAMS 0x00000006fb000000| PB 0x00000006fb000000| Untracked 
|1015|0x00000006fb800000, 0x00000006fb800000, 0x00000006fc000000|  0%| F|  |TAMS 0x00000006fb800000| PB 0x00000006fb800000| Untracked 
|1016|0x00000006fc000000, 0x00000006fc000000, 0x00000006fc800000|  0%| F|  |TAMS 0x00000006fc000000| PB 0x00000006fc000000| Untracked 
|1017|0x00000006fc800000, 0x00000006fc800000, 0x00000006fd000000|  0%| F|  |TAMS 0x00000006fc800000| PB 0x00000006fc800000| Untracked 
|1018|0x00000006fd000000, 0x00000006fd000000, 0x00000006fd800000|  0%| F|  |TAMS 0x00000006fd000000| PB 0x00000006fd000000| Untracked 
|1019|0x00000006fd800000, 0x00000006fd800000, 0x00000006fe000000|  0%| F|  |TAMS 0x00000006fd800000| PB 0x00000006fd800000| Untracked 
|1020|0x00000006fe000000, 0x00000006fe000000, 0x00000006fe800000|  0%| F|  |TAMS 0x00000006fe000000| PB 0x00000006fe000000| Untracked 
|1021|0x00000006fe800000, 0x00000006fe800000, 0x00000006ff000000|  0%| F|  |TAMS 0x00000006fe800000| PB 0x00000006fe800000| Untracked 
|1022|0x00000006ff000000, 0x00000006ff000000, 0x00000006ff800000|  0%| F|  |TAMS 0x00000006ff000000| PB 0x00000006ff000000| Untracked 
|1023|0x00000006ff800000, 0x00000006ff800000, 0x0000000700000000|  0%| F|  |TAMS 0x00000006ff800000| PB 0x00000006ff800000| Untracked 
|1024|0x0000000700000000, 0x0000000700000000, 0x0000000700800000|  0%| F|  |TAMS 0x0000000700000000| PB 0x0000000700000000| Untracked 
|1025|0x0000000700800000, 0x0000000700800000, 0x0000000701000000|  0%| F|  |TAMS 0x0000000700800000| PB 0x0000000700800000| Untracked 
|1026|0x0000000701000000, 0x0000000701000000, 0x0000000701800000|  0%| F|  |TAMS 0x0000000701000000| PB 0x0000000701000000| Untracked 
|1027|0x0000000701800000, 0x0000000701800000, 0x0000000702000000|  0%| F|  |TAMS 0x0000000701800000| PB 0x0000000701800000| Untracked 
|1028|0x0000000702000000, 0x0000000702000000, 0x0000000702800000|  0%| F|  |TAMS 0x0000000702000000| PB 0x0000000702000000| Untracked 
|1029|0x0000000702800000, 0x0000000702800000, 0x0000000703000000|  0%| F|  |TAMS 0x0000000702800000| PB 0x0000000702800000| Untracked 
|1030|0x0000000703000000, 0x0000000703000000, 0x0000000703800000|  0%| F|  |TAMS 0x0000000703000000| PB 0x0000000703000000| Untracked 
|1031|0x0000000703800000, 0x0000000703800000, 0x0000000704000000|  0%| F|  |TAMS 0x0000000703800000| PB 0x0000000703800000| Untracked 
|1032|0x0000000704000000, 0x0000000704000000, 0x0000000704800000|  0%| F|  |TAMS 0x0000000704000000| PB 0x0000000704000000| Untracked 
|1033|0x0000000704800000, 0x0000000704800000, 0x0000000705000000|  0%| F|  |TAMS 0x0000000704800000| PB 0x0000000704800000| Untracked 
|1034|0x0000000705000000, 0x0000000705000000, 0x0000000705800000|  0%| F|  |TAMS 0x0000000705000000| PB 0x0000000705000000| Untracked 
|1035|0x0000000705800000, 0x0000000705800000, 0x0000000706000000|  0%| F|  |TAMS 0x0000000705800000| PB 0x0000000705800000| Untracked 
|1036|0x0000000706000000, 0x0000000706000000, 0x0000000706800000|  0%| F|  |TAMS 0x0000000706000000| PB 0x0000000706000000| Untracked 
|1037|0x0000000706800000, 0x0000000706800000, 0x0000000707000000|  0%| F|  |TAMS 0x0000000706800000| PB 0x0000000706800000| Untracked 
|1038|0x0000000707000000, 0x0000000707000000, 0x0000000707800000|  0%| F|  |TAMS 0x0000000707000000| PB 0x0000000707000000| Untracked 
|1039|0x0000000707800000, 0x0000000707800000, 0x0000000708000000|  0%| F|  |TAMS 0x0000000707800000| PB 0x0000000707800000| Untracked 
|1040|0x0000000708000000, 0x0000000708000000, 0x0000000708800000|  0%| F|  |TAMS 0x0000000708000000| PB 0x0000000708000000| Untracked 
|1041|0x0000000708800000, 0x0000000708800000, 0x0000000709000000|  0%| F|  |TAMS 0x0000000708800000| PB 0x0000000708800000| Untracked 
|1042|0x0000000709000000, 0x0000000709000000, 0x0000000709800000|  0%| F|  |TAMS 0x0000000709000000| PB 0x0000000709000000| Untracked 
|1043|0x0000000709800000, 0x0000000709800000, 0x000000070a000000|  0%| F|  |TAMS 0x0000000709800000| PB 0x0000000709800000| Untracked 
|1044|0x000000070a000000, 0x000000070a000000, 0x000000070a800000|  0%| F|  |TAMS 0x000000070a000000| PB 0x000000070a000000| Untracked 
|1045|0x000000070a800000, 0x000000070a800000, 0x000000070b000000|  0%| F|  |TAMS 0x000000070a800000| PB 0x000000070a800000| Untracked 
|1046|0x000000070b000000, 0x000000070b000000, 0x000000070b800000|  0%| F|  |TAMS 0x000000070b000000| PB 0x000000070b000000| Untracked 
|1047|0x000000070b800000, 0x000000070b800000, 0x000000070c000000|  0%| F|  |TAMS 0x000000070b800000| PB 0x000000070b800000| Untracked 
|1048|0x000000070c000000, 0x000000070c000000, 0x000000070c800000|  0%| F|  |TAMS 0x000000070c000000| PB 0x000000070c000000| Untracked 
|1049|0x000000070c800000, 0x000000070c800000, 0x000000070d000000|  0%| F|  |TAMS 0x000000070c800000| PB 0x000000070c800000| Untracked 
|1050|0x000000070d000000, 0x000000070d000000, 0x000000070d800000|  0%| F|  |TAMS 0x000000070d000000| PB 0x000000070d000000| Untracked 
|1051|0x000000070d800000, 0x000000070d800000, 0x000000070e000000|  0%| F|  |TAMS 0x000000070d800000| PB 0x000000070d800000| Untracked 
|1052|0x000000070e000000, 0x000000070e000000, 0x000000070e800000|  0%| F|  |TAMS 0x000000070e000000| PB 0x000000070e000000| Untracked 
|1053|0x000000070e800000, 0x000000070e800000, 0x000000070f000000|  0%| F|  |TAMS 0x000000070e800000| PB 0x000000070e800000| Untracked 
|1054|0x000000070f000000, 0x000000070f000000, 0x000000070f800000|  0%| F|  |TAMS 0x000000070f000000| PB 0x000000070f000000| Untracked 
|1055|0x000000070f800000, 0x000000070f800000, 0x0000000710000000|  0%| F|  |TAMS 0x000000070f800000| PB 0x000000070f800000| Untracked 
|1056|0x0000000710000000, 0x0000000710000000, 0x0000000710800000|  0%| F|  |TAMS 0x0000000710000000| PB 0x0000000710000000| Untracked 
|1057|0x0000000710800000, 0x0000000710800000, 0x0000000711000000|  0%| F|  |TAMS 0x0000000710800000| PB 0x0000000710800000| Untracked 
|1058|0x0000000711000000, 0x0000000711000000, 0x0000000711800000|  0%| F|  |TAMS 0x0000000711000000| PB 0x0000000711000000| Untracked 
|1059|0x0000000711800000, 0x0000000711800000, 0x0000000712000000|  0%| F|  |TAMS 0x0000000711800000| PB 0x0000000711800000| Untracked 
|1060|0x0000000712000000, 0x0000000712000000, 0x0000000712800000|  0%| F|  |TAMS 0x0000000712000000| PB 0x0000000712000000| Untracked 
|1061|0x0000000712800000, 0x0000000712800000, 0x0000000713000000|  0%| F|  |TAMS 0x0000000712800000| PB 0x0000000712800000| Untracked 
|1062|0x0000000713000000, 0x0000000713000000, 0x0000000713800000|  0%| F|  |TAMS 0x0000000713000000| PB 0x0000000713000000| Untracked 
|1063|0x0000000713800000, 0x0000000713800000, 0x0000000714000000|  0%| F|  |TAMS 0x0000000713800000| PB 0x0000000713800000| Untracked 
|1064|0x0000000714000000, 0x0000000714000000, 0x0000000714800000|  0%| F|  |TAMS 0x0000000714000000| PB 0x0000000714000000| Untracked 
|1065|0x0000000714800000, 0x0000000714800000, 0x0000000715000000|  0%| F|  |TAMS 0x0000000714800000| PB 0x0000000714800000| Untracked 
|1066|0x0000000715000000, 0x0000000715000000, 0x0000000715800000|  0%| F|  |TAMS 0x0000000715000000| PB 0x0000000715000000| Untracked 
|1067|0x0000000715800000, 0x0000000715800000, 0x0000000716000000|  0%| F|  |TAMS 0x0000000715800000| PB 0x0000000715800000| Untracked 
|1068|0x0000000716000000, 0x0000000716000000, 0x0000000716800000|  0%| F|  |TAMS 0x0000000716000000| PB 0x0000000716000000| Untracked 
|1069|0x0000000716800000, 0x0000000716800000, 0x0000000717000000|  0%| F|  |TAMS 0x0000000716800000| PB 0x0000000716800000| Untracked 
|1070|0x0000000717000000, 0x0000000717000000, 0x0000000717800000|  0%| F|  |TAMS 0x0000000717000000| PB 0x0000000717000000| Untracked 
|1071|0x0000000717800000, 0x0000000717800000, 0x0000000718000000|  0%| F|  |TAMS 0x0000000717800000| PB 0x0000000717800000| Untracked 
|1072|0x0000000718000000, 0x0000000718000000, 0x0000000718800000|  0%| F|  |TAMS 0x0000000718000000| PB 0x0000000718000000| Untracked 
|1073|0x0000000718800000, 0x0000000718800000, 0x0000000719000000|  0%| F|  |TAMS 0x0000000718800000| PB 0x0000000718800000| Untracked 
|1074|0x0000000719000000, 0x0000000719000000, 0x0000000719800000|  0%| F|  |TAMS 0x0000000719000000| PB 0x0000000719000000| Untracked 
|1075|0x0000000719800000, 0x0000000719800000, 0x000000071a000000|  0%| F|  |TAMS 0x0000000719800000| PB 0x0000000719800000| Untracked 
|1076|0x000000071a000000, 0x000000071a000000, 0x000000071a800000|  0%| F|  |TAMS 0x000000071a000000| PB 0x000000071a000000| Untracked 
|1077|0x000000071a800000, 0x000000071a800000, 0x000000071b000000|  0%| F|  |TAMS 0x000000071a800000| PB 0x000000071a800000| Untracked 
|1078|0x000000071b000000, 0x000000071b000000, 0x000000071b800000|  0%| F|  |TAMS 0x000000071b000000| PB 0x000000071b000000| Untracked 
|1079|0x000000071b800000, 0x000000071b800000, 0x000000071c000000|  0%| F|  |TAMS 0x000000071b800000| PB 0x000000071b800000| Untracked 
|1080|0x000000071c000000, 0x000000071c000000, 0x000000071c800000|  0%| F|  |TAMS 0x000000071c000000| PB 0x000000071c000000| Untracked 
|1081|0x000000071c800000, 0x000000071c800000, 0x000000071d000000|  0%| F|  |TAMS 0x000000071c800000| PB 0x000000071c800000| Untracked 
|1082|0x000000071d000000, 0x000000071d000000, 0x000000071d800000|  0%| F|  |TAMS 0x000000071d000000| PB 0x000000071d000000| Untracked 
|1083|0x000000071d800000, 0x000000071d800000, 0x000000071e000000|  0%| F|  |TAMS 0x000000071d800000| PB 0x000000071d800000| Untracked 
|1084|0x000000071e000000, 0x000000071e000000, 0x000000071e800000|  0%| F|  |TAMS 0x000000071e000000| PB 0x000000071e000000| Untracked 
|1085|0x000000071e800000, 0x000000071e800000, 0x000000071f000000|  0%| F|  |TAMS 0x000000071e800000| PB 0x000000071e800000| Untracked 
|1086|0x000000071f000000, 0x000000071f000000, 0x000000071f800000|  0%| F|  |TAMS 0x000000071f000000| PB 0x000000071f000000| Untracked 
|1087|0x000000071f800000, 0x000000071f800000, 0x0000000720000000|  0%| F|  |TAMS 0x000000071f800000| PB 0x000000071f800000| Untracked 
|1088|0x0000000720000000, 0x0000000720000000, 0x0000000720800000|  0%| F|  |TAMS 0x0000000720000000| PB 0x0000000720000000| Untracked 
|1089|0x0000000720800000, 0x0000000720800000, 0x0000000721000000|  0%| F|  |TAMS 0x0000000720800000| PB 0x0000000720800000| Untracked 
|1090|0x0000000721000000, 0x0000000721000000, 0x0000000721800000|  0%| F|  |TAMS 0x0000000721000000| PB 0x0000000721000000| Untracked 
|1091|0x0000000721800000, 0x0000000721800000, 0x0000000722000000|  0%| F|  |TAMS 0x0000000721800000| PB 0x0000000721800000| Untracked 
|1092|0x0000000722000000, 0x0000000722000000, 0x0000000722800000|  0%| F|  |TAMS 0x0000000722000000| PB 0x0000000722000000| Untracked 
|1093|0x0000000722800000, 0x0000000722800000, 0x0000000723000000|  0%| F|  |TAMS 0x0000000722800000| PB 0x0000000722800000| Untracked 
|1094|0x0000000723000000, 0x0000000723000000, 0x0000000723800000|  0%| F|  |TAMS 0x0000000723000000| PB 0x0000000723000000| Untracked 
|1095|0x0000000723800000, 0x0000000723800000, 0x0000000724000000|  0%| F|  |TAMS 0x0000000723800000| PB 0x0000000723800000| Untracked 
|1096|0x0000000724000000, 0x0000000724000000, 0x0000000724800000|  0%| F|  |TAMS 0x0000000724000000| PB 0x0000000724000000| Untracked 
|1097|0x0000000724800000, 0x0000000724800000, 0x0000000725000000|  0%| F|  |TAMS 0x0000000724800000| PB 0x0000000724800000| Untracked 
|1098|0x0000000725000000, 0x0000000725000000, 0x0000000725800000|  0%| F|  |TAMS 0x0000000725000000| PB 0x0000000725000000| Untracked 
|1099|0x0000000725800000, 0x0000000725800000, 0x0000000726000000|  0%| F|  |TAMS 0x0000000725800000| PB 0x0000000725800000| Untracked 
|1100|0x0000000726000000, 0x0000000726000000, 0x0000000726800000|  0%| F|  |TAMS 0x0000000726000000| PB 0x0000000726000000| Untracked 
|1101|0x0000000726800000, 0x0000000726800000, 0x0000000727000000|  0%| F|  |TAMS 0x0000000726800000| PB 0x0000000726800000| Untracked 
|1102|0x0000000727000000, 0x0000000727000000, 0x0000000727800000|  0%| F|  |TAMS 0x0000000727000000| PB 0x0000000727000000| Untracked 
|1103|0x0000000727800000, 0x0000000727800000, 0x0000000728000000|  0%| F|  |TAMS 0x0000000727800000| PB 0x0000000727800000| Untracked 
|1104|0x0000000728000000, 0x0000000728000000, 0x0000000728800000|  0%| F|  |TAMS 0x0000000728000000| PB 0x0000000728000000| Untracked 
|1105|0x0000000728800000, 0x0000000728800000, 0x0000000729000000|  0%| F|  |TAMS 0x0000000728800000| PB 0x0000000728800000| Untracked 
|1106|0x0000000729000000, 0x0000000729000000, 0x0000000729800000|  0%| F|  |TAMS 0x0000000729000000| PB 0x0000000729000000| Untracked 
|1107|0x0000000729800000, 0x0000000729800000, 0x000000072a000000|  0%| F|  |TAMS 0x0000000729800000| PB 0x0000000729800000| Untracked 
|1108|0x000000072a000000, 0x000000072a000000, 0x000000072a800000|  0%| F|  |TAMS 0x000000072a000000| PB 0x000000072a000000| Untracked 
|1109|0x000000072a800000, 0x000000072a800000, 0x000000072b000000|  0%| F|  |TAMS 0x000000072a800000| PB 0x000000072a800000| Untracked 
|1110|0x000000072b000000, 0x000000072b000000, 0x000000072b800000|  0%| F|  |TAMS 0x000000072b000000| PB 0x000000072b000000| Untracked 
|1111|0x000000072b800000, 0x000000072b800000, 0x000000072c000000|  0%| F|  |TAMS 0x000000072b800000| PB 0x000000072b800000| Untracked 
|1112|0x000000072c000000, 0x000000072c000000, 0x000000072c800000|  0%| F|  |TAMS 0x000000072c000000| PB 0x000000072c000000| Untracked 
|1113|0x000000072c800000, 0x000000072c800000, 0x000000072d000000|  0%| F|  |TAMS 0x000000072c800000| PB 0x000000072c800000| Untracked 
|1114|0x000000072d000000, 0x000000072d000000, 0x000000072d800000|  0%| F|  |TAMS 0x000000072d000000| PB 0x000000072d000000| Untracked 
|1115|0x000000072d800000, 0x000000072d800000, 0x000000072e000000|  0%| F|  |TAMS 0x000000072d800000| PB 0x000000072d800000| Untracked 
|1116|0x000000072e000000, 0x000000072e000000, 0x000000072e800000|  0%| F|  |TAMS 0x000000072e000000| PB 0x000000072e000000| Untracked 
|1117|0x000000072e800000, 0x000000072e800000, 0x000000072f000000|  0%| F|  |TAMS 0x000000072e800000| PB 0x000000072e800000| Untracked 
|1118|0x000000072f000000, 0x000000072f000000, 0x000000072f800000|  0%| F|  |TAMS 0x000000072f000000| PB 0x000000072f000000| Untracked 
|1119|0x000000072f800000, 0x000000072f800000, 0x0000000730000000|  0%| F|  |TAMS 0x000000072f800000| PB 0x000000072f800000| Untracked 
|1120|0x0000000730000000, 0x0000000730000000, 0x0000000730800000|  0%| F|  |TAMS 0x0000000730000000| PB 0x0000000730000000| Untracked 
|1121|0x0000000730800000, 0x0000000730800000, 0x0000000731000000|  0%| F|  |TAMS 0x0000000730800000| PB 0x0000000730800000| Untracked 
|1122|0x0000000731000000, 0x0000000731000000, 0x0000000731800000|  0%| F|  |TAMS 0x0000000731000000| PB 0x0000000731000000| Untracked 
|1123|0x0000000731800000, 0x0000000731800000, 0x0000000732000000|  0%| F|  |TAMS 0x0000000731800000| PB 0x0000000731800000| Untracked 
|1124|0x0000000732000000, 0x0000000732000000, 0x0000000732800000|  0%| F|  |TAMS 0x0000000732000000| PB 0x0000000732000000| Untracked 
|1125|0x0000000732800000, 0x0000000732800000, 0x0000000733000000|  0%| F|  |TAMS 0x0000000732800000| PB 0x0000000732800000| Untracked 
|1126|0x0000000733000000, 0x0000000733000000, 0x0000000733800000|  0%| F|  |TAMS 0x0000000733000000| PB 0x0000000733000000| Untracked 
|1127|0x0000000733800000, 0x0000000733800000, 0x0000000734000000|  0%| F|  |TAMS 0x0000000733800000| PB 0x0000000733800000| Untracked 
|1128|0x0000000734000000, 0x0000000734000000, 0x0000000734800000|  0%| F|  |TAMS 0x0000000734000000| PB 0x0000000734000000| Untracked 
|1129|0x0000000734800000, 0x0000000734800000, 0x0000000735000000|  0%| F|  |TAMS 0x0000000734800000| PB 0x0000000734800000| Untracked 
|1130|0x0000000735000000, 0x0000000735000000, 0x0000000735800000|  0%| F|  |TAMS 0x0000000735000000| PB 0x0000000735000000| Untracked 
|1131|0x0000000735800000, 0x0000000735800000, 0x0000000736000000|  0%| F|  |TAMS 0x0000000735800000| PB 0x0000000735800000| Untracked 
|1132|0x0000000736000000, 0x0000000736000000, 0x0000000736800000|  0%| F|  |TAMS 0x0000000736000000| PB 0x0000000736000000| Untracked 
|1133|0x0000000736800000, 0x0000000736800000, 0x0000000737000000|  0%| F|  |TAMS 0x0000000736800000| PB 0x0000000736800000| Untracked 
|1134|0x0000000737000000, 0x0000000737000000, 0x0000000737800000|  0%| F|  |TAMS 0x0000000737000000| PB 0x0000000737000000| Untracked 
|1135|0x0000000737800000, 0x0000000737800000, 0x0000000738000000|  0%| F|  |TAMS 0x0000000737800000| PB 0x0000000737800000| Untracked 
|1136|0x0000000738000000, 0x0000000738000000, 0x0000000738800000|  0%| F|  |TAMS 0x0000000738000000| PB 0x0000000738000000| Untracked 
|1137|0x0000000738800000, 0x0000000738800000, 0x0000000739000000|  0%| F|  |TAMS 0x0000000738800000| PB 0x0000000738800000| Untracked 
|1138|0x0000000739000000, 0x0000000739000000, 0x0000000739800000|  0%| F|  |TAMS 0x0000000739000000| PB 0x0000000739000000| Untracked 
|1139|0x0000000739800000, 0x0000000739800000, 0x000000073a000000|  0%| F|  |TAMS 0x0000000739800000| PB 0x0000000739800000| Untracked 
|1140|0x000000073a000000, 0x000000073a000000, 0x000000073a800000|  0%| F|  |TAMS 0x000000073a000000| PB 0x000000073a000000| Untracked 
|1141|0x000000073a800000, 0x000000073a800000, 0x000000073b000000|  0%| F|  |TAMS 0x000000073a800000| PB 0x000000073a800000| Untracked 
|1142|0x000000073b000000, 0x000000073b000000, 0x000000073b800000|  0%| F|  |TAMS 0x000000073b000000| PB 0x000000073b000000| Untracked 
|1143|0x000000073b800000, 0x000000073b800000, 0x000000073c000000|  0%| F|  |TAMS 0x000000073b800000| PB 0x000000073b800000| Untracked 
|1144|0x000000073c000000, 0x000000073c000000, 0x000000073c800000|  0%| F|  |TAMS 0x000000073c000000| PB 0x000000073c000000| Untracked 
|1145|0x000000073c800000, 0x000000073c800000, 0x000000073d000000|  0%| F|  |TAMS 0x000000073c800000| PB 0x000000073c800000| Untracked 
|1146|0x000000073d000000, 0x000000073d000000, 0x000000073d800000|  0%| F|  |TAMS 0x000000073d000000| PB 0x000000073d000000| Untracked 
|1147|0x000000073d800000, 0x000000073d800000, 0x000000073e000000|  0%| F|  |TAMS 0x000000073d800000| PB 0x000000073d800000| Untracked 
|1148|0x000000073e000000, 0x000000073e000000, 0x000000073e800000|  0%| F|  |TAMS 0x000000073e000000| PB 0x000000073e000000| Untracked 
|1149|0x000000073e800000, 0x000000073e800000, 0x000000073f000000|  0%| F|  |TAMS 0x000000073e800000| PB 0x000000073e800000| Untracked 
|1150|0x000000073f000000, 0x000000073f000000, 0x000000073f800000|  0%| F|  |TAMS 0x000000073f000000| PB 0x000000073f000000| Untracked 
|1151|0x000000073f800000, 0x000000073f800000, 0x0000000740000000|  0%| F|  |TAMS 0x000000073f800000| PB 0x000000073f800000| Untracked 
|1152|0x0000000740000000, 0x0000000740000000, 0x0000000740800000|  0%| F|  |TAMS 0x0000000740000000| PB 0x0000000740000000| Untracked 
|1153|0x0000000740800000, 0x0000000740800000, 0x0000000741000000|  0%| F|  |TAMS 0x0000000740800000| PB 0x0000000740800000| Untracked 
|1154|0x0000000741000000, 0x0000000741000000, 0x0000000741800000|  0%| F|  |TAMS 0x0000000741000000| PB 0x0000000741000000| Untracked 
|1155|0x0000000741800000, 0x0000000741800000, 0x0000000742000000|  0%| F|  |TAMS 0x0000000741800000| PB 0x0000000741800000| Untracked 
|1156|0x0000000742000000, 0x0000000742000000, 0x0000000742800000|  0%| F|  |TAMS 0x0000000742000000| PB 0x0000000742000000| Untracked 
|1157|0x0000000742800000, 0x0000000742800000, 0x0000000743000000|  0%| F|  |TAMS 0x0000000742800000| PB 0x0000000742800000| Untracked 
|1158|0x0000000743000000, 0x0000000743000000, 0x0000000743800000|  0%| F|  |TAMS 0x0000000743000000| PB 0x0000000743000000| Untracked 
|1159|0x0000000743800000, 0x0000000743800000, 0x0000000744000000|  0%| F|  |TAMS 0x0000000743800000| PB 0x0000000743800000| Untracked 
|1160|0x0000000744000000, 0x0000000744000000, 0x0000000744800000|  0%| F|  |TAMS 0x0000000744000000| PB 0x0000000744000000| Untracked 
|1161|0x0000000744800000, 0x0000000744800000, 0x0000000745000000|  0%| F|  |TAMS 0x0000000744800000| PB 0x0000000744800000| Untracked 
|1162|0x0000000745000000, 0x0000000745000000, 0x0000000745800000|  0%| F|  |TAMS 0x0000000745000000| PB 0x0000000745000000| Untracked 
|1163|0x0000000745800000, 0x0000000745800000, 0x0000000746000000|  0%| F|  |TAMS 0x0000000745800000| PB 0x0000000745800000| Untracked 
|1164|0x0000000746000000, 0x0000000746000000, 0x0000000746800000|  0%| F|  |TAMS 0x0000000746000000| PB 0x0000000746000000| Untracked 
|1165|0x0000000746800000, 0x0000000746800000, 0x0000000747000000|  0%| F|  |TAMS 0x0000000746800000| PB 0x0000000746800000| Untracked 
|1166|0x0000000747000000, 0x0000000747000000, 0x0000000747800000|  0%| F|  |TAMS 0x0000000747000000| PB 0x0000000747000000| Untracked 
|1167|0x0000000747800000, 0x0000000747800000, 0x0000000748000000|  0%| F|  |TAMS 0x0000000747800000| PB 0x0000000747800000| Untracked 
|1168|0x0000000748000000, 0x0000000748000000, 0x0000000748800000|  0%| F|  |TAMS 0x0000000748000000| PB 0x0000000748000000| Untracked 
|1169|0x0000000748800000, 0x0000000748800000, 0x0000000749000000|  0%| F|  |TAMS 0x0000000748800000| PB 0x0000000748800000| Untracked 
|1170|0x0000000749000000, 0x0000000749000000, 0x0000000749800000|  0%| F|  |TAMS 0x0000000749000000| PB 0x0000000749000000| Untracked 
|1171|0x0000000749800000, 0x0000000749800000, 0x000000074a000000|  0%| F|  |TAMS 0x0000000749800000| PB 0x0000000749800000| Untracked 
|1172|0x000000074a000000, 0x000000074a000000, 0x000000074a800000|  0%| F|  |TAMS 0x000000074a000000| PB 0x000000074a000000| Untracked 
|1173|0x000000074a800000, 0x000000074a800000, 0x000000074b000000|  0%| F|  |TAMS 0x000000074a800000| PB 0x000000074a800000| Untracked 
|1174|0x000000074b000000, 0x000000074b000000, 0x000000074b800000|  0%| F|  |TAMS 0x000000074b000000| PB 0x000000074b000000| Untracked 
|1175|0x000000074b800000, 0x000000074b800000, 0x000000074c000000|  0%| F|  |TAMS 0x000000074b800000| PB 0x000000074b800000| Untracked 
|1176|0x000000074c000000, 0x000000074c000000, 0x000000074c800000|  0%| F|  |TAMS 0x000000074c000000| PB 0x000000074c000000| Untracked 
|1177|0x000000074c800000, 0x000000074c800000, 0x000000074d000000|  0%| F|  |TAMS 0x000000074c800000| PB 0x000000074c800000| Untracked 
|1178|0x000000074d000000, 0x000000074d000000, 0x000000074d800000|  0%| F|  |TAMS 0x000000074d000000| PB 0x000000074d000000| Untracked 
|1179|0x000000074d800000, 0x000000074d800000, 0x000000074e000000|  0%| F|  |TAMS 0x000000074d800000| PB 0x000000074d800000| Untracked 
|1395|0x00000007b9800000, 0x00000007b9800000, 0x00000007ba000000|  0%| F|  |TAMS 0x00000007b9800000| PB 0x00000007b9800000| Untracked 
|1396|0x00000007ba000000, 0x00000007ba000000, 0x00000007ba800000|  0%| F|  |TAMS 0x00000007ba000000| PB 0x00000007ba000000| Untracked 
|1397|0x00000007ba800000, 0x00000007ba800000, 0x00000007bb000000|  0%| F|  |TAMS 0x00000007ba800000| PB 0x00000007ba800000| Untracked 
|1404|0x00000007be000000, 0x00000007be000000, 0x00000007be800000|  0%| F|  |TAMS 0x00000007be000000| PB 0x00000007be000000| Untracked 
|1405|0x00000007be800000, 0x00000007be800000, 0x00000007bf000000|  0%| F|  |TAMS 0x00000007be800000| PB 0x00000007be800000| Untracked 
|1406|0x00000007bf000000, 0x00000007bf6a5d90, 0x00000007bf800000| 83%| S|CS|TAMS 0x00000007bf000000| PB 0x00000007bf000000| Complete 
|1407|0x00000007bf800000, 0x00000007c0000000, 0x00000007c0000000|100%| S|CS|TAMS 0x00000007bf800000| PB 0x00000007bf800000| Complete 
|1408|0x00000007c0000000, 0x00000007c0800000, 0x00000007c0800000|100%| S|CS|TAMS 0x00000007c0000000| PB 0x00000007c0000000| Complete 
|1409|0x00000007c0800000, 0x00000007c1000000, 0x00000007c1000000|100%| S|CS|TAMS 0x00000007c0800000| PB 0x00000007c0800000| Complete 
|1410|0x00000007c1000000, 0x00000007c1800000, 0x00000007c1800000|100%| S|CS|TAMS 0x00000007c1000000| PB 0x00000007c1000000| Complete 
|1411|0x00000007c1800000, 0x00000007c2000000, 0x00000007c2000000|100%| S|CS|TAMS 0x00000007c1800000| PB 0x00000007c1800000| Complete 
|1412|0x00000007c2000000, 0x00000007c2000000, 0x00000007c2800000|  0%| F|  |TAMS 0x00000007c2000000| PB 0x00000007c2000000| Untracked 
|1413|0x00000007c2800000, 0x00000007c2800000, 0x00000007c3000000|  0%| F|  |TAMS 0x00000007c2800000| PB 0x00000007c2800000| Untracked 
|1414|0x00000007c3000000, 0x00000007c3000000, 0x00000007c3800000|  0%| F|  |TAMS 0x00000007c3000000| PB 0x00000007c3000000| Untracked 
|1415|0x00000007c3800000, 0x00000007c3800000, 0x00000007c4000000|  0%| F|  |TAMS 0x00000007c3800000| PB 0x00000007c3800000| Untracked 
|1416|0x00000007c4000000, 0x00000007c4000000, 0x00000007c4800000|  0%| F|  |TAMS 0x00000007c4000000| PB 0x00000007c4000000| Untracked 
|1417|0x00000007c4800000, 0x00000007c4800000, 0x00000007c5000000|  0%| F|  |TAMS 0x00000007c4800000| PB 0x00000007c4800000| Untracked 
|1418|0x00000007c5000000, 0x00000007c5000000, 0x00000007c5800000|  0%| F|  |TAMS 0x00000007c5000000| PB 0x00000007c5000000| Untracked 
|1419|0x00000007c5800000, 0x00000007c5800000, 0x00000007c6000000|  0%| F|  |TAMS 0x00000007c5800000| PB 0x00000007c5800000| Untracked 
|1420|0x00000007c6000000, 0x00000007c6000000, 0x00000007c6800000|  0%| F|  |TAMS 0x00000007c6000000| PB 0x00000007c6000000| Untracked 
|1421|0x00000007c6800000, 0x00000007c6800000, 0x00000007c7000000|  0%| F|  |TAMS 0x00000007c6800000| PB 0x00000007c6800000| Untracked 
|1422|0x00000007c7000000, 0x00000007c7000000, 0x00000007c7800000|  0%| F|  |TAMS 0x00000007c7000000| PB 0x00000007c7000000| Untracked 
|1423|0x00000007c7800000, 0x00000007c7800000, 0x00000007c8000000|  0%| F|  |TAMS 0x00000007c7800000| PB 0x00000007c7800000| Untracked 
|1424|0x00000007c8000000, 0x00000007c8000000, 0x00000007c8800000|  0%| F|  |TAMS 0x00000007c8000000| PB 0x00000007c8000000| Untracked 
|1425|0x00000007c8800000, 0x00000007c8800000, 0x00000007c9000000|  0%| F|  |TAMS 0x00000007c8800000| PB 0x00000007c8800000| Untracked 
|1426|0x00000007c9000000, 0x00000007c9000000, 0x00000007c9800000|  0%| F|  |TAMS 0x00000007c9000000| PB 0x00000007c9000000| Untracked 
|1427|0x00000007c9800000, 0x00000007c9800000, 0x00000007ca000000|  0%| F|  |TAMS 0x00000007c9800000| PB 0x00000007c9800000| Untracked 
|1428|0x00000007ca000000, 0x00000007ca000000, 0x00000007ca800000|  0%| F|  |TAMS 0x00000007ca000000| PB 0x00000007ca000000| Untracked 
|1429|0x00000007ca800000, 0x00000007ca800000, 0x00000007cb000000|  0%| F|  |TAMS 0x00000007ca800000| PB 0x00000007ca800000| Untracked 
|1430|0x00000007cb000000, 0x00000007cb000000, 0x00000007cb800000|  0%| F|  |TAMS 0x00000007cb000000| PB 0x00000007cb000000| Untracked 
|1431|0x00000007cb800000, 0x00000007cb800000, 0x00000007cc000000|  0%| F|  |TAMS 0x00000007cb800000| PB 0x00000007cb800000| Untracked 
|1432|0x00000007cc000000, 0x00000007cc000000, 0x00000007cc800000|  0%| F|  |TAMS 0x00000007cc000000| PB 0x00000007cc000000| Untracked 
|1433|0x00000007cc800000, 0x00000007cc800000, 0x00000007cd000000|  0%| F|  |TAMS 0x00000007cc800000| PB 0x00000007cc800000| Untracked 
|1434|0x00000007cd000000, 0x00000007cd000000, 0x00000007cd800000|  0%| F|  |TAMS 0x00000007cd000000| PB 0x00000007cd000000| Untracked 
|1435|0x00000007cd800000, 0x00000007cd800000, 0x00000007ce000000|  0%| F|  |TAMS 0x00000007cd800000| PB 0x00000007cd800000| Untracked 
|1436|0x00000007ce000000, 0x00000007ce000000, 0x00000007ce800000|  0%| F|  |TAMS 0x00000007ce000000| PB 0x00000007ce000000| Untracked 
|1437|0x00000007ce800000, 0x00000007ce800000, 0x00000007cf000000|  0%| F|  |TAMS 0x00000007ce800000| PB 0x00000007ce800000| Untracked 
|1438|0x00000007cf000000, 0x00000007cf000000, 0x00000007cf800000|  0%| F|  |TAMS 0x00000007cf000000| PB 0x00000007cf000000| Untracked 
|1439|0x00000007cf800000, 0x00000007cf800000, 0x00000007d0000000|  0%| F|  |TAMS 0x00000007cf800000| PB 0x00000007cf800000| Untracked 
|1440|0x00000007d0000000, 0x00000007d0000000, 0x00000007d0800000|  0%| F|  |TAMS 0x00000007d0000000| PB 0x00000007d0000000| Untracked 
|1441|0x00000007d0800000, 0x00000007d0800000, 0x00000007d1000000|  0%| F|  |TAMS 0x00000007d0800000| PB 0x00000007d0800000| Untracked 
|1442|0x00000007d1000000, 0x00000007d1000000, 0x00000007d1800000|  0%| F|  |TAMS 0x00000007d1000000| PB 0x00000007d1000000| Untracked 
|1443|0x00000007d1800000, 0x00000007d1800000, 0x00000007d2000000|  0%| F|  |TAMS 0x00000007d1800000| PB 0x00000007d1800000| Untracked 
|1444|0x00000007d2000000, 0x00000007d2000000, 0x00000007d2800000|  0%| F|  |TAMS 0x00000007d2000000| PB 0x00000007d2000000| Untracked 
|1445|0x00000007d2800000, 0x00000007d2800000, 0x00000007d3000000|  0%| F|  |TAMS 0x00000007d2800000| PB 0x00000007d2800000| Untracked 
|1446|0x00000007d3000000, 0x00000007d3000000, 0x00000007d3800000|  0%| F|  |TAMS 0x00000007d3000000| PB 0x00000007d3000000| Untracked 
|1447|0x00000007d3800000, 0x00000007d3800000, 0x00000007d4000000|  0%| F|  |TAMS 0x00000007d3800000| PB 0x00000007d3800000| Untracked 
|1448|0x00000007d4000000, 0x00000007d4000000, 0x00000007d4800000|  0%| F|  |TAMS 0x00000007d4000000| PB 0x00000007d4000000| Untracked 
|1449|0x00000007d4800000, 0x00000007d4800000, 0x00000007d5000000|  0%| F|  |TAMS 0x00000007d4800000| PB 0x00000007d4800000| Untracked 
|1450|0x00000007d5000000, 0x00000007d5000000, 0x00000007d5800000|  0%| F|  |TAMS 0x00000007d5000000| PB 0x00000007d5000000| Untracked 
|1451|0x00000007d5800000, 0x00000007d5800000, 0x00000007d6000000|  0%| F|  |TAMS 0x00000007d5800000| PB 0x00000007d5800000| Untracked 
|1452|0x00000007d6000000, 0x00000007d6000000, 0x00000007d6800000|  0%| F|  |TAMS 0x00000007d6000000| PB 0x00000007d6000000| Untracked 
|1453|0x00000007d6800000, 0x00000007d6800000, 0x00000007d7000000|  0%| F|  |TAMS 0x00000007d6800000| PB 0x00000007d6800000| Untracked 
|1454|0x00000007d7000000, 0x00000007d7000000, 0x00000007d7800000|  0%| F|  |TAMS 0x00000007d7000000| PB 0x00000007d7000000| Untracked 
|1455|0x00000007d7800000, 0x00000007d7800000, 0x00000007d8000000|  0%| F|  |TAMS 0x00000007d7800000| PB 0x00000007d7800000| Untracked 
|1456|0x00000007d8000000, 0x00000007d8000000, 0x00000007d8800000|  0%| F|  |TAMS 0x00000007d8000000| PB 0x00000007d8000000| Untracked 
|1457|0x00000007d8800000, 0x00000007d8800000, 0x00000007d9000000|  0%| F|  |TAMS 0x00000007d8800000| PB 0x00000007d8800000| Untracked 
|1458|0x00000007d9000000, 0x00000007d9000000, 0x00000007d9800000|  0%| F|  |TAMS 0x00000007d9000000| PB 0x00000007d9000000| Untracked 
|1459|0x00000007d9800000, 0x00000007d9800000, 0x00000007da000000|  0%| F|  |TAMS 0x00000007d9800000| PB 0x00000007d9800000| Untracked 
|1460|0x00000007da000000, 0x00000007da000000, 0x00000007da800000|  0%| F|  |TAMS 0x00000007da000000| PB 0x00000007da000000| Untracked 
|1461|0x00000007da800000, 0x00000007da800000, 0x00000007db000000|  0%| F|  |TAMS 0x00000007da800000| PB 0x00000007da800000| Untracked 
|1529|0x00000007fc800000, 0x00000007fc800000, 0x00000007fd000000|  0%| F|  |TAMS 0x00000007fc800000| PB 0x00000007fc800000| Untracked 
|1530|0x00000007fd000000, 0x00000007fd000000, 0x00000007fd800000|  0%| F|  |TAMS 0x00000007fd000000| PB 0x00000007fd000000| Untracked 
|1531|0x00000007fd800000, 0x00000007fd800000, 0x00000007fe000000|  0%| F|  |TAMS 0x00000007fd800000| PB 0x00000007fd800000| Untracked 
|1532|0x00000007fe000000, 0x00000007fe800000, 0x00000007fe800000|100%| O|  |TAMS 0x00000007fe000000| PB 0x00000007fe000000| Untracked 
|1533|0x00000007fe800000, 0x00000007fe800000, 0x00000007ff000000|  0%| F|  |TAMS 0x00000007fe800000| PB 0x00000007fe800000| Untracked 
|1534|0x00000007ff000000, 0x00000007ff000000, 0x00000007ff800000|  0%| F|  |TAMS 0x00000007ff000000| PB 0x00000007ff000000| Untracked 
|1535|0x00000007ff800000, 0x00000007ff800000, 0x0000000800000000|  0%| F|  |TAMS 0x00000007ff800000| PB 0x00000007ff800000| Untracked 

Card table byte_map: [0x000001a323b10000,0x000001a325310000] _byte_map_base: 0x000001a321310000

Marking Bits: (CMBitMap*) 0x000001a331341340
 Bits: [0x000001a325310000, 0x000001a331310000)

Polling page: 0x000001a307520000

Metaspace:

Usage:
  Non-class:    168.91 MB used.
      Class:     24.11 MB used.
       Both:    193.01 MB used.

Virtual space:
  Non-class space:      192.00 MB reserved,     171.38 MB ( 89%) committed,  3 nodes.
      Class space:        1.00 GB reserved,      26.81 MB (  3%) committed,  1 nodes.
             Both:        1.19 GB reserved,     198.19 MB ( 16%) committed. 

Chunk freelists:
   Non-Class:  20.55 MB
       Class:  5.22 MB
        Both:  25.77 MB

MaxMetaspaceSize: unlimited
CompressedClassSpaceSize: 1.00 GB
Initial GC threshold: 21.00 MB
Current GC threshold: 310.12 MB
CDS: on
 - commit_granule_bytes: 65536.
 - commit_granule_words: 8192.
 - virtual_space_node_default_size: 8388608.
 - enlarge_chunks_in_place: 1.
 - use_allocation_guard: 0.


Internal statistics:

num_allocs_failed_limit: 15.
num_arena_births: 10026.
num_arena_deaths: 1034.
num_vsnodes_births: 4.
num_vsnodes_deaths: 0.
num_space_committed: 4245.
num_space_uncommitted: 170.
num_chunks_returned_to_freelist: 4546.
num_chunks_taken_from_freelist: 25144.
num_chunk_merges: 1752.
num_chunk_splits: 15859.
num_chunks_enlarged: 9430.
num_inconsistent_stats: 0.

CodeHeap 'non-profiled nmethods': size=120000Kb used=42820Kb max_used=53070Kb free=77179Kb
 bounds [0x000001a31aab0000, 0x000001a31de90000, 0x000001a321fe0000]
CodeHeap 'profiled nmethods': size=120000Kb used=48796Kb max_used=59755Kb free=71203Kb
 bounds [0x000001a312fe0000, 0x000001a316a40000, 0x000001a31a510000]
CodeHeap 'non-nmethods': size=5760Kb used=3515Kb max_used=3610Kb free=2244Kb
 bounds [0x000001a31a510000, 0x000001a31a8b0000, 0x000001a31aab0000]
 total_blobs=25940 nmethods=24753 adapters=1088
 compilation: enabled
              stopped_count=0, restarted_count=0
 full_count=0

Compilation events (20 events):
Event: 22317.664 Thread 0x000001a3314bfe00 63984 % !   3       nonapi.io.github.classgraph.concurrency.WorkQueue::runWorkLoop @ 0 (126 bytes)
Event: 22317.883 Thread 0x000001a3314bfe00 nmethod 63984% 0x000001a315159010 code [0x000001a3151592e0, 0x000001a31515a140]
Event: 22317.883 Thread 0x000001a3314bfe00 63985 %     3       io.github.classgraph.Classfile::readMethods @ 1324 (1551 bytes)
Event: 22317.884 Thread 0x000001a3314bf000 63986       4       io.github.classgraph.Classfile::getConstantPoolClassName (8 bytes)
Event: 22318.466 Thread 0x000001a3314bf000 nmethod 63986 0x000001a31c290390 code [0x000001a31c290580, 0x000001a31c2908e0]
Event: 22318.472 Thread 0x000001a3314bfe00 nmethod 63985% 0x000001a31619e010 code [0x000001a31619ed20, 0x000001a3161a7e58]
Event: 22318.472 Thread 0x000001a3314bfe00 63988       3       nonapi.io.github.classgraph.fileslice.reader.ClassfileReader::readLong (155 bytes)
Event: 22318.473 Thread 0x000001a3314bf000 63989       4       io.github.classgraph.Classfile::readMethods (1551 bytes)
Event: 22318.474 Thread 0x000001a3314bfe00 nmethod 63988 0x000001a31619d910 code [0x000001a31619dae0, 0x000001a31619de30]
Event: 22318.474 Thread 0x000001a3314bfe00 63987   !   3       nonapi.io.github.classgraph.concurrency.WorkQueue::runWorkLoop (126 bytes)
Event: 22318.480 Thread 0x000001a3314bfe00 nmethod 63987 0x000001a31619c310 code [0x000001a31619c5e0, 0x000001a31619d290]
Event: 22318.524 Thread 0x000001a3314bfe00 63990       3       io.github.classgraph.TypeArgument::parseList (78 bytes)
Event: 22318.533 Thread 0x000001a3314bfe00 nmethod 63990 0x000001a314829710 code [0x000001a314829aa0, 0x000001a31482b208]
Event: 22319.811 Thread 0x000001a3314bf000 nmethod 63989 0x000001a31d240a10 code [0x000001a31d2415a0, 0x000001a31d24d310]
Event: 22319.812 Thread 0x000001a3314bf000 63991       4       nonapi.io.github.classgraph.types.TypeUtils::getIdentifierToken (111 bytes)
Event: 22319.841 Thread 0x000001a3314bf000 nmethod 63991 0x000001a31da4a710 code [0x000001a31da4a980, 0x000001a31da4b3a8]
Event: 22319.841 Thread 0x000001a3314bf000 63992       4       io.github.classgraph.AnnotationInfoList::<init> (6 bytes)
Event: 22319.846 Thread 0x000001a3314bf000 nmethod 63992 0x000001a31c28fb90 code [0x000001a31c28fd20, 0x000001a31c2900d0]
Event: 22319.882 Thread 0x000001a3314bfe00 63993       3       io.github.classgraph.Classfile::cpReadLong (77 bytes)
Event: 22319.883 Thread 0x000001a3314bfe00 nmethod 63993 0x000001a315319190 code [0x000001a315319420, 0x000001a315319cc0]

GC Heap History (20 events):
Event: 22311.392 GC heap after
{Heap after GC invocations=729 (full 0):
 garbage-first heap   total 8069120K, used 1272672K [0x0000000500000000, 0x0000000800000000)
  region size 8192K, 7 young (57344K), 7 survivors (57344K)
 Metaspace       used 197643K, committed 202944K, reserved 1245184K
  class space    used 24685K, committed 27456K, reserved 1048576K
}
Event: 22312.118 GC heap before
{Heap before GC invocations=729 (full 0):
 garbage-first heap   total 8069120K, used 1608544K [0x0000000500000000, 0x0000000800000000)
  region size 8192K, 49 young (401408K), 7 survivors (57344K)
 Metaspace       used 197643K, committed 202944K, reserved 1245184K
  class space    used 24685K, committed 27456K, reserved 1048576K
}
Event: 22312.410 GC heap after
{Heap after GC invocations=730 (full 0):
 garbage-first heap   total 8069120K, used 1304020K [0x0000000500000000, 0x0000000800000000)
  region size 8192K, 5 young (40960K), 5 survivors (40960K)
 Metaspace       used 197643K, committed 202944K, reserved 1245184K
  class space    used 24685K, committed 27456K, reserved 1048576K
}
Event: 22313.192 GC heap before
{Heap before GC invocations=730 (full 0):
 garbage-first heap   total 8069120K, used 1656276K [0x0000000500000000, 0x0000000800000000)
  region size 8192K, 49 young (401408K), 5 survivors (40960K)
 Metaspace       used 197644K, committed 202944K, reserved 1245184K
  class space    used 24685K, committed 27456K, reserved 1048576K
}
Event: 22313.395 GC heap after
{Heap after GC invocations=731 (full 0):
 garbage-first heap   total 9265152K, used 1349469K [0x0000000500000000, 0x0000000800000000)
  region size 8192K, 6 young (49152K), 6 survivors (49152K)
 Metaspace       used 197644K, committed 202944K, reserved 1245184K
  class space    used 24685K, committed 27456K, reserved 1048576K
}
Event: 22314.435 GC heap before
{Heap before GC invocations=731 (full 0):
 garbage-first heap   total 9265152K, used 1750877K [0x0000000500000000, 0x0000000800000000)
  region size 8192K, 56 young (458752K), 6 survivors (49152K)
 Metaspace       used 197644K, committed 202944K, reserved 1245184K
  class space    used 24685K, committed 27456K, reserved 1048576K
}
Event: 22314.799 GC heap after
{Heap after GC invocations=732 (full 0):
 garbage-first heap   total 9265152K, used 1409003K [0x0000000500000000, 0x0000000800000000)
  region size 8192K, 7 young (57344K), 7 survivors (57344K)
 Metaspace       used 197644K, committed 202944K, reserved 1245184K
  class space    used 24685K, committed 27456K, reserved 1048576K
}
Event: 22315.402 GC heap before
{Heap before GC invocations=732 (full 0):
 garbage-first heap   total 9265152K, used 1802219K [0x0000000500000000, 0x0000000800000000)
  region size 8192K, 56 young (458752K), 7 survivors (57344K)
 Metaspace       used 197644K, committed 202944K, reserved 1245184K
  class space    used 24685K, committed 27456K, reserved 1048576K
}
Event: 22315.613 GC heap after
{Heap after GC invocations=733 (full 0):
 garbage-first heap   total 9265152K, used 1463201K [0x0000000500000000, 0x0000000800000000)
  region size 8192K, 7 young (57344K), 7 survivors (57344K)
 Metaspace       used 197644K, committed 202944K, reserved 1245184K
  class space    used 24685K, committed 27456K, reserved 1048576K
}
Event: 22316.067 GC heap before
{Heap before GC invocations=733 (full 0):
 garbage-first heap   total 9265152K, used 1856417K [0x0000000500000000, 0x0000000800000000)
  region size 8192K, 56 young (458752K), 7 survivors (57344K)
 Metaspace       used 197644K, committed 202944K, reserved 1245184K
  class space    used 24685K, committed 27456K, reserved 1048576K
}
Event: 22316.277 GC heap after
{Heap after GC invocations=734 (full 0):
 garbage-first heap   total 9265152K, used 1516570K [0x0000000500000000, 0x0000000800000000)
  region size 8192K, 7 young (57344K), 7 survivors (57344K)
 Metaspace       used 197644K, committed 202944K, reserved 1245184K
  class space    used 24685K, committed 27456K, reserved 1048576K
}
Event: 22316.827 GC heap before
{Heap before GC invocations=734 (full 0):
 garbage-first heap   total 9265152K, used 1917978K [0x0000000500000000, 0x0000000800000000)
  region size 8192K, 56 young (458752K), 7 survivors (57344K)
 Metaspace       used 197644K, committed 202944K, reserved 1245184K
  class space    used 24685K, committed 27456K, reserved 1048576K
}
Event: 22317.112 GC heap after
{Heap after GC invocations=735 (full 0):
 garbage-first heap   total 10223616K, used 1582256K [0x0000000500000000, 0x0000000800000000)
  region size 8192K, 7 young (57344K), 7 survivors (57344K)
 Metaspace       used 197644K, committed 202944K, reserved 1245184K
  class space    used 24685K, committed 27456K, reserved 1048576K
}
Event: 22317.964 GC heap before
{Heap before GC invocations=735 (full 0):
 garbage-first heap   total 10223616K, used 2032816K [0x0000000500000000, 0x0000000800000000)
  region size 8192K, 62 young (507904K), 7 survivors (57344K)
 Metaspace       used 197645K, committed 202944K, reserved 1245184K
  class space    used 24685K, committed 27456K, reserved 1048576K
}
Event: 22318.393 GC heap after
{Heap after GC invocations=736 (full 0):
 garbage-first heap   total 10223616K, used 1640667K [0x0000000500000000, 0x0000000800000000)
  region size 8192K, 7 young (57344K), 7 survivors (57344K)
 Metaspace       used 197645K, committed 202944K, reserved 1245184K
  class space    used 24685K, committed 27456K, reserved 1048576K
}
Event: 22319.419 GC heap before
{Heap before GC invocations=736 (full 0):
 garbage-first heap   total 10223616K, used 2091227K [0x0000000500000000, 0x0000000800000000)
  region size 8192K, 62 young (507904K), 7 survivors (57344K)
 Metaspace       used 197645K, committed 202944K, reserved 1245184K
  class space    used 24685K, committed 27456K, reserved 1048576K
}
Event: 22319.714 GC heap after
{Heap after GC invocations=737 (full 0):
 garbage-first heap   total 10223616K, used 1678518K [0x0000000500000000, 0x0000000800000000)
  region size 8192K, 5 young (40960K), 5 survivors (40960K)
 Metaspace       used 197645K, committed 202944K, reserved 1245184K
  class space    used 24685K, committed 27456K, reserved 1048576K
}
Event: 22320.393 GC heap before
{Heap before GC invocations=737 (full 0):
 garbage-first heap   total 10223616K, used 2137270K [0x0000000500000000, 0x0000000800000000)
  region size 8192K, 62 young (507904K), 5 survivors (40960K)
 Metaspace       used 197645K, committed 202944K, reserved 1245184K
  class space    used 24685K, committed 27456K, reserved 1048576K
}
Event: 22320.539 GC heap after
{Heap after GC invocations=738 (full 0):
 garbage-first heap   total 10223616K, used 1716836K [0x0000000500000000, 0x0000000800000000)
  region size 8192K, 6 young (49152K), 6 survivors (49152K)
 Metaspace       used 197645K, committed 202944K, reserved 1245184K
  class space    used 24685K, committed 27456K, reserved 1048576K
}
Event: 22321.139 GC heap before
{Heap before GC invocations=738 (full 0):
 garbage-first heap   total 10223616K, used 2175588K [0x0000000500000000, 0x0000000800000000)
  region size 8192K, 62 young (507904K), 6 survivors (49152K)
 Metaspace       used 197645K, committed 202944K, reserved 1245184K
  class space    used 24685K, committed 27456K, reserved 1048576K
}

Dll operation events (16 events):
Event: 0.034 Loaded shared library D:\jdks\21\jdk\bin\java.dll
Event: 0.056 Loaded shared library D:\jdks\21\jdk\bin\jsvml.dll
Event: 0.089 Loaded shared library D:\jdks\21\jdk\bin\zip.dll
Event: 0.092 Loaded shared library D:\jdks\21\jdk\bin\instrument.dll
Event: 0.094 Loaded shared library D:\jdks\21\jdk\bin\net.dll
Event: 0.095 Loaded shared library D:\jdks\21\jdk\bin\nio.dll
Event: 0.097 Loaded shared library D:\jdks\21\jdk\bin\zip.dll
Event: 0.231 Loaded shared library D:\jdks\21\jdk\bin\jimage.dll
Event: 0.297 Loaded shared library D:\jdks\21\jdk\bin\verify.dll
Event: 0.393 Loaded shared library C:\Users\Wilfred\.gradle\native\c067742578af261105cb4f569cf0c3c89f3d7b1fecec35dd04571415982c5e48\windows-amd64\native-platform.dll
Event: 0.411 Loaded shared library C:\Users\Wilfred\.gradle\native\100fb08df4bc3b14c8652ba06237920a3bd2aa13389f12d3474272988ae205f9\windows-amd64\native-platform-file-events.dll
Event: 1.319 Loaded shared library D:\jdks\21\jdk\bin\management.dll
Event: 1.321 Loaded shared library D:\jdks\21\jdk\bin\management_ext.dll
Event: 1.486 Loaded shared library D:\jdks\21\jdk\bin\extnet.dll
Event: 1.636 Loaded shared library D:\jdks\21\jdk\bin\sunmscapi.dll
Event: 7.424 Loaded shared library C:\Users\Wilfred\AppData\Local\Temp\jna--1282605787\jna17347476519384162173.dll

Deoptimization events (20 events):
Event: 22314.267 Thread 0x000001a383878420 DEOPT PACKING pc=0x000001a31482d2f1 sp=0x0000004bbcefe9a0
Event: 22314.267 Thread 0x000001a383878420 DEOPT UNPACKING pc=0x000001a31a5688e2 sp=0x0000004bbcefdec8 mode 0
Event: 22314.272 Thread 0x000001a3837b5e50 DEOPT PACKING pc=0x000001a315a6ff4e sp=0x0000004bbd6fef40
Event: 22314.273 Thread 0x000001a3837b5e50 DEOPT UNPACKING pc=0x000001a31a5688e2 sp=0x0000004bbd6fe6e8 mode 0
Event: 22314.280 Thread 0x000001a383879140 DEOPT PACKING pc=0x000001a315a6ff4e sp=0x0000004bbcffe950
Event: 22314.280 Thread 0x000001a383879140 DEOPT UNPACKING pc=0x000001a31a5688e2 sp=0x0000004bbcffe0f8 mode 0
Event: 22314.349 Thread 0x000001a3837b57c0 DEOPT PACKING pc=0x000001a315a6ff4e sp=0x0000004bbd5fe780
Event: 22314.350 Thread 0x000001a3837b57c0 DEOPT UNPACKING pc=0x000001a31a5688e2 sp=0x0000004bbd5fdf28 mode 0
Event: 22314.363 Thread 0x000001a383878420 DEOPT PACKING pc=0x000001a315a6ff4e sp=0x0000004bbcefeb00
Event: 22314.363 Thread 0x000001a383878420 DEOPT UNPACKING pc=0x000001a31a5688e2 sp=0x0000004bbcefe2a8 mode 0
Event: 22314.369 Thread 0x000001a383877700 DEOPT PACKING pc=0x000001a315a6ff4e sp=0x0000004bbc8feb10
Event: 22314.369 Thread 0x000001a383877700 DEOPT UNPACKING pc=0x000001a31a5688e2 sp=0x0000004bbc8fe2b8 mode 0
Event: 22314.390 Thread 0x000001a3832b7f20 DEOPT PACKING pc=0x000001a315a6ff4e sp=0x0000004bbd2feb70
Event: 22314.390 Thread 0x000001a3832b7f20 DEOPT UNPACKING pc=0x000001a31a5688e2 sp=0x0000004bbd2fe318 mode 0
Event: 22314.403 Thread 0x000001a3837b4aa0 DEOPT PACKING pc=0x000001a315a6ff4e sp=0x0000004bb49fec20
Event: 22314.403 Thread 0x000001a3837b4aa0 DEOPT UNPACKING pc=0x000001a31a5688e2 sp=0x0000004bb49fe3c8 mode 0
Event: 22317.819 Thread 0x000001a3832b85b0 Uncommon trap: trap_request=0xffffff45 fr.pc=0x000001a31d165184 relative=0x00000000000085e4
Event: 22317.819 Thread 0x000001a3832b85b0 Uncommon trap: reason=unstable_if action=reinterpret pc=0x000001a31d165184 method=io.github.classgraph.Classfile.readMethods()V @ 831 c2
Event: 22317.820 Thread 0x000001a3832b85b0 DEOPT PACKING pc=0x000001a31d165184 sp=0x0000004bbd1fec80
Event: 22317.821 Thread 0x000001a3832b85b0 DEOPT UNPACKING pc=0x000001a31a567da2 sp=0x0000004bbd1fec78 mode 2

Classes loaded (20 events):
Event: 2969.062 Loading class java/io/ObjectInputStream$ValidationList
Event: 2969.063 Loading class java/io/ObjectInputStream$ValidationList done
Event: 2969.063 Loading class java/io/ObjectInputFilter$Config
Event: 2969.065 Loading class java/io/ObjectInputFilter$Config done
Event: 2969.065 Loading class java/io/ObjectInputFilter
Event: 2969.066 Loading class java/io/ObjectInputFilter done
Event: 2969.073 Loading class java/io/ObjectInputFilter$Config$BuiltinFilterFactory
Event: 2969.074 Loading class java/io/ObjectInputFilter$Config$BuiltinFilterFactory done
Event: 2969.074 Loading class jdk/internal/access/JavaObjectInputFilterAccess
Event: 2969.074 Loading class jdk/internal/access/JavaObjectInputFilterAccess done
Event: 2969.077 Loading class jdk/internal/event/DeserializationEvent
Event: 2969.078 Loading class jdk/internal/event/DeserializationEvent done
Event: 2969.084 Loading class java/io/ObjectInputStream$FieldValues
Event: 2969.087 Loading class java/io/ObjectInputStream$GetField
Event: 2969.087 Loading class java/io/ObjectInputStream$GetField done
Event: 2969.087 Loading class java/io/ObjectInputStream$FieldValues done
Event: 2969.790 Loading class java/util/HashMap$UnsafeHolder
Event: 2969.790 Loading class java/util/HashMap$UnsafeHolder done
Event: 2969.815 Loading class java/util/PriorityQueue
Event: 2969.819 Loading class java/util/PriorityQueue done

Classes unloaded (20 events):
Event: 8917.343 Thread 0x000001a33149d790 Unloading class 0x000001a3368abc80 'com/fasterxml/jackson/core/ObjectCodec'
Event: 8917.343 Thread 0x000001a33149d790 Unloading class 0x000001a3368aba50 'com/fasterxml/jackson/core/TreeCodec'
Event: 8917.343 Thread 0x000001a33149d790 Unloading class 0x000001a3368ab768 'io/swagger/v3/core/util/DeserializationModule31'
Event: 8917.343 Thread 0x000001a33149d790 Unloading class 0x000001a3368ab480 'io/swagger/v3/core/util/ObjectMapperFactory$2'
Event: 8917.343 Thread 0x000001a33149d790 Unloading class 0x000001a3368ab198 'io/swagger/v3/core/util/ObjectMapperFactory$1'
Event: 8917.343 Thread 0x000001a33149d790 Unloading class 0x000001a3368aab90 'com/fasterxml/jackson/dataformat/yaml/YAMLFactory'
Event: 8917.343 Thread 0x000001a33149d790 Unloading class 0x000001a3368aa660 'com/fasterxml/jackson/core/JsonFactory'
Event: 8917.343 Thread 0x000001a33149d790 Unloading class 0x000001a3368aa2e8 'com/fasterxml/jackson/core/TokenStreamFactory'
Event: 8917.343 Thread 0x000001a33149d790 Unloading class 0x000001a3368aa000 'com/fasterxml/jackson/datatype/jsr310/JavaTimeModule'
Event: 8917.344 Thread 0x000001a33149d790 Unloading class 0x000001a3368a9b00 'io/swagger/v3/core/util/DeserializationModule'
Event: 8917.344 Thread 0x000001a33149d790 Unloading class 0x000001a3368a9818 'com/fasterxml/jackson/databind/module/SimpleModule'
Event: 8917.344 Thread 0x000001a33149d790 Unloading class 0x000001a3368a95e0 'com/fasterxml/jackson/databind/Module'
Event: 8917.344 Thread 0x000001a33149d790 Unloading class 0x000001a3368a93f0 'com/fasterxml/jackson/core/Versioned'
Event: 8917.344 Thread 0x000001a33149d790 Unloading class 0x000001a3368a91f8 'io/swagger/v3/core/util/ObjectMapperFactory'
Event: 8917.344 Thread 0x000001a33149d790 Unloading class 0x000001a3368a9000 'io/swagger/v3/core/util/Json'
Event: 8917.344 Thread 0x000001a33149d790 Unloading class 0x000001a3368a85f0 'org/apache/commons/lang3/StringUtils'
Event: 8917.344 Thread 0x000001a33149d790 Unloading class 0x000001a3368a8400 'com/fasterxml/jackson/core/PrettyPrinter'
Event: 8917.344 Thread 0x000001a33149d790 Unloading class 0x000001a3368a8d88 'io/swagger/v3/oas/integration/api/OpenAPIConfiguration'
Event: 8917.344 Thread 0x000001a33149d790 Unloading class 0x000001a3368a8b38 'io/swagger/v3/oas/integration/OpenApiConfigurationException'
Event: 8917.344 Thread 0x000001a33149d790 Unloading class 0x000001a3368a8800 'io/swagger/v3/jaxrs2/integration/SwaggerLoader'

Classes redefined (0 events):
No events

Internal exceptions (20 events):
Event: 22303.329 Thread 0x000001a383878420 Exception <a 'sun/nio/fs/WindowsException'{0x00000007c81bdb00}> (0x00000007c81bdb00) 
thrown [s\src\hotspot\share\prims\jni.cpp, line 520]
Event: 22303.330 Thread 0x000001a3837b4aa0 Exception <a 'sun/nio/fs/WindowsException'{0x00000007c8f30d08}> (0x00000007c8f30d08) 
thrown [s\src\hotspot\share\prims\jni.cpp, line 520]
Event: 22303.330 Thread 0x000001a3832b85b0 Exception <a 'sun/nio/fs/WindowsException'{0x00000007c8ca3b70}> (0x00000007c8ca3b70) 
thrown [s\src\hotspot\share\prims\jni.cpp, line 520]
Event: 22303.330 Thread 0x000001a383879e60 Exception <a 'sun/nio/fs/WindowsException'{0x00000007c8062ea8}> (0x00000007c8062ea8) 
thrown [s\src\hotspot\share\prims\jni.cpp, line 520]
Event: 22303.330 Thread 0x000001a383877d90 Exception <a 'sun/nio/fs/WindowsException'{0x00000007c80c1f40}> (0x00000007c80c1f40) 
thrown [s\src\hotspot\share\prims\jni.cpp, line 520]
Event: 22303.331 Thread 0x000001a383877700 Exception <a 'sun/nio/fs/WindowsException'{0x00000007c8192cb8}> (0x00000007c8192cb8) 
thrown [s\src\hotspot\share\prims\jni.cpp, line 520]
Event: 22303.331 Thread 0x000001a3837b57c0 Exception <a 'sun/nio/fs/WindowsException'{0x00000007c8ff9010}> (0x00000007c8ff9010) 
thrown [s\src\hotspot\share\prims\jni.cpp, line 520]
Event: 22303.331 Thread 0x000001a3832b92d0 Exception <a 'sun/nio/fs/WindowsException'{0x00000007c81e8d60}> (0x00000007c81e8d60) 
thrown [s\src\hotspot\share\prims\jni.cpp, line 520]
Event: 22303.331 Thread 0x000001a3837b5e50 Exception <a 'sun/nio/fs/WindowsException'{0x00000007c80fb968}> (0x00000007c80fb968) 
thrown [s\src\hotspot\share\prims\jni.cpp, line 520]
Event: 22303.331 Thread 0x000001a3832b8c40 Exception <a 'sun/nio/fs/WindowsException'{0x00000007c8da0e50}> (0x00000007c8da0e50) 
thrown [s\src\hotspot\share\prims\jni.cpp, line 520]
Event: 22303.333 Thread 0x000001a3832b7f20 Exception <a 'sun/nio/fs/WindowsException'{0x00000007c8f65188}> (0x00000007c8f65188) 
thrown [s\src\hotspot\share\prims\jni.cpp, line 520]
Event: 22303.336 Thread 0x000001a383878420 Exception <a 'sun/nio/fs/WindowsException'{0x00000007c81c0dc0}> (0x00000007c81c0dc0) 
thrown [s\src\hotspot\share\prims\jni.cpp, line 520]
Event: 22303.336 Thread 0x000001a3837b4aa0 Exception <a 'sun/nio/fs/WindowsException'{0x00000007c8f33f18}> (0x00000007c8f33f18) 
thrown [s\src\hotspot\share\prims\jni.cpp, line 520]
Event: 22303.337 Thread 0x000001a383877d90 Exception <a 'sun/nio/fs/WindowsException'{0x00000007c80c51e0}> (0x00000007c80c51e0) 
thrown [s\src\hotspot\share\prims\jni.cpp, line 520]
Event: 22303.337 Thread 0x000001a3832b85b0 Exception <a 'sun/nio/fs/WindowsException'{0x00000007c8ca6e78}> (0x00000007c8ca6e78) 
thrown [s\src\hotspot\share\prims\jni.cpp, line 520]
Event: 22303.337 Thread 0x000001a383877700 Exception <a 'sun/nio/fs/WindowsException'{0x00000007c8195fb8}> (0x00000007c8195fb8) 
thrown [s\src\hotspot\share\prims\jni.cpp, line 520]
Event: 22303.339 Thread 0x000001a3838797d0 Exception <a 'sun/nio/fs/WindowsException'{0x00000007c8169fe0}> (0x00000007c8169fe0) 
thrown [s\src\hotspot\share\prims\jni.cpp, line 520]
Event: 22303.339 Thread 0x000001a383879140 Exception <a 'sun/nio/fs/WindowsException'{0x00000007c813ebe8}> (0x00000007c813ebe8) 
thrown [s\src\hotspot\share\prims\jni.cpp, line 520]
Event: 22303.339 Thread 0x000001a3832b9960 Exception <a 'sun/nio/fs/WindowsException'{0x00000007c80538f8}> (0x00000007c80538f8) 
thrown [s\src\hotspot\share\prims\jni.cpp, line 520]
Event: 22303.340 Thread 0x000001a3837b57c0 Exception <a 'sun/nio/fs/WindowsException'{0x00000007c8ffc300}> (0x00000007c8ffc300) 
thrown [s\src\hotspot\share\prims\jni.cpp, line 520]

ZGC Phase Switch (0 events):
No events

VM Operations (20 events):
Event: 22315.402 Executing VM operation: G1CollectForAllocation (G1 Evacuation Pause) done
Event: 22315.402 Executing VM operation: G1CollectForAllocation (GCLocker Initiated GC)
Event: 22315.613 Executing VM operation: G1CollectForAllocation (GCLocker Initiated GC) done
Event: 22316.067 Executing VM operation: G1CollectForAllocation (G1 Evacuation Pause)
Event: 22316.067 Executing VM operation: G1CollectForAllocation (G1 Evacuation Pause) done
Event: 22316.067 Executing VM operation: G1CollectForAllocation (GCLocker Initiated GC)
Event: 22316.277 Executing VM operation: G1CollectForAllocation (GCLocker Initiated GC) done
Event: 22316.826 Executing VM operation: G1CollectForAllocation (G1 Evacuation Pause)
Event: 22317.118 Executing VM operation: G1CollectForAllocation (G1 Evacuation Pause) done
Event: 22317.918 Executing VM operation: G1CollectForAllocation (G1 Evacuation Pause)
Event: 22317.932 Executing VM operation: G1CollectForAllocation (G1 Evacuation Pause) done
Event: 22317.933 Executing VM operation: G1CollectForAllocation (GCLocker Initiated GC)
Event: 22318.393 Executing VM operation: G1CollectForAllocation (GCLocker Initiated GC) done
Event: 22319.419 Executing VM operation: G1CollectForAllocation (G1 Evacuation Pause)
Event: 22319.715 Executing VM operation: G1CollectForAllocation (G1 Evacuation Pause) done
Event: 22320.393 Executing VM operation: G1CollectForAllocation (G1 Evacuation Pause)
Event: 22320.393 Executing VM operation: G1CollectForAllocation (G1 Evacuation Pause) done
Event: 22320.393 Executing VM operation: G1CollectForAllocation (GCLocker Initiated GC)
Event: 22320.539 Executing VM operation: G1CollectForAllocation (GCLocker Initiated GC) done
Event: 22321.138 Executing VM operation: G1CollectForAllocation (G1 Evacuation Pause)

Memory protections (0 events):
No events

Nmethod flushes (20 events):
Event: 8918.127 Thread 0x000001a33149d790 flushing  nmethod 0x000001a31696b590
Event: 8918.127 Thread 0x000001a33149d790 flushing  nmethod 0x000001a31696bd10
Event: 8918.127 Thread 0x000001a33149d790 flushing  nmethod 0x000001a31696c410
Event: 8918.127 Thread 0x000001a33149d790 flushing  nmethod 0x000001a31696cd90
Event: 8918.127 Thread 0x000001a33149d790 flushing  nmethod 0x000001a3169d5010
Event: 8918.127 Thread 0x000001a33149d790 flushing  nmethod 0x000001a3169d5490
Event: 8918.127 Thread 0x000001a33149d790 flushing  nmethod 0x000001a3169d6810
Event: 8918.127 Thread 0x000001a33149d790 flushing  nmethod 0x000001a3169d6c90
Event: 8918.127 Thread 0x000001a33149d790 flushing  nmethod 0x000001a3169d7110
Event: 8918.127 Thread 0x000001a33149d790 flushing  nmethod 0x000001a3169d7810
Event: 8918.127 Thread 0x000001a33149d790 flushing  nmethod 0x000001a3169d8010
Event: 8918.127 Thread 0x000001a33149d790 flushing  nmethod 0x000001a3169d8610
Event: 8918.127 Thread 0x000001a33149d790 flushing  nmethod 0x000001a3169d9990
Event: 8918.127 Thread 0x000001a33149d790 flushing  nmethod 0x000001a3169da290
Event: 8918.127 Thread 0x000001a33149d790 flushing  nmethod 0x000001a3169db710
Event: 8918.127 Thread 0x000001a33149d790 flushing  nmethod 0x000001a3169dbb10
Event: 8918.127 Thread 0x000001a33149d790 flushing  nmethod 0x000001a3169dbf90
Event: 8918.127 Thread 0x000001a33149d790 flushing  nmethod 0x000001a3169dc410
Event: 8918.127 Thread 0x000001a33149d790 flushing  nmethod 0x000001a3169dca10
Event: 8918.127 Thread 0x000001a33149d790 flushing  nmethod 0x000001a3169dd290

Events (20 events):
Event: 22301.866 Thread 0x000001a3066b22f0 Thread added: 0x000001a3837b4aa0
Event: 22301.882 Thread 0x000001a3837b4aa0 Thread added: 0x000001a383877700
Event: 22301.882 Thread 0x000001a3837b4aa0 Thread added: 0x000001a3838797d0
Event: 22301.883 Thread 0x000001a3837b4aa0 Thread added: 0x000001a383879e60
Event: 22301.883 Thread 0x000001a3837b4aa0 Thread added: 0x000001a383877d90
Event: 22301.883 Thread 0x000001a3837b4aa0 Thread added: 0x000001a383878420
Event: 22301.883 Thread 0x000001a3837b4aa0 Thread added: 0x000001a383879140
Event: 22301.884 Thread 0x000001a3837b4aa0 Thread added: 0x000001a3832b92d0
Event: 22301.884 Thread 0x000001a3837b4aa0 Thread added: 0x000001a3832b85b0
Event: 22301.884 Thread 0x000001a3837b4aa0 Thread added: 0x000001a3832b7f20
Event: 22301.884 Thread 0x000001a3837b4aa0 Thread added: 0x000001a3832b8c40
Event: 22301.885 Thread 0x000001a3837b4aa0 Thread added: 0x000001a3832b9960
Event: 22301.885 Thread 0x000001a3837b4aa0 Thread added: 0x000001a3837b57c0
Event: 22301.885 Thread 0x000001a3837b4aa0 Thread added: 0x000001a3837b5e50
Event: 22301.955 Thread 0x000001a3314bfe00 Thread added: 0x000001a382e60940
Event: 22303.334 Thread 0x000001a382e60940 Thread exited: 0x000001a382e60940
Event: 22303.410 Thread 0x000001a3314bfe00 Thread added: 0x000001a379538650
Event: 22306.744 Thread 0x000001a379538650 Thread exited: 0x000001a379538650
Event: 22307.588 Thread 0x000001a3314bfe00 Thread added: 0x000001a37c239270
Event: 22317.668 Thread 0x000001a37c239270 Thread exited: 0x000001a37c239270


Dynamic libraries:
0x00007ff605640000 - 0x00007ff60564e000 	D:\jdks\21\jdk\bin\java.exe
0x00007ffdd0060000 - 0x00007ffdd02c8000 	C:\WINDOWS\SYSTEM32\ntdll.dll
0x00007ffdcf5b0000 - 0x00007ffdcf679000 	C:\WINDOWS\System32\KERNEL32.DLL
0x00007ffdcda30000 - 0x00007ffdcde22000 	C:\WINDOWS\System32\KERNELBASE.dll
0x00007ffdcd8e0000 - 0x00007ffdcda2b000 	C:\WINDOWS\System32\ucrtbase.dll
0x00007ffdbfb30000 - 0x00007ffdbfb49000 	D:\jdks\21\jdk\bin\jli.dll
0x00007ffdbf8d0000 - 0x00007ffdbf8ee000 	D:\jdks\21\jdk\bin\VCRUNTIME140.dll
0x00007ffdcfe50000 - 0x00007ffdd0015000 	C:\WINDOWS\System32\USER32.dll
0x00007ffdad310000 - 0x00007ffdad5a3000 	C:\WINDOWS\WinSxS\amd64_microsoft.windows.common-controls_6595b64144ccf1df_6.0.26100.6899_none_3e0efeeae32e88c1\COMCTL32.dll
0x00007ffdcd5c0000 - 0x00007ffdcd5e7000 	C:\WINDOWS\System32\win32u.dll
0x00007ffdcf180000 - 0x00007ffdcf229000 	C:\WINDOWS\System32\msvcrt.dll
0x00007ffdcfd60000 - 0x00007ffdcfd8b000 	C:\WINDOWS\System32\GDI32.dll
0x00007ffdcd490000 - 0x00007ffdcd5bd000 	C:\WINDOWS\System32\gdi32full.dll
0x00007ffdcd280000 - 0x00007ffdcd323000 	C:\WINDOWS\System32\msvcp_win.dll
0x00007ffdcea00000 - 0x00007ffdcea2f000 	C:\WINDOWS\System32\IMM32.DLL
0x00007ffdbb180000 - 0x00007ffdbb18c000 	D:\jdks\21\jdk\bin\vcruntime140_1.dll
0x00007ffda2f40000 - 0x00007ffda2fcd000 	D:\jdks\21\jdk\bin\msvcp140.dll
0x00007ffd4b1f0000 - 0x00007ffd4bfcd000 	D:\jdks\21\jdk\bin\server\jvm.dll
0x00007ffdcf0c0000 - 0x00007ffdcf174000 	C:\WINDOWS\System32\ADVAPI32.dll
0x00007ffdcde30000 - 0x00007ffdcded6000 	C:\WINDOWS\System32\sechost.dll
0x00007ffdcfc40000 - 0x00007ffdcfd58000 	C:\WINDOWS\System32\RPCRT4.dll
0x00007ffdcf040000 - 0x00007ffdcf0b4000 	C:\WINDOWS\System32\WS2_32.dll
0x00007ffdcd050000 - 0x00007ffdcd0ae000 	C:\WINDOWS\SYSTEM32\POWRPROF.dll
0x00007ffdc0450000 - 0x00007ffdc0485000 	C:\WINDOWS\SYSTEM32\WINMM.dll
0x00007ffdb9c50000 - 0x00007ffdb9c5b000 	C:\WINDOWS\SYSTEM32\VERSION.dll
0x00007ffdcd030000 - 0x00007ffdcd044000 	C:\WINDOWS\SYSTEM32\UMPDC.dll
0x00007ffdcbfc0000 - 0x00007ffdcbfdb000 	C:\WINDOWS\SYSTEM32\kernel.appcore.dll
0x00007ffdbb170000 - 0x00007ffdbb17a000 	D:\jdks\21\jdk\bin\jimage.dll
0x00007ffdcaa50000 - 0x00007ffdcac92000 	C:\WINDOWS\SYSTEM32\DBGHELP.DLL
0x00007ffdcf8b0000 - 0x00007ffdcfc2b000 	C:\WINDOWS\System32\combase.dll
0x00007ffdcf2d0000 - 0x00007ffdcf3a7000 	C:\WINDOWS\System32\OLEAUT32.dll
0x00007ffda9760000 - 0x00007ffda979c000 	C:\WINDOWS\SYSTEM32\dbgcore.DLL
0x00007ffdcd3f0000 - 0x00007ffdcd488000 	C:\WINDOWS\System32\bcryptPrimitives.dll
0x00007ffda85a0000 - 0x00007ffda85b0000 	D:\jdks\21\jdk\bin\instrument.dll
0x00007ffdbb140000 - 0x00007ffdbb162000 	D:\jdks\21\jdk\bin\java.dll
0x00007ffdce050000 - 0x00007ffdce79d000 	C:\WINDOWS\System32\SHELL32.dll
0x00007ffdcd5f0000 - 0x00007ffdcd75b000 	C:\WINDOWS\System32\wintypes.dll
0x00007ffdcaca0000 - 0x00007ffdcb4fd000 	C:\WINDOWS\SYSTEM32\windows.storage.dll
0x00007ffdcdf50000 - 0x00007ffdce042000 	C:\WINDOWS\System32\SHCORE.dll
0x00007ffdcf540000 - 0x00007ffdcf5a2000 	C:\WINDOWS\System32\shlwapi.dll
0x00007ffdcd110000 - 0x00007ffdcd139000 	C:\WINDOWS\SYSTEM32\profapi.dll
0x00007ffd93c40000 - 0x00007ffd93d17000 	D:\jdks\21\jdk\bin\jsvml.dll
0x00007ffdae810000 - 0x00007ffdae828000 	D:\jdks\21\jdk\bin\zip.dll
0x00007ffdbb120000 - 0x00007ffdbb132000 	D:\jdks\21\jdk\bin\net.dll
0x00007ffdc3210000 - 0x00007ffdc332f000 	C:\WINDOWS\SYSTEM32\WINHTTP.dll
0x00007ffdcc530000 - 0x00007ffdcc59b000 	C:\WINDOWS\system32\mswsock.dll
0x00007ffdaf540000 - 0x00007ffdaf556000 	D:\jdks\21\jdk\bin\nio.dll
0x00007ffdb27b0000 - 0x00007ffdb27c0000 	D:\jdks\21\jdk\bin\verify.dll
0x00007ffda9bb0000 - 0x00007ffda9bd7000 	C:\Users\Wilfred\.gradle\native\c067742578af261105cb4f569cf0c3c89f3d7b1fecec35dd04571415982c5e48\windows-amd64\native-platform.dll
0x00007ffd7b9f0000 - 0x00007ffd7bb34000 	C:\Users\Wilfred\.gradle\native\100fb08df4bc3b14c8652ba06237920a3bd2aa13389f12d3474272988ae205f9\windows-amd64\native-platform-file-events.dll
0x00007ffda9610000 - 0x00007ffda961a000 	D:\jdks\21\jdk\bin\management.dll
0x00007ffda9150000 - 0x00007ffda915c000 	D:\jdks\21\jdk\bin\management_ext.dll
0x00007ffdcf2c0000 - 0x00007ffdcf2c8000 	C:\WINDOWS\System32\PSAPI.DLL
0x00007ffdcc7e0000 - 0x00007ffdcc7fb000 	C:\WINDOWS\SYSTEM32\CRYPTSP.dll
0x00007ffdcbf20000 - 0x00007ffdcbf5b000 	C:\WINDOWS\system32\rsaenh.dll
0x00007ffdcc5d0000 - 0x00007ffdcc5fb000 	C:\WINDOWS\SYSTEM32\USERENV.dll
0x00007ffdcd0e0000 - 0x00007ffdcd106000 	C:\WINDOWS\SYSTEM32\bcrypt.dll
0x00007ffdcc800000 - 0x00007ffdcc80c000 	C:\WINDOWS\SYSTEM32\CRYPTBASE.dll
0x00007ffdcba40000 - 0x00007ffdcba74000 	C:\WINDOWS\SYSTEM32\IPHLPAPI.DLL
0x00007ffdcdee0000 - 0x00007ffdcdeea000 	C:\WINDOWS\System32\NSI.dll
0x00007ffda85b0000 - 0x00007ffda85b9000 	D:\jdks\21\jdk\bin\extnet.dll
0x00007ffda8590000 - 0x00007ffda859e000 	D:\jdks\21\jdk\bin\sunmscapi.dll
0x00007ffdcd760000 - 0x00007ffdcd8d7000 	C:\WINDOWS\System32\CRYPT32.dll
0x00007ffdcca00000 - 0x00007ffdcca30000 	C:\WINDOWS\SYSTEM32\ncrypt.dll
0x00007ffdcc9b0000 - 0x00007ffdcc9ef000 	C:\WINDOWS\SYSTEM32\NTASN1.dll
0x00007ffd5d8c0000 - 0x00007ffd5d8c8000 	C:\WINDOWS\system32\wshunix.dll
0x00007ffdcba80000 - 0x00007ffdcbba6000 	C:\WINDOWS\SYSTEM32\DNSAPI.dll
0x00007ffdc2eb0000 - 0x00007ffdc2ebb000 	C:\Windows\System32\rasadhlp.dll
0x00007ffdc45b0000 - 0x00007ffdc4636000 	C:\WINDOWS\System32\fwpuclnt.dll
0x00007ffd9e0f0000 - 0x00007ffd9e108000 	C:\WINDOWS\system32\napinsp.dll
0x00007ffd9e010000 - 0x00007ffd9e022000 	C:\WINDOWS\System32\winrnr.dll
0x00007ffd9dfe0000 - 0x00007ffd9e008000 	C:\WINDOWS\system32\nlansp_c.dll
0x00007ffdb6f30000 - 0x00007ffdb6f46000 	C:\WINDOWS\system32\wshbth.dll
0x00007ffda78e0000 - 0x00007ffda7929000 	C:\Users\Wilfred\AppData\Local\Temp\jna--1282605787\jna17347476519384162173.dll
0x00007ffdcf690000 - 0x00007ffdcf828000 	C:\WINDOWS\System32\Ole32.dll
0x00007ffdcfd90000 - 0x00007ffdcfe41000 	C:\WINDOWS\System32\clbcatq.dll
0x00007ffdafd30000 - 0x00007ffdafd4d000 	C:\WINDOWS\SYSTEM32\amsi.dll
0x00007ffd57210000 - 0x00007ffd572b2000 	C:\ProgramData\Microsoft\Windows Defender\Platform\4.18.25090.3009-0\MpOav.dll
0x00007ffda8e20000 - 0x00007ffda8e76000 	C:\WINDOWS\SYSTEM32\Pdh.dll
0x00007ffda67e0000 - 0x00007ffda67f1000 	C:\WINDOWS\System32\perfdisk.dll
0x00007ffdc42c0000 - 0x00007ffdc42d3000 	C:\WINDOWS\System32\WMICLNT.dll
0x00007ffdca0c0000 - 0x00007ffdca16a000 	C:\WINDOWS\system32\uxtheme.dll
0x00007ffdccd70000 - 0x00007ffdccdc7000 	C:\WINDOWS\SYSTEM32\cfgmgr32.dll
0x00007ffdc9c70000 - 0x00007ffdc9c9a000 	C:\WINDOWS\SYSTEM32\Wtsapi32.dll
0x00007ffdcc260000 - 0x00007ffdcc2a9000 	C:\WINDOWS\SYSTEM32\SspiCli.dll
0x00007ffdcce00000 - 0x00007ffdcce63000 	C:\WINDOWS\SYSTEM32\WINSTA.dll
0x000001a300fd0000 - 0x000001a300fd3000 	C:\WINDOWS\SYSTEM32\Security.dll
0x00007ffdcc0e0000 - 0x00007ffdcc116000 	C:\WINDOWS\SYSTEM32\ntmarta.dll
0x00007ffdc5540000 - 0x00007ffdc5552000 	C:\WINDOWS\System32\perfproc.dll

dbghelp: loaded successfully - version: 4.0.5 - missing functions: none
symbol engine: initialized successfully - sym options: 0x614 - pdb path: .;D:\jdks\21\jdk\bin;C:\WINDOWS\SYSTEM32;C:\WINDOWS\WinSxS\amd64_microsoft.windows.common-controls_6595b64144ccf1df_6.0.26100.6899_none_3e0efeeae32e88c1;D:\jdks\21\jdk\bin\server;C:\Users\Wilfred\.gradle\native\c067742578af261105cb4f569cf0c3c89f3d7b1fecec35dd04571415982c5e48\windows-amd64;C:\Users\Wilfred\.gradle\native\100fb08df4bc3b14c8652ba06237920a3bd2aa13389f12d3474272988ae205f9\windows-amd64;C:\Users\Wilfred\AppData\Local\Temp\jna--1282605787;C:\ProgramData\Microsoft\Windows Defender\Platform\4.18.25090.3009-0

VM Arguments:
jvm_args: --add-exports=jdk.compiler/com.sun.tools.javac.api=ALL-UNNAMED --add-exports=jdk.compiler/com.sun.tools.javac.file=ALL-UNNAMED --add-exports=jdk.compiler/com.sun.tools.javac.parser=ALL-UNNAMED --add-exports=jdk.compiler/com.sun.tools.javac.tree=ALL-UNNAMED --add-exports=jdk.compiler/com.sun.tools.javac.util=ALL-UNNAMED --add-exports=java.naming/com.sun.jndi.ldap=ALL-UNNAMED --add-opens=java.base/java.lang=ALL-UNNAMED --add-opens=java.base/java.lang.invoke=ALL-UNNAMED --add-opens=java.base/java.io=ALL-UNNAMED --add-opens=java.base/java.security=ALL-UNNAMED --add-opens=java.base/java.util=ALL-UNNAMED --add-opens=java.management/javax.management=ALL-UNNAMED --add-opens=java.naming/javax.naming=ALL-UNNAMED --add-opens=java.rmi/sun.rmi.transport=null --add-opens=java.base/java.util=ALL-UNNAMED --add-opens=java.base/java.lang=ALL-UNNAMED --add-opens=java.base/java.lang.invoke=ALL-UNNAMED --add-opens=java.prefs/java.util.prefs=ALL-UNNAMED --add-exports=jdk.compiler/com.sun.tools.javac.api=ALL-UNNAMED --add-exports=jdk.compiler/com.sun.tools.javac.util=ALL-UNNAMED --add-opens=java.base/java.nio.charset=ALL-UNNAMED --add-opens=java.base/java.net=ALL-UNNAMED --add-opens=java.base/java.util.concurrent.atomic=ALL-UNNAMED -Xmx12g -Dfile.encoding=UTF-8 -Duser.country=US -Duser.language=en -Duser.variant -javaagent:C:\Users\Wilfred\.gradle\wrapper\dists\gradle-8.10.2-bin\a04bxjujx95o3nb99gddekhwo\gradle-8.10.2\lib\agents\gradle-instrumentation-agent-8.10.2.jar 
java_command: org.gradle.launcher.daemon.bootstrap.GradleDaemon 8.10.2
java_class_path (initial): C:\Users\Wilfred\.gradle\wrapper\dists\gradle-8.10.2-bin\a04bxjujx95o3nb99gddekhwo\gradle-8.10.2\lib\gradle-daemon-main-8.10.2.jar
Launcher Type: SUN_STANDARD

[Global flags]
     intx CICompilerCount                          = 4                                         {product} {ergonomic}
     uint ConcGCThreads                            = 2                                         {product} {ergonomic}
     uint G1ConcRefinementThreads                  = 8                                         {product} {ergonomic}
   size_t G1HeapRegionSize                         = 8388608                                   {product} {ergonomic}
    uintx GCDrainStackTargetSize                   = 64                                        {product} {ergonomic}
   size_t InitialHeapSize                          = 134217728                                 {product} {ergonomic}
   size_t MarkStackSize                            = 4194304                                   {product} {ergonomic}
   size_t MaxHeapSize                              = 12884901888                               {product} {command line}
   size_t MaxNewSize                               = 7725907968                                {product} {ergonomic}
   size_t MinHeapDeltaBytes                        = 8388608                                   {product} {ergonomic}
   size_t MinHeapSize                              = 8388608                                   {product} {ergonomic}
    uintx NonNMethodCodeHeapSize                   = 5839372                                {pd product} {ergonomic}
    uintx NonProfiledCodeHeapSize                  = 122909434                              {pd product} {ergonomic}
    uintx ProfiledCodeHeapSize                     = 122909434                              {pd product} {ergonomic}
    uintx ReservedCodeCacheSize                    = 251658240                              {pd product} {ergonomic}
     bool SegmentedCodeCache                       = true                                      {product} {ergonomic}
   size_t SoftMaxHeapSize                          = 12884901888                            {manageable} {ergonomic}
     bool UseCompressedOops                        = true                           {product lp64_product} {ergonomic}
     bool UseG1GC                                  = true                                      {product} {ergonomic}
     bool UseLargePagesIndividualAllocation        = false                                  {pd product} {ergonomic}

Logging:
Log output configuration:
 #0: stdout all=warning uptime,level,tags foldmultilines=false
 #1: stderr all=off uptime,level,tags foldmultilines=false

Environment Variables:
JAVA_HOME=D:\jdks\21\jdk
CLASSPATH=D:\projects\fineract\\gradle\wrapper\gradle-wrapper.jar
PATH=C:\Program Files\Microsoft SDKs\Azure\CLI2\wbin;C:\WINDOWS\system32;C:\WINDOWS;C:\WINDOWS\System32\Wbem;C:\WINDOWS\System32\WindowsPowerShell\v1.0\;C:\WINDOWS\System32\OpenSSH\;d:\Program Files\Microsoft VS Code\bin;D:\Program Files\PostgreSQL\14\bin;D:\gradle-7.4.2-bin\gradle-7.4.2\bin;C:\Users\Wilfred\AppData\Local\Programs\Python\Python310\Scripts;C:\Program Files\Microsoft\Web Platform Installer\;D:\apache-maven-3.9.2-bin\apache-maven-3.9.2\bin;C:\Program Files\MariaDB 11.3\bin;C:\Program Files (x86)\Microsoft SQL Server\160\DTS\Binn\;C:\Program Files\Azure Data Studio\bin;C:\Program Files\Microsoft SQL Server\Client SDK\ODBC\170\Tools\Binn\;C:\Program Files (x86)\Microsoft SQL Server\150\Tools\Binn\;C:\Program Files\Microsoft SQL Server\150\Tools\Binn\;C:\Program Files\Microsoft SQL Server\150\DTS\Binn\;C:\Program Files (x86)\Microsoft SQL Server\160\Tools\Binn\;C:\Program Files\Microsoft SQL Server\160\Tools\Binn\;C:\Program Files\Microsoft SQL Server\160\DTS\Binn\;C:\Program Files\Amazon\AWSCLIV2\;C:\Program Files\MariaDB 11.3\bin;D:\jdks\21\jdk\bin;D:\Program Files\PuTTY\;d:\Program Files\Git\cmd;C:\Program Files\MariaDB 11.7\bin;;C:\Program Files\Docker\Docker\resources\bin;D:\Program Files\nodejs\;C:\Users\Wilfred\AppData\Local\pnpm;C:\Users\Wilfred\AppData\Local\Microsoft\WindowsApps;D:\Program Files\JetBrains\IntelliJ IDEA Community Edition 2024.2.4\bin;;d:\Program Files\heroku\bin;C:\Users\Wilfred\.ebcli-virtual-env\executables;C:\Users\Wilfred\AppData\Local\Android\Sdk\platform-tools;C:\Users\Wilfred\AppData\Local\GitHubDesktop\bin;;C:\Program Files\Azure Data Studio\bin;C:\Users\Wilfred\AppData\Roaming\npm;D:\Program Files\JetBrains\IntelliJ IDEA 2025.2.3\bin
USERNAME=Wilfred
OS=Windows_NT
PROCESSOR_IDENTIFIER=Intel64 Family 6 Model 140 Stepping 1, GenuineIntel
TMP=C:\Users\Wilfred\AppData\Local\Temp
TEMP=C:\Users\Wilfred\AppData\Local\Temp




Periodic native trim disabled

---------------  S Y S T E M  ---------------

OS:
 Windows 11 , 64 bit Build 26100 (10.0.26100.6725)
OS uptime: 2 days 2:06 hours
Hyper-V role detected

CPU: total 8 (initial active 8) (4 cores per cpu, 2 threads per core) family 6 model 140 stepping 1 microcode 0xb4, cx8, cmov, fxsr, ht, mmx, 3dnowpref, sse, sse2, sse3, ssse3, sse4.1, sse4.2, popcnt, lzcnt, tsc, tscinvbit, avx, avx2, aes, erms, clmul, bmi1, bmi2, adx, avx512f, avx512dq, avx512cd, avx512bw, avx512vl, sha, fma, vzeroupper, avx512_vpopcntdq, avx512_vpclmulqdq, avx512_vaes, avx512_vnni, clflush, clflushopt, clwb, avx512_vbmi2, avx512_vbmi, hv, rdtscp, rdpid, fsrm, gfni, avx512_bitalg, f16c, cet_ibt, cet_ss, avx512_ifma
Processor Information for the first 8 processors :
  Max Mhz: 2701, Current Mhz: 2701, Mhz Limit: 2701

Memory: 4k page, system-wide physical 7834M (458M free)
TotalPageFile size 31376M (AvailPageFile size 325M)
current process WorkingSet (physical memory assigned to process): 868M, peak: 3135M
current process commit charge ("private bytes"): 10864M, peak: 12688M

vm_info: OpenJDK 64-Bit Server VM (21.0.7+6-LTS) for windows-amd64 JRE (21.0.7+6-LTS) (Zulu21.42+19-CA), built on 2025-04-07T10:58:55Z by "zulu_re" with MS VC++ 17.1 (VS2022)

END.
